Rank	Player	Team	Position(s)	ADP	Min Pick	Max Pick	Difference	# Picks	Team	Team Pick
1	Acuna Jr., Ronald	ATL	OF	1.76	1	6		174		
2	Tatis Jr., Fernando	SD	SS	2.58	1	6		174		
3	Betts, Mookie	LAD	OF	3.60	1	8		174		
4	Soto, Juan	WAS	OF	3.90	1	8		174		
5	Trout, Mike	LAA	OF	6.10	1	11		174		
6	Cole, Gerrit	NYY	P	6.22	1	15		174		
7	deGrom, Jacob	NYM	P	6.30	1	13		174		
8	Turner, Trea	WAS	SS	7.28	1	14		174		
9	Bieber, Shane	CLE	P	9.39	3	15		174		
10	Ramirez, Jose	CLE	3B	10.98	1	22		174		
11	Yelich, Christian	MLW	OF	11.67	1	18		174		
12	Story, Trevor	COL	SS	11.70	6	20		174		
13	Freeman, Freddie	ATL	1B	12.70	6	23		174		
14	Bellinger, Cody	LAD	1B, OF	16.07	9	25		174		
15	Bauer, Trevor	LAD	P	16.28	9	25		174		
16	Lindor, Francisco	NYM	SS	17.09	9	29		174		
17	Darvish, Yu	SD	P	17.14	9	25		174		
18	Giolito, Lucas	CWS	P	18.45	10	31		174		
19	Buehler, Walker	LAD	P	20.09	12	36		174		
20	Harper, Bryce	PHI	OF	20.19	7	29		174		
21	Machado, Manny	SD	3B	21.63	13	35		174		
22	Nola, Aaron	PHI	P	22.39	11	33		174		
23	Mondesi, Adalberto	KC	SS	23.26	12	47		174		
24	Bichette, Bo	TOR	SS	24.47	13	40		174		
25	Castillo, Luis	CIN	P	27.37	17	48		174		
26	LeMahieu, DJ	NYY	1B, 2B, 3B	28.59	11	51		174		
27	Scherzer, Max	WAS	P	28.82	15	46		174		
28	Flaherty, Jack	STL	P	30.57	18	51		174		
29	Tucker, Kyle	HOU	OF	31.40	17	49		174		
30	Woodruff, Brandon	MLW	P	33.79	21	54		174		
31	Realmuto, J.T.	PHI	C	34.21	15	54		174		
32	Albies, Ozzie	ATL	2B	34.44	16	52		174		
33	Arenado, Nolan	STL	3B	34.46	14	67		174		
34	Kershaw, Clayton	LAD	P	34.80	24	56		174		
35	Jimenez, Eloy	CWS	OF	34.88	21	50		174		
36	Bogaerts, Xander	BOS	SS	35.05	16	54		174		
37	Robert, Luis	CWS	OF	36.44	18	56		174		
38	Seager, Corey	LAD	SS	37.03	21	54		174		
39	Abreu, Jose	CWS	1B	37.59	18	56		174		
40	Merrifield, Whit	KC	2B, OF	39.44	22	55		174		
41	Gallen, Zac	ARZ	P	40.62	26	69		174		
42	Anderson, Tim	CWS	SS	42.06	21	66		174		
43	Rendon, Anthony	LAA	3B	42.07	25	55		174		
44	Bregman, Alex	HOU	3B	42.60	23	59		174		
45	Devers, Rafael	BOS	3B	42.64	24	54		174		
46	Snell, Blake	SD	P	45.12	19	73		174		
47	Maeda, Kenta	MIN	P	47.75	14	72		174		
48	Ozuna, Marcell	ATL	OF	48.43	26	65		174		
49	Marte, Starling	MIA	OF	50.57	29	75		174		
50	Springer, George	TOR	OF	50.92	22	68		174		
51	Glasnow, Tyler	TB	P	51.68	26	88		174		
52	Lynn, Lance	CWS	P	52.01	31	71		174		
53	Guerrero Jr., Vladimir	TOR	1B	55.55	36	84		174		
54	Arozarena, Randy	TB	OF	56.99	24	91		174		
55	Alonso, Pete	NYM	1B	57.82	40	79		174		
56	Judge, Aaron	NYY	OF	58.29	28	88		174		
57	Hader, Josh	MLW	P	58.49	38	95		174		
58	Biggio, Cavan	TOR	2B, 3B, OF	60.72	42	84		174		
59	Burnes, Corbin	MLW	P	60.98	46	93		174		
60	Hendriks, Liam	CWS	P	61.33	43	103		174		
61	Voit, Luke	NYY	1B	61.93	34	94		174		
62	Carrasco, Carlos	NYM	P	64.72	36	97		174		
63	Plesac, Zach	CLE	P	65.72	41	95		174		
64	Gray, Sonny	CIN	P	66.06	40	102		174		
65	Fried, Max	ATL	P	66.14	40	99		174		
66	Grisham, Trent	SD	OF	66.51	42	97		174		
67	Hiura, Keston	MLW	2B	69.34	42	92		174		
68	Torres, Gleyber	NYY	SS	70.13	50	105		174		
69	Strasburg, Stephen	WAS	P	71.17	46	118		174		
70	Lowe, Brandon	TB	2B, OF	71.82	50	114		174		
71	Baez, Javier	CHC	SS	72.88	48	104		174		
72	Conforto, Michael	NYM	OF	73.30	49	104		174		
73	Ryu, Hyun Jin	TOR	P	74.28	47	115		174		
74	Hernandez, Teoscar	TOR	OF	75.40	55	104		174		
75	Perez, Salvador	KC	C	76.15	39	124		174		
76	Chapman, Aroldis	NYY	P	76.53	56	127		174		
77	Suarez, Eugenio	CIN	3B	78.60	54	102		174		
78	Marte, Ketel	ARZ	2B	80.55	53	118		174		
79	Diaz, Edwin	NYM	P	82.39	58	165		174		
80	Gurriel Jr., Lourdes	TOR	OF	83.60	62	113		174		
81	Castellanos, Nick	CIN	OF	84.12	55	106		174		
82	Alvarez, Yordan	HOU	UT	84.50	42	127		174		
83	Moncada, Yoan	CWS	3B	85.04	56	119		174		
84	Berrios, Jose	MIN	P	85.10	62	115		174		
85	Hendricks, Kyle	CHC	P	85.20	55	117		174		
86	Lamet, Dinelson	SD	P	86.75	49	178		174		
87	McNeil, Jeff	NYM	2B, 3B, OF	86.90	52	120		174		
88	Blackmon, Charlie	COL	OF	89.21	57	124		174		
89	Olson, Matt	OAK	1B	90.16	51	124		174		
90	Iglesias, Raisel	LAA	P	91.96	64	153		174		
91	Muncy, Max	LAD	1B, 2B, 3B	94.24	49	140		174		
92	Wheeler, Zack	PHI	P	94.55	64	142		174		
93	Martinez, J.D.	BOS	UT	95.61	57	132		174		
94	Meadows, Austin	TB	OF	95.86	64	130		174		
95	Valdez, Framber	HOU	P	96.34	64	138		174		
96	Smith, Will	LAD	C	96.41	61	138		174		
97	Goldschmidt, Paul	STL	1B	96.76	56	139		174		
98	Altuve, Jose	HOU	2B	98.60	68	133		174		
99	Anderson, Ian	ATL	P	99.38	62	146		174		
100	Rizzo, Anthony	CHC	1B	101.07	69	146		174		
101	Cruz, Nelson	MIN	UT	101.16	66	139		174		
102	Luzardo, Jesus	OAK	P	102.17	68	131		174		
103	Swanson, Dansby	ATL	SS	104.48	77	144		174		
104	Karinchak, James	CLE	P	104.73	54	189		174		
105	Bohm, Alec	PHI	1B, 3B	106.33	68	139		174		
106	Bundy, Dylan	LAA	P	107.93	74	144		174		
107	Greinke, Zack	HOU	P	108.42	62	138		174		
108	Paddack, Chris	SD	P	109.72	62	166		174		
109	Rosario, Eddie	CLE	OF	111.83	60	168		174		
110	Smith, Dominic	NYM	1B, OF	112.37	73	168		174		
111	Chapman, Matt	OAK	3B	113.29	73	148		174		
112	Buxton, Byron	MIN	OF	114.47	78	160		174		
113	Moore, Dylan	SEA	2B, OF	115.46	62	170		174		
114	Urias, Julio	LAD	P	118.36	78	167		174		
115	Moustakas, Mike	CIN	1B, 2B	119.59	82	173		174		
116	Morton, Charlie	ATL	P	121.87	86	162		174		
117	McCullers Jr., Lance	HOU	P	122.21	86	164		174		
118	Pressly, Ryan	HOU	P	122.87	80	231		174		
119	Stanton, Giancarlo	NYY	UT	123.21	76	177		174		
120	Contreras, Willson	CHC	C	124.03	66	159		174		
121	Correa, Carlos	HOU	SS	126.63	85	166		174		
122	Grandal, Yasmani	CWS	C	126.89	82	164		174		
123	Musgrove, Joe	SD	P	127.52	85	171		174		
124	Edman, Tommy	STL	2B, 3B, SS, OF	127.71	92	184		174		
125	Lopez, Pablo	MIA	P	128.07	96	166		174		
126	Verdugo, Alex	BOS	OF	128.90	94	170		174		
127	Bryant, Kris	CHC	3B	129.83	83	166		174		
128	Pham, Tommy	SD	OF	130.01	89	211		174		
129	Myers, Wil	SD	OF	130.27	93	174		174		
130	Hand, Brad	WAS	P	130.35	69	262		174		
131	Gausman, Kevin	SF	P	131.46	92	180		174		
132	Jansen, Kenley	LAD	P	135.71	87	275		174		
133	Hosmer, Eric	SD	1B	136.48	82	195		174		
134	d'Arnaud, Travis	ATL	C	137.02	74	181		174		
135	Sanchez, Sixto	MIA	P	137.07	74	207		174		
136	Semien, Marcus	TOR	SS	137.80	88	207		174		
137	Lewis, Kyle	SEA	OF	137.95	81	203		174		
138	Yastrzemski, Mike	SF	OF	138.20	84	180		174		
139	Corbin, Patrick	WAS	P	138.72	93	188		174		
140	Alcantara, Sandy	MIA	P	140.19	108	183		174		
141	Hayes, Ke'Bryan	PIT	3B	141.82	99	210		174		
142	Laureano, Ramon	OAK	OF	143.28	110	192		174		
143	Soler, Jorge	KC	OF	144.15	104	189		174		
144	Vazquez, Christian	BOS	C	147.59	104	179		174		
145	Rogers, Taylor	MIN	P	147.69	80	328		174		
146	Villar, Jonathan	NYM	2B, SS	148.94	86	276		174		
147	Varsho, Daulton	ARZ	C, OF	150.26	109	186		174		
148	Brantley, Michael	HOU	OF	152.32	114	193		174		
149	Mountcastle, Ryan	BAL	1B, OF	152.96	83	211		174		
150	Carlson, Dylan	STL	OF	153.47	106	231		174		
151	Bell, Josh	WAS	1B	155.57	98	212		174		
152	Montas, Frankie	OAK	P	156.25	118	203		174		
153	Reyes, Franmil	CLE	UT	156.31	98	213		174		
154	Santander, Anthony	BAL	OF	157.58	109	214		174		
155	Robles, Victor	WAS	OF	158.45	107	237		174		
156	Urshela, Gio	NYY	3B	160.85	109	221		174		
157	Murphy, Sean	OAK	C	160.96	114	215		174		
158	Nola, Austin	SD	C	162.85	112	239		174		
159	Gallo, Joey	TEX	OF	162.97	106	204		174		
160	Happ, Ian	CHC	OF	163.98	97	223		174		
161	Gregorius, Didi	PHI	SS	165.87	108	242		174		
162	Hoskins, Rhys	PHI	1B	167.01	112	254		174		
163	Marquez, German	COL	P	167.11	114	232		174		
164	Anderson, Nick	TB	P	167.32	102	309		174		
165	Gonzales, Marco	SEA	P	167.90	112	240		174		
166	Solak, Nick	TEX	2B, OF	169.13	132	209		174		
167	Gimenez, Andres	CLE	2B, 3B, SS	169.87	107	240		174		
168	Sanchez, Gary	NYY	C	171.97	115	221		174		
169	May, Dustin	LAD	P	172.74	122	280		174		
170	Mahle, Tyler	CIN	P	174.62	126	225		174		
171	McCann, James	NYM	C	175.15	113	233		174		
172	Williams, Devin	MLW	P	175.60	109	367		174		
173	Yates, Kirby	TOR	P	177.11	68	452		173		
174	Soroka, Mike	ATL	P	179.22	137	247		174		
175	Mancini, Trey	BAL	1B, OF	179.83	114	242		174		
176	Kim, Ha-seong	SD	SS	179.92	118	266		174		
177	Rosenthal, Trevor	SD	P	183.43	84	361		174		
178	Cronenworth, Jake	SD	1B, 2B, SS	183.73	120	279		174		
179	Price, David	LAD	P	185.24	122	264		174		
180	Frazier, Clint	NYY	OF	185.58	153	232		174		
181	Kepler, Max	MIN	OF	186.32	133	233		174		
182	Kimbrel, Craig	CHC	P	186.77	122	357		174		
183	Civale, Aaron	CLE	P	186.96	142	247		174		
184	Segura, Jean	PHI	2B, 3B	187.31	115	272		174		
185	Colome, Alex	MIN	P	188.64	93	381		174		
186	Bassitt, Chris	OAK	P	189.51	107	239		174		
187	Schwarber, Kyle	WAS	OF	190.24	159	249		174		
188	Madrigal, Nick	CWS	2B	191.37	127	313		174		
189	Sano, Miguel	MIN	1B	193.14	146	243		174		
190	McKenzie, Triston	CLE	P	194.43	148	289		174		
191	Donaldson, Josh	MIN	3B	195.15	124	247		174		
192	McCutchen, Andrew	PHI	OF	195.99	143	240		174		
193	Keuchel, Dallas	CWS	P	196.64	125	254		174		
194	Taveras, Leody	TEX	OF	196.83	145	310		174		
195	Pollock, AJ	LAD	OF	197.29	142	252		174		
196	Montero, Rafael	SEA	P	197.57	117	401		174		
197	Walker, Christian	ARZ	1B	198.78	137	274		174		
198	Walsh, Jared	LAA	1B	199.20	132	274		174		
199	Eflin, Zach	PHI	P	200.14	155	262		174		
200	Garver, Mitch	MIN	C	200.86	117	287		174		
201	Reyes, Victor	DET	OF	201.82	153	326		174		
202	Kluber, Corey	NYY	P	205.59	94	322		174		
203	Grichuk, Randal	TOR	OF	207.39	138	412		173		
204	Riley, Austin	ATL	3B	208.00	152	284		174		
205	Gonsolin, Tony	LAD	P	208.67	151	357		174		
206	Heaney, Andrew	LAA	P	209.03	158	277		174		
207	Winker, Jesse	CIN	OF	210.54	167	275		174		
208	Means, John	BAL	P	210.93	157	279		174		
209	Taylor, Chris	LAD	2B, SS, OF	213.91	145	299		174		
210	Stroman, Marcus	NYM	P	214.12	138	270		174		
211	Polanco, Jorge	MIN	SS	215.90	147	358		174		
212	Smyly, Drew	ATL	P	217.37	162	289		174		
213	Montgomery, Jordan	NYY	P	218.46	155	308		174		
214	Taillon, Jameson	NYY	P	219.79	142	287		174		
215	Turner, Justin	LAD	3B	219.97	147	290		174		
216	Rodriguez, Richard	PIT	P	220.69	121	393		174		
217	Javier, Cristian	HOU	P	220.79	170	295		174		
218	Fletcher, David	LAA	2B, 3B, SS	222.46	153	300		174		
219	Kelenic, Jarred	SEA	OF	222.51	151	341		174		
220	DeJong, Paul	STL	SS	223.04	162	342		173		
221	Davis, J.D.	NYM	3B, OF	223.17	159	285		174		
222	Urquidy, Jose	HOU	P	225.18	143	279		174		
223	Anderson, Brian	MIA	3B	228.23	130	301		174		
224	Rodriguez, Eduardo	BOS	P	228.82	160	305		174		
225	Hays, Austin	BAL	OF	228.89	126	340		174		
226	Benintendi, Andrew	KC	OF	229.89	166	292		174		
227	Eovaldi, Nathan	BOS	P	231.64	177	307		174		
228	Pineda, Michael	MIN	P	232.62	170	309		174		
229	Barnes, Matt	BOS	P	233.18	132	464		174		
230	Dozier, Hunter	KC	1B, OF	234.61	156	311		174		
231	Ohtani, Shohei	LAA	P	234.62	167	342		174		
232	Profar, Jurickson	SD	2B, OF	234.87	135	320		173		
233	Pomeranz, Drew	SD	P	237.09	149	466		174		
234	McMahon, Ryan	COL	1B, 2B, 3B	238.07	157	319		174		
235	Castro, Willi	DET	3B, SS	239.76	127	332		174		
236	Manaea, Sean	OAK	P	241.44	131	308		174		
237	Singer, Brady	KC	P	242.68	147	336		174		
238	Davies, Zach	CHC	P	243.06	159	335		174		
239	Smith, Will	ATL	P	246.66	134	535		172		
240	Yarbrough, Ryan	TB	P	247.13	175	315		174		
241	Posey, Buster	SF	C	247.80	160	329		174		
242	Candelario, Jeimer	DET	1B, 3B	248.21	180	342		174		
243	Hernandez, Elieser	MIA	P	248.89	183	333		174		
244	Tapia, Raimel	COL	OF	249.23	147	349		174		
245	Cain, Lorenzo	MLW	OF	251.37	181	340		174		
246	Lux, Gavin	LAD	2B	252.45	167	377		174		
247	Alfaro, Jorge	MIA	C	253.48	179	392		174		
248	Kelly, Carson	ARZ	C	253.90	160	356		174		
249	Sale, Chris	BOS	P	255.39	172	414		174		
250	Calhoun, Kole	ARZ	OF	256.90	201	328		174		
251	Nimmo, Brandon	NYM	OF	257.00	196	320		174		
252	Paxton, James	SEA	P	257.55	188	350		174		
253	Hampson, Garrett	COL	2B, OF	261.43	187	396		174		
254	Margot, Manuel	TB	OF	261.62	197	385		173		
255	Pearson, Nate	TOR	P	262.25	168	387		174		
256	Hicks, Jordan	STL	P	262.39	165	481		174		
257	Canha, Mark	OAK	OF	262.69	206	320		174		
258	Kirilloff, Alex	MIN	OF	263.29	215	343		174		
259	Tellez, Rowdy	TOR	1B	263.57	156	465		174		
260	Berti, Jon	MIA	2B, OF	264.01	181	388		174		
261	Seager, Kyle	SEA	3B	265.63	182	333		174		
262	Haniger, Mitch	SEA	OF	268.87	200	351		174		
263	Kim, Kwang Hyun	STL	P	268.89	192	429		174		
264	Rosario, Amed	CLE	SS	269.44	151	382		172		
265	Puig, Yasiel	ATL	OF	273.50	207	401		172		
266	Peralta, David	ARZ	OF	274.11	179	346		174		
267	Santana, Carlos	KC	1B	274.19	186	345		174		
268	Dubon, Mauricio	SF	2B, SS, OF	276.03	220	364		174		
269	Holland, Greg	KC	P	279.55	176	491		171		
270	Molina, Yadier	STL	C	280.55	178	365		174		
271	Kirk, Alejandro	TOR	C	281.70	191	409		172		
272	Senzel, Nick	CIN	OF	282.10	216	381		174		
273	Hicks, Aaron	NYY	OF	282.44	217	393		173		
274	Gurriel, Yuli	HOU	1B	282.67	198	359		170		
275	Kiner-Falefa, Isiah	TEX	3B, SS	286.82	200	370		174		
276	Dunning, Dane	TEX	P	287.64	243	372		174		
277	Crichton, Stefan	ARZ	P	289.87	145	536		167		
278	Odorizzi, Jake	MIN	P	292.53	198	370		173		
279	Kopech, Michael	CWS	P	292.66	192	434		173		
280	Sheffield, Justus	SEA	P	293.43	186	387		173		
281	Dalbec, Bobby	BOS	1B	295.97	205	438		173		
282	Reynolds, Bryan	PIT	OF	296.59	221	367		170		
283	Escobar, Eduardo	ARZ	3B	297.82	137	375		168		
284	Minor, Mike	KC	P	298.84	135	388		174		
285	Gallegos, Giovanny	STL	P	301.96	149	522		170		
286	Jansen, Danny	TOR	C	303.37	206	397		172		
287	Bradley, Archie	PHI	P	303.85	167	584		172		
288	Neris, Hector	PHI	P	304.73	177	591		173		
289	Canning, Griffin	LAA	P	305.83	243	400		174		
290	Walker, Taijuan	TOR	P	307.75	233	410		174		
291	Diekman, Jake	OAK	P	307.78	186	525		173		
292	Garrett, Amir	CIN	P	308.99	178	503		173		
293	La Stella, Tommy	SF	1B, 2B	310.60	222	394		170		
294	Boyd, Matthew	DET	P	311.07	215	408		171		
295	Keller, Mitch	PIT	P	311.53	246	416		173		
296	Wendle, Joey	TB	2B, 3B, SS	311.77	223	379		170		
297	Franco, Wander	TB	SS	312.32	168	501		169		
298	Skubal, Tarik	DET	P	312.58	139	393		169		
299	Kingery, Scott	PHI	2B, OF	314.94	205	391		169		
300	Garcia, Avisail	MLW	OF	318.03	213	403		173		
301	Kikuchi, Yusei	SEA	P	318.67	229	426		171		
302	Keller, Brad	KC	P	319.59	214	432		170		
303	Gomes, Yan	WAS	C	321.63	200	392		171		
304	German, Domingo	NYY	P	322.72	228	460		173		
305	Murphy, Tom	SEA	C	322.84	206	411		171		
306	Aguilar, Jesus	MIA	1B	324.22	239	427		169		
307	Dahl, David	TEX	OF	324.25	202	390		169		
308	Lowe, Nate	TEX	1B	324.51	212	395		169		
309	Dickerson, Alex	SF	OF	324.68	179	403		169		
310	Rios, Edwin	LAD	3B	326.81	169	388		169		
311	Syndergaard, Noah	NYM	P	327.18	193	447		173		
312	France, Ty	SEA	2B	327.98	232	400		167		
313	Severino, Pedro	BAL	C	328.97	199	454		170		
314	Bard, Daniel	COL	P	329.07	198	545		167		
315	Garcia, Deivi	NYY	P	330.84	237	444		171		
316	Gore, MacKenzie	SD	P	333.30	214	477		172		
317	Ramos, Wilson	DET	C	334.21	196	461		168		
318	Castro, Starlin	WAS	2B	336.01	226	403		162		
319	Melancon, Mark	SD	P	336.06	208	525		164		
320	Vaughn, Andrew	CWS	1B	336.94	226	421		163		
321	Smith, Caleb	ARZ	P	336.98	227	419		170		
322	Lindblom, Josh	MLW	P	337.37	235	415		168		
323	Pederson, Joc	CHC	OF	338.06	232	468		170		
324	Castillo, Diego	TB	P	339.70	229	561		166		
325	Leclerc, Jose 	TEX	P	340.11	181	524		167		
326	Flores, Wilmer	SF	1B, 2B	343.83	179	425		161		
327	Ray, Robbie	TOR	P	344.24	233	430		166		
328	Adames, Willy	TB	SS	347.53	228	412		163		
329	Votto, Joey	CIN	1B	353.41	203	423		165		
330	Narvaez, Omar	MLW	C	353.47	161	449		169		
331	Eaton, Adam	CWS	OF	354.06	224	399		164		
332	Turnbull, Spencer	DET	P	354.95	244	434		165		
333	Jeffers, Ryan	MIN	C	356.30	272	455		164		
334	Bradley Jr., Jackie	BOS	OF	360.03	182	417		164		
335	Alzolay, Adbert	CHC	P	361.90	260	466		167		
336	Wong, Kolten	MLW	2B	363.04	192	428		160		
337	Peralta, Freddy	MLW	P	364.20	263	444		165		
338	Calhoun, Willie	TEX	OF	364.69	253	403		159		
339	Adell, Jo	LAA	OF	365.94	229	507		165		
340	Upton, Justin	LAA	OF	366.21	224	461		160		
341	Antone, Tejay	CIN	P	367.43	239	460		164		
342	Hernandez, Cesar	CLE	2B	370.39	195	524		160		
343	Dickerson, Corey	MIA	OF	371.27	255	450		159		
344	Sims, Lucas	CIN	P	373.19	237	527		161		
345	Grossman, Robbie	DET	OF	377.97	218	493		165		
346	Hilliard, Sam	COL	OF	379.31	277	460		162		
347	Stassi, Max	LAA	C	380.03	230	484		165		
348	Belt, Brandon	SF	1B	380.70	236	414		158		
349	Bumgarner, Madison	ARZ	P	386.45	241	558		165		
350	Mercado, Oscar	CLE	OF	386.99	226	453		159		
351	Stephenson, Tyler	CIN	C	388.33	235	464		160		
352	Happ, J.A.	MIN	P	389.71	246	493		161		
353	Cron, C.J.	DET	1B	391.59	247	522		154		
354	Harvey, Hunter	BAL	P	391.61	229	581		155		
355	Pillar, Kevin	COL	OF	392.45	273	460		155		
356	Houck, Tanner	BOS	P	394.41	142	524		162		
357	Romano, Jordan	TOR	P	394.70	176	600		148		
358	Huff, Sam	TEX	C	394.79	254	503		162		
359	Martin, Chris	ATL	P	395.41	234	544		157		
360	Lorenzen, Michael	CIN	P	396.34	277	478		167		
361	Ahmed, Nick	ARZ	SS	397.37	256	476		154		
362	Stallings, Jacob	PIT	C	397.40	264	447		160		
363	Mikolas, Miles	STL	P	397.44	251	474		161		
364	Cease, Dylan	CWS	P	398.19	291	487		162		
365	Garcia, Yimi	MIA	P	398.30	224	597		151		
366	Mize, Casey	DET	P	399.22	271	503		163		
367	Renfroe, Hunter	BOS	OF	399.99	226	468		159		
368	Schoop, Jonathan	DET	2B	400.48	237	474		156		
369	Howard, Spencer	PHI	P	400.84	289	482		160		
370	Arraez, Luis	MIN	2B	401.48	203	469		154		
371	White, Evan	SEA	1B	404.88	263	456		155		
372	Cordero, Franchy	BOS	OF	405.01	280	457		158		
373	Pache, Cristian	ATL	OF	405.53	166	480		157		
374	Britton, Zack	NYY	P	408.63	242	520		156		
375	Puk, A.J.	OAK	P	410.01	285	477		162		
376	Peterson, David	NYM	P	410.23	255	465		157		
377	Urias, Luis	MLW	2B, 3B, SS	410.44	273	465		157		
378	Rojas, Miguel	MIA	SS	412.51	255	550		154		
379	Reyes, Alex	STL	P	419.99	243	554		154		
380	Duvall, Adam	MIA	OF	420.49	232	562		155		
381	Wainwright, Adam	STL	P	422.19	243	523		159		
382	Weaver, Luke	ARZ	P	422.56	305	475		158		
383	Richards, Garrett	BOS	P	424.05	229	499		157		
384	Quantrill, Cal	CLE	P	425.68	286	497		153		
385	Chavis, Michael	BOS	1B, 2B, OF	426.18	293	503		156		
386	Martinez, Carlos	STL	P	426.66	253	509		160		
387	Hernandez, Kike	BOS	2B, OF	427.24	171	537		156		
388	Naylor, Josh	CLE	OF	427.34	274	495		150		
389	Lugo, Seth	NYM	P	428.16	233	560		153		
390	Rainey, Tanner	WAS	P	430.24	211	581		139		
391	Goodrum, Niko	DET	2B, SS	430.47	259	457		145		
392	Jones, JaCoby	DET	OF	431.26	264	484		153		
393	Cooper, Garrett	MIA	1B	438.09	261	517		146		
394	Longoria, Evan	SF	3B	438.17	282	464		145		
395	Slater, Austin	SF	OF	438.33	259	534		152		
396	DeSclafani, Anthony	SF	P	440.91	306	504		156		
397	Severino, Luis	NYY	P	443.42	286	545		149		
398	Akiyama, Shogo	CIN	OF	447.67	256	527		147		
399	Moran, Colin	PIT	1B	449.56	311	514		150		
400	Suzuki, Kurt	LAA	C	450.31	253	531		150		
401	Brosseau, Mike	TB	1B, 2B, 3B	450.44	164	520		150		
402	Crawford, J.P.	SEA	SS	450.58	282	504		144		
403	Iglesias, Jose	LAA	SS	451.50	286	478		146		
404	Kintzler, Brandon	MIA	P	455.17	152	697		151		
405	Heyward, Jason	CHC	OF	458.11	297	566		148		
406	Simmons, Andrelton	MIN	SS	460.83	230	523		145		
407	Andrus, Elvis	OAK	SS	461.15	256	559		147		
408	Bass, Anthony	MIA	P	461.29	228	720		144		
409	Straw, Myles	HOU	OF	462.41	184	529		145		
410	Polanco, Gregory	PIT	OF	464.59	328	552		150		
411	Nunez, Renato	BAL	1B	464.65	210	554		142		
412	Bart, Joey	SF	C	465.98	242	575		146		
413	Hoerner, Nico	CHC	2B, SS	467.67	303	489		143		
414	Diaz, Elias	COL	C	468.53	271	557		151		
415	Quintana, Jose	LAA	P	468.67	254	570		151		
416	Treinen, Blake	LAD	P	470.39	278	593		144		
417	Fleming, Josh	TB	P	470.74	274	548		154		
418	Franco, Maikel	KC	3B	472.30	287	534		144		
419	Moronta, Reyes	SF	P	473.07	300	585		147		
420	Hernandez, Jonathan	TEX	P	474.01	254	552		140		
421	Garcia, Bryan	DET	P	475.29	205	551		139		
422	Houser, Adrian	MLW	P	475.74	318	557		151		
423	Mejia, Francisco	TB	C	480.13	252	543		148		
424	Hill, Rich	TB	P	484.90	306	573		152		
425	Mullins, Cedric	BAL	OF	485.96	292	588		139		
426	Fairbanks, Pete	TB	P	486.79	258	576		139		
427	Kieboom, Carter	WAS	3B	487.11	348	520		140		
428	Piscotty, Stephen	OAK	OF	487.23	308	524		142		
429	Mills, Alec	CHC	P	487.47	246	583		153		
430	Stripling, Ross	TOR	P	487.79	359	539		147		
431	Diaz, Yandy	TB	3B	488.83	314	520		141		
432	Pagan, Emilio	SD	P	489.48	294	594		137		
433	O'Neill, Tyler	STL	OF	491.48	292	529		142		
434	Maldonado, Martin	HOU	C	495.82	309	578		147		
435	Staumont, Josh	KC	P	498.16	311	587		131		
436	Patino, Luis	TB	P	500.20	324	550		141		
437	Rogers, Trevor	MIA	P	501.83	328	646		139		
438	Chisholm, Jazz	MIA	2B, SS	502.39	313	536		138		
439	Barnhart, Tucker	CIN	C	503.09	370	554		146		
440	Ponce de Leon, Daniel	STL	P	504.58	325	663		142		
441	Gonzalez, Marwin	BOS	1B, 2B, 3B, OF	504.76	325	543		143		
442	Bader, Harrison	STL	OF	504.86	325	569		136		
443	Perez, Roberto	CLE	C	505.98	304	574		142		
444	Rodgers, Brendan	COL	2B	506.75	282	588		140		
445	Torrens, Luis	SEA	C	507.20	305	587		137		
446	Wendelken, J.B.	OAK	P	507.55	235	576		136		
447	Hudson, Daniel	WAS	P	508.31	176	692		131		
448	Trevino, Jose	TEX	C	508.52	319	595		140		
449	Frazier, Adam	PIT	2B, OF	511.76	334	569		134		
450	Archer, Chris	TB	P	512.66	311	620		149		
451	Caratini, Victor	SD	C	512.75	317	527		135		
452	Fuentes, Josh	COL	1B	513.10	347	538		138		
453	Arcia, Orlando	MLW	SS	515.45	333	571		137		
454	Duffey, Tyler	MIN	P	515.81	281	600		125		
455	Solano, Donovan	SF	2B	515.89	283	584		140		
456	Bote, David	CHC	2B, 3B	515.92	345	562		141		
457	Rutschman, Adley	BAL	C	517.25	302	620		130		
458	Kelly, Merrill	ARZ	P	517.72	297	637		144		
459	Wood, Alex	SF	P	517.92	326	618		141		
460	Kiermaier, Kevin	TB	OF	517.97	336	562		135		
461	Clase, Emmanuel	CLE	P	518.37	328	585		125		
462	Cabrera, Miguel	DET	UT	519.60	306	578		138		
463	Gray, Jon	COL	P	519.69	303	636		149		
464	Tsutsugo, Yoshi	TB	3B, OF	519.91	320	576		138		
465	Bummer, Aaron	CWS	P	520.00	223	644		130		
466	Odor, Rougned	TEX	2B	521.61	267	560		138		
467	Higashioka, Kyle	NYY	C	521.76	332	585		138		
468	Olivares, Edward	KC	OF	521.94	318	590		132		
469	Graterol, Brusdar	LAD	P	523.38	271	623		132		
470	Duffy, Danny	KC	P	523.39	345	592		145		
471	Brubaker, JT	PIT	P	524.67	346	587		138		
472	Brault, Steven	PIT	P	525.44	344	640		140		
473	Gilbert, Logan	SEA	P	530.30	361	599		133		
474	Quinn, Roman	PHI	OF	530.49	275	598		131		
475	Dobnak, Randy	MIN	P	530.66	275	599		138		
476	Davis, Khris	TEX	UT	531.71	295	616		140		
477	Arihara, Kohei	TEX	P	533.03	247	662		138		
478	Valaika, Pat	BAL	1B, 2B, SS	534.54	333	600		139		
479	Newman, Kevin	PIT	2B, SS	535.65	356	594		135		
480	Wacha, Michael	TB	P	536.06	371	589		138		
481	Bubic, Kris	KC	P	537.21	337	593		132		
482	Pinder, Chad	OAK	2B, 3B	538.49	381	577		132		
483	Pivetta, Nick	BOS	P	539.08	358	597		138		
484	Galvis, Freddy	BAL	2B, SS	541.06	335	609		131		
485	May, Trevor	NYM	P	543.32	219	579		124		
486	Sisco, Chance	BAL	C	543.49	356	582		135		
487	Castro, Jason	HOU	C	545.31	263	655		134		
488	Knizner, Andrew	STL	C	547.07	352	630		135		
489	Manning, Matt	DET	P	547.11	285	620		134		
490	Stevenson, Andrew	WAS	OF	547.90	319	615		133		
491	Gibson, Kyle	TEX	P	548.06	246	644		138		
492	Gomber, Austin	COL	P	552.76	360	651		132		
493	Ottavino, Adam	BOS	P	552.91	251	744		108		
494	Morejon, Adrian	SD	P	553.95	303	685		131		
495	Ruiz, Rio	BAL	3B	555.23	375	619		132		
496	Mayers, Mike	LAA	P	556.24	299	699		128		
497	Akin, Keegan	BAL	P	556.56	292	626		132		
498	Zunino, Mike	TB	C	556.79	349	658		137		
499	Oliva, Jared	PIT	OF	557.02	305	592		125		
500	Andujar, Miguel	NYY	OF	557.12	370	580		128		
501	Crawford, Brandon	SF	SS	557.86	208	593		131		
502	Soto, Gregory	DET	P	557.87	277	554		117		
503	Velasquez, Vince	PHI	P	559.14	380	585		135		
504	Kremer, Dean	BAL	P	560.68	395	617		132		
505	Cueto, Johnny	SF	P	560.91	332	641		136		
506	Choi, Ji-Man	TB	1B	562.47	331	600		130		
507	Soria, Joakim	ARZ	P	563.61	187	741		114		
508	Wright, Kyle	ATL	P	564.79	375	630		129		
509	Downs, Jeter	BOS	SS	565.13	370	612		129		
510	Schmidt, Clarke	NYY	P	565.67	349	628		129		
511	Senzatela, Antonio	COL	P	566.14	343	725		138		
512	Whitley, Forrest	HOU	P	566.40	351	607		131		
513	Choo, Shin-Soo	TEX	OF	569.24	382	665		130		
514	Cabrera, Asdrubal	ARZ	1B, 3B	570.09	336	638		133		
515	Tanaka, Masahiro	NYY	P	571.99	231	649		76		
516	Lester, Jon	WAS	P	572.03	338	744		140		
517	Stewart, DJ	BAL	OF	572.66	413	598		124		
518	Crochet, Garrett	CWS	P	573.07	321	681		122		
519	Dolis, Rafael	TOR	P	573.74	264	714		121		
520	Torkelson, Spencer	DET	3B	573.77	315	654		127		
521	Shoemaker, Matt	TOR	P	575.91	419	656		126		
522	Taylor, Michael A.	KC	OF	577.77	387	654		125		
523	Paredes, Isaac	DET	3B	579.06	342	604		120		
524	Matz, Steven	TOR	P	581.51	375	692		129		
525	Osuna, Roberto	HOU	P	582.59	284	732		123		
526	Alberto, Hanser	BAL	2B	583.32	361	723		126		
527	Barnes, Austin	LAD	C	586.67	396	634		129		
528	Suter, Brent	MLW	P	586.93	365	597		118		
529	Barlow, Scott	KC	P	587.77	406	738		119		
530	Jeffress, Jeremy	CHC	P	587.83	318	657		119		
531	Cabrera, Edward	MIA	P	588.92	423	656		114		
532	Mazara, Nomar	DET	OF	591.01	383	634		122		
533	Dunn, Justin	SEA	P	593.09	406	684		126		
534	Wick, Rowan	CHC	P	594.32	364	604		114		
535	Locastro, Tim	ARZ	OF	596.22	334	603		115		
536	Wittgren, Nick	CLE	P	596.59	343	654		116		
537	Brujan, Vidal	TB	2B	598.23	428	701		116		
538	Tejeda, Anderson	TEX	SS	599.99	406	677		116		
539	Sandoval, Patrick	LAA	P	601.30	407	700		117		
540	Marsh, Brandon	LAA	OF	602.02	346	670		115		
541	Desmond, Ian	COL	OF	604.99	311	664		119		
542	Freeland, Kyle	COL	P	606.38	334	658		118		
543	Cobb, Alex	LAA	P	606.72	388	712		117		
544	Jones, Nolan	CLE	3B	607.05	429	678		120		
545	Gonzalez, Erik	PIT	3B, SS	611.06	459	627		116		
546	Romine, Austin	CHC	C	611.74	410	713		116		
547	Moreland, Mitch	SD	1B	612.68	360	633		111		
548	Rodriguez, Julio	SEA	OF	614.86	360	713		116		
549	Garcia, Luis	WAS	2B	615.17	391	684		110		
550	Green, Chad	NYY	P	616.61	440	700		116		
551	Rogers, Tyler	SF	P	617.16	298	714		108		
552	Minter, A.J.	ATL	P	618.85	349	720		114		
553	Tauchman, Mike	NYY	OF	619.51	405	665		106		
554	Knebel, Corey	LAD	P	623.46	355	724		112		
555	Flexen, Chris	SEA	P	623.84	386	699		113		
556	Shaw, Travis	TOR	1B, 3B	626.34	385	720		109		
557	Lucchesi, Joey	NYM	P	628.52	408	701		108		
558	Carpenter, Matt	STL	3B	628.53	418	672		103		
559	Loaisiga, Jonathan	NYY	P	628.93	445	679		113		
560	Kuhl, Chad	PIT	P	629.88	458	702		109		
561	Aquino, Aristides	CIN	OF	630.78	409	724		108		
562	Wisler, Matt	SF	P	633.37	374	715		107		
563	McKay, Brendan	TB	P	634.92	444	688		106		
564	Webb, Logan	SF	P	635.33	408	658		96		
565	Brinson, Lewis	MIA	OF	635.99	433	686		99		
566	Bauers, Jake	CLE	1B, OF	636.51	453	679		105		
567	Alford, Anthony	PIT	OF	636.87	420	748		103		
568	Alvarado, Jose	PHI	P	637.34	395	697		108		
569	Scott, Tanner	BAL	P	638.21	361	697		102		
570	Jefferies, Daulton	OAK	P	638.62	463	692		100		
571	Jimenez, Joe	DET	P	639.39	360	718		97		
572	Wilson, Bryse	ATL	P	639.70	449	706		98		
573	Casali, Curt	SF	C	641.03	359	717		102		
574	Miller, Andrew	STL	P	642.08	449	739		112		
575	Honeywell Jr., Brent	TB	P	642.42	362	749		109		
576	Plawecki, Kevin	BOS	C	642.84	397	718		103		
577	Barria, Jaime	LAA	P	643.42	460	747		97		
578	Fowler, Dexter	LAA	OF	644.40	392	730		97		
579	Martin, Corbin	ARZ	P	646.01	396	743		103		
580	Fiers, Mike	OAK	P	648.16	353	746		103		
581	Lewis, Royce	MIN	SS	649.32	455	741		107		
582	Hamels, Cole	ATL	P	649.72	440	683		107		
583	McClanahan, Shane	TB	P	650.78	453	722		103		
584	Trivino, Lou	OAK	P	650.96	350	735		101		
585	Knapp, Andrew	PHI	C	651.57	447	723		101		
586	Jung, Josh	TEX	3B	652.92	349	717		103		
587	Waters, Drew	ATL	OF	653.17	364	750		99		
588	Porcello, Rick	NYM	P	653.22	401	716		99		
589	Lynch, Daniel	KC	P	653.24	422	727		87		
590	Oberg, Scott	COL	P	655.63	281	742		99		
591	Ross, Joe	WAS	P	655.72	406	734		104		
592	Encarnacion, Edwin	CWS	UT	655.78	400	747		99		
593	Perez, Martin	BOS	P	655.90	361	726		104		
594	Fulmer, Michael	DET	P	656.65	407	728		107		
595	Harrison, Monte	MIA	OF	659.84	395	736		95		
596	Santana, Danny	TEX	1B	659.98	401	748		93		
597	Long Jr., Shed	SEA	2B	661.38	470	694		89		
598	Givens, Mychal	COL	P	661.46	430	747		103		
599	Foltynewicz, Mike	TEX	P	662.23	379	746		96		
600	Vogelbach, Daniel	MLW	UT	665.41	367	737		93		
601	Garcia, Jose	CIN	SS	666.40	461	727		85		
602	Doolittle, Sean	CIN	P	666.82	298	743		66		
603	Moore, Matt	PHI	P	666.92	331	694		73		
604	Hernandez, Darwinzon	BOS	P	667.69	328	739		90		
605	Smith, Pavin	ARZ	1B	667.70	495	699		86		
606	Matzek, Tyler	ATL	P	669.93	461	722		88		
607	Gyorko, Jedd	MLW	1B, 3B	670.23	448	748		89		
608	Miller, Brad	PHI	3B	671.07	478	719		83		
609	Johnson, Daniel	CLE	OF	672.34	496	724		90		
610	Gardner, Brett	NYY	OF	673.10	479	715		82		
611	Rodon, Carlos	CWS	P	673.82	433	749		91		
612	Rooker, Brent	MIN	OF	674.44	477	745		89		
613	Adams, Austin	SD	P	674.51	430	714		81		
614	Garcia, Leury	CWS	SS	675.18	455	714		80		
615	Kela, Keone	SD	P	675.36	348	749		88		
616	Workman, Brandon	PHI	P	676.55	263	750		87		
617	Engel, Adam	CWS	OF	676.93	450	728		87		
618	Pujols, Albert	LAA	1B	677.14	467	739		91		
619	Ruiz, Keibert	LAD	C	678.80	515	731		88		
620	Lopez, Reynaldo	CWS	P	678.95	439	721		83		
621	Duran, Jarren	BOS	OF	679.60	394	747		82		
622	Urena, Jose	DET	P	679.90	420	748		92		
623	Garcia, Luis	HOU	P	680.20	448	713		80		
624	Rodriguez, Joely	TEX	P	680.57	464	742		85		
625	Heim, Jonah	TEX	C	680.75	424	747		84		
626	Harrison, Josh	WAS	2B, 3B	681.66	460	725		77		
627	Ginkel, Kevin	ARZ	P	681.90	475	728		84		
628	Rojas, Josh	ARZ	2B	683.66	501	744		80		
629	Zimmer, Bradley	CLE	OF	683.67	452	734		80		
630	Chatwood, Tyler	TOR	P	684.71	347	749		83		
631	Sanchez, Yolmer	BAL	3B	684.75	463	721		77		
632	Lowe, Josh	TB	OF	686.13	475	748		86		
633	Diaz, Lewin	MIA	1B	686.59	434	724		75		
634	Greene, Shane	ATL	P	687.23	387	747		85		
635	Evans, Demarcus	TEX	P	687.32	453	736		86		
636	Braun, Ryan	MLW	OF	687.78	474	728		72		
637	Hahn, Jesse	KC	P	688.06	431	746		77		
638	Williams, Trevor	CHC	P	691.37	438	747		75		
639	Norris, Daniel	DET	P	691.71	432	728		79		
640	Voth, Austin	WAS	P	692.59	374	743		79		
641	Inciarte, Ender	ATL	OF	694.33	466	717		70		
642	Camargo, Johan	ATL	2B, 3B	694.47	491	727		76		
643	Astudillo, Willians	MIN	C	694.52	521	734		78		
644	Brogdon, Connor	PHI	P	695.56	506	746		77		
645	Haseley, Adam	PHI	OF	696.30	508	750		79		
646	Graveman, Kendall	SEA	P	696.49	507	745		74		
647	Allen, Logan	CLE	P	697.20	430	747		79		
648	Tucker, Cole	PIT	OF	697.43	527	721		73		
649	Larnach, Trevor	MIN	OF	697.43	357	746		77		
650	Johnson, Pierce	SD	P	697.69	436	749		79		
651	Baez, Pedro	HOU	P	697.81	374	748		77		
652	Diaz, Isan	MIA	2B	698.48	499	748		73		
653	Cave, Jake	MIN	OF	700.74	495	750		77		
654	Gray, Josiah	LAD	P	700.87	450	742		61		
655	Arrieta, Jake	CHC	P	701.06	398	749		73		
656	Lauer, Eric	MLW	P	702.10	516	733		73		
657	McGee, Jake	SF	P	702.11	310	744		39		
658	Lamb, Jake	OAK	1B, 3B	702.37	419	750		70		
659	Anderson, Brett	MLW	P	702.56	525	747		69		
660	Lopez, Nicky	KC	2B	702.75	483	750		69		
661	Miley, Wade	CIN	P	702.86	514	749		73		
662	Hedges, Austin	CLE	C	702.95	456	745		74		
663	Marquez, Brailyn	CHC	P	703.51	486	749		74		
664	Sugano, Tomoyuki	FA	P	703.71	251	748		46		
665	Strange-Gordon, Dee	SEA	2B, OF	704.26	340	748		60		
666	Toro, Abraham	HOU	3B	704.82	509	748		72		
667	Nottingham, Jacob	MLW	C	704.98	488	747		63		
668	Paredes, Enoli	HOU	P	705.08	471	747		70		
669	Thomas, Lane	STL	OF	705.51	520	744		66		
670	Cabrera, Genesis	STL	P	705.74	469	749		75		
671	Cisnero, Jose	DET	P	706.69	485	721		67		
672	Cody, Kyle	TEX	P	706.76	528	747		63		
673	Diaz, Aledmys	HOU	2B	708.15	542	749		67		
674	Munoz, Andres	SEA	P	709.11	479	743		63		
675	Ryan, Joe	TB	P	709.49	498	730		68		
676	Petit, Yusmeiro	OAK	P	709.49	470	748		74		
677	Ward, Taylor	LAA	OF	709.77	527	747		61		
678	Gonzalez, Victor	LAD	P	711.28	485	746		65		
679	Lyles, Jordan	TEX	P	711.74	483	748		54		
680	Balazovic, Jordan	MIN	P	712.25	497	749		61		
681	Robles, Hansel	MIN	P	713.51	413	746		63		
682	Kowar, Jackson	KC	P	713.58	552	745		67		
683	Wade, Tyler	NYY	2B, SS	713.85	544	749		66		
684	Bleday, JJ	MIA	OF	714.70	490	747		60		
685	Marmolejos, Jose	SEA	OF	714.90	425	750		55		
686	Beer, Seth	ARZ	1B	715.22	518	749		60		
687	Fraley, Jake	SEA	OF	715.46	536	735		58		
688	Heuer, Codi	CWS	P	715.48	484	750		59		
689	Reddick, Josh	HOU	OF	715.79	481	749		61		
690	De Leon, Jose	CIN	P	716.22	543	746		58		
691	Kemp, Tony	OAK	2B	716.25	528	732		60		
692	Gallagher, Cam	KC	C	717.01	460	748		59		
693	Sierra, Magneuris	MIA	OF	717.09	500	747		60		
694	Brown, Seth	OAK	1B	717.41	415	741		55		
695	Lodolo, Nick	CIN	P	717.52	519	745		52		
696	Guzman, Ronald	TEX	1B	717.52	396	745		56		
697	Roark, Tanner	TOR	P	717.79	502	748		55		
698	Maton, Phil	CLE	P	718.82	549	749		63		
699	Ruf, Darin	SF	OF	719.57	488	750		55		
700	Hatch, Tom	TOR	P	720.31	485	743		55		
701	Nunez, Dom	COL	C	721.70	534	750		56		
702	Valdez, Cesar	BAL	P	722.05	506	743		55		
703	Pina, Manny	MLW	C	722.42	462	750		53		
704	Foster, Matt	CWS	P	723.14	494	745		56		
705	Ford, Mike	NYY	1B	723.27	542	748		50		
706	Smith, Mallex	SEA	OF	723.54	435	749		48		
707	Vogt, Stephen	ARZ	C	723.76	215	748		49		
708	Cameron, Daz	DET	OF	724.30	508	750		56		
709	Contreras, William	ATL	C	724.51	497	749		50		
710	Hudson, Dakota	STL	P	725.26	370	750		25		
711	Goodwin, Brian	CIN	OF	725.56	530	747		49		
712	Stephenson, Robert	COL	P	725.91	501	750		49		
713	Allard, Kolby	TEX	P	726.45	507	744		48		
714	Helsley, Ryan	STL	P	726.91	469	749		53		
715	Kaprielian, James	OAK	P	727.48	499	750		50		
716	Lee, Khalil	NYM	OF	728.07	534	749		53		
717	Margevicius, Nick	SEA	P	728.54	519	742		47		
718	Trammell, Taylor	SEA	OF	728.68	523	750		49		
719	Pena, Felix	LAA	P	728.77	559	750		54		
720	Crick, Kyle	PIT	P	728.89	404	750		57		
721	Witt Jr., Bobby	KC	SS	729.31	369	749		43		
722	Allen, Austin	OAK	C	729.79	516	750		46		
723	DeShields, Delino	CLE	OF	729.82	540	750		49		
724	Gant, John	STL	P	729.83	569	741		49		
725	Anderson, Chase	PHI	P	730.47	502	747		45		
726	Greiner, Grayson	DET	C	730.70	500	737		38		
727	Beede, Tyler	SF	P	730.90	523	750		47		
728	James, Josh	HOU	P	731.01	532	749		50		
729	Teheran, Julio	LAA	P	731.13	518	749		39		
730	Campusano, Luis	SD	UT	731.17	336	747		38		
731	Wallach, Chad	MIA	C	731.33	437	743		40		
732	Ramirez, Yohan	SEA	P	731.90	440	750		36		
733	McCormick, Chas	HOU	OF	732.52	482	742		32		
734	Sanchez, Anibal	WAS	P	733.07	474	749		36		
735	Hoffman, Jeff	CIN	P	733.11	560	748		52		
736	Stratton, Chris	PIT	P	733.39	443	750		39		
737	Castro, Harold	DET	OF	733.40	426	750		33		
738	Marshall, Evan	CWS	P	734.25	467	742		36		
739	Flowers, Tyler	ATL	C	734.28	533	748		43		
740	Duran, Jhoan	MIN	P	734.41	519	749		42		
741	Arroyo, Christian	BOS	2B	734.49	514	748		37		
742	Evans, Phillip	PIT	3B	734.66	322	750		44		
743	Buttrey, Ty	LAA	P	734.99	531	748		38		
744	Haggerty, Sam	SEA	OF	735.16	544	742		34		
745	Cruz, Oneil	PIT	SS	735.26	573	750		35		
746	Anderson, Tyler	SF	P	735.39	479	750		36		
747	Sung-bum, Na	FA	OF	735.40	450	660		13		
748	Watson, Tony	SF	P	735.44	535	747		37		
749	Betances, Dellin	NYM	P	735.96	462	750		30		
750	McBroom, Ryan	KC	1B	736.11	449	749		37		
751	Strahm, Matt	SD	P	736.16	531	744		39		
752	Diaz, Yusniel	BAL	UT	736.39	489	749		33		
753	Rogers, Jake	DET	C	736.45	522	743		33		
754	Tate, Dillon	BAL	P	736.76	338	747		27		
755	Leon, Pedro	FA	OF	736.96	411	750		20		
756	Alcala, Jorge	MIN	P	737.07	532	750		35		
757	Romo, Sergio	OAK	P	737.26	328	745		26		
758	Harris, Will	WAS	P	737.35	554	750		37		
759	Collins, Zack	CWS	UT	737.53	593	750		38		
760	VanMeter, Josh	ARZ	2B	737.67	503	748		30		
761	Kirby, George	SEA	P	737.70	460	750		33		
762	Andriese, Matt	BOS	P	737.75	567	749		33		
763	Richards, Trevor	TB	P	738.22	540	748		26		
764	Bruce, Jay	PHI	OF	738.24	523	748		23		
765	Farmer, Kyle	CIN	2B, SS	738.45	545	748		33		
766	Vosler, Jason	SF	3B	738.56	541	743		31		
767	Sawamura, Hirokazu	FA	P	738.89	443	748		18		
768	Gorman, Nolan	STL	3B	739.44	448	747		22		
769	Avila, Alex	WAS	C	739.93	541	746		28		
770	Martin, Richie	BAL	SS	739.99	528	750		24		
771	Barreto, Franklin	LAA	2B	740.34	556	747		24		
772	Lopes, Tim	MLW	OF	740.43	399	748		35		
773	Stewart, Christin	DET	OF	740.63	453	749		26		
774	King, Michael	NYY	P	740.64	402	746		28		
775	Munoz, Yairo	BOS	OF	740.75	605	742		33		
776	Yajure, Miguel	PIT	P	740.83	521	743		20		
777	India, Jonathan	CIN	3B	741.26	529	749		31		
778	Frazier, Todd	NYM	1B, 3B	741.33	545	746		21		
779	Mateo, Jorge	SD	OF	741.34	502	746		25		
780	Cespedes, Yoelkis	CWS	OF	741.47	518	741		14		
781	Jackson, Alex	ATL	C	741.53	481	750		21		
782	Urias, Ramon	BAL	SS	741.63	527	744		21		
783	Cespedes, Yoenis	NYM	UT	741.74	401	750		23		
784	Naquin, Tyler	CLE	OF	741.78	544	743		22		
785	Young, Alex	ARZ	P	742.00	580	740		26		
786	Zimmer, Kyle	KC	P	742.13	577	749		31		
787	Rodriguez, Grayson	BAL	P	742.17	480	747		11		
788	Plutko, Adam	CLE	P	742.25	559	746		23		
789	McHugh, Collin	TB	P	742.70	532	749		20		
790	Weathers, Ryan	SD	P	742.78	511	749		21		
791	Welker, Colton	COL	UT	742.87	531	746		18		
792	Liberatore, Matt	STL	P	742.99	564	748		22		
793	O'Hearn, Ryan	KC	1B	742.99	447	748		15		
794	Apostel, Sherten	TEX	1B	743.01	551	750		26		
795	Merryweather, Julian	TOR	P	743.01	564	749		25		
796	Garrett, Braxton	MIA	P	743.08	529	748		19		
797	Panik, Joe	TOR	2B, 3B, SS	743.16	527	747		21		
798	Bird, Greg	PHI	UT	743.18	508	745		12		
799	Raleigh, Cal	SEA	C	743.34	532	747		15		
800	Curtiss, John	TB	P	743.36	562	750		26		
801	Freeman, Tyler	CLE	SS	743.51	586	744		25		
802	Junis, Jakob	KC	P	743.66	531	748		16		
803	Gennett, Scooter	SF	2B	743.70	475	588		6		
804	Samardzija, Jeff	SF	P	743.70	517	737		16		
805	Jones, Jahmai	BAL	2B	743.72	582	748		19		
806	Middleton, Keynan	SEA	P	743.95	563	749		19		
807	Almora Jr., Albert	NYM	OF	744.02	420	740		11		
808	Casas, Triston	BOS	1B	744.33	587	747		19		
809	Guillorme, Luis	NYM	2B	744.49	560	742		15		
810	Sogard, Eric	MLW	2B, 3B, SS	744.51	584	748		22		
811	Luplow, Jordan	CLE	OF	744.79	541	749		18		
812	Neuse, Sheldon	LAD	2B	744.86	500	741		19		
813	Bailey, Homer	MIN	P	744.89	493	746		18		
814	Abbott, Cory	CHC	P	744.90	589	744		15		
815	Tom, Ka'ai	OAK	UT	745.22	497	749		13		
816	Sulser, Cole	BAL	P	745.34	369	748		5		
817	Beaty, Matt	LAD	1B	745.36	620	750		16		
818	Hamilton, Billy	CHC	OF	745.47	493	737		9		
819	Weems, Jordan	OAK	P	745.59	596	744		14		
820	Ramos, Heliot	SF	OF	745.60	486	747		13		
821	Abreu, Bryan	HOU	P	745.63	598	749		16		
822	Colas, Oscar	FA	OF	745.70	550	740		12		
823	Verlander, Justin	HOU	P	745.78	326	746		8		
824	Hoyt, James	MIA	P	745.79	486	743		11		
825	Blankenhorn, Travis	MIN	2B	745.80	445	709		6		
826	Garcia, Jarlin	SF	P	745.85	566	739		9		
827	Robertson, David	PHI	P	745.89	469	696		6		
828	Raley, Brooks	HOU	P	745.94	542	740		9		
829	Peraza, Jose	BOS	2B	745.97	637	749		18		
830	Holmes, Grant	OAK	P	745.98	642	746		17		
831	Smith, Burch	OAK	P	746.18	630	748		18		
832	Brasier, Ryan	BOS	P	746.28	585	749		13		
833	Borucki, Ryan	TOR	P	746.29	523	748		10		
834	Chirinos, Robinson	NYM	C	746.43	594	750		22		
835	Diaz, Jairo	COL	P	746.43	580	734		9		
836	Sanchez, Jesus	MIA	OF	746.55	633	749		17		
837	Medina, Luis	NYY	P	746.56	479	739		4		
838	Stashak, Cody	MIN	P	746.68	559	736		12		
839	Perez, Michael	PIT	C	746.69	661	746		18		
840	Bradley, Bobby	CLE	UT	746.74	525	750		10		
841	Robinson, Kristian	ARZ	OF	746.76	530	586		4		
842	Kay, Anthony	TOR	P	746.81	541	746		10		
843	Adrianza, Ehire	MIN	3B, SS	746.83	492	721		6		
844	Fedde, Erick	WAS	P	746.87	527	746		9		
845	Chang, Yu	CLE	SS	746.88	562	700		5		
846	Owings, Chris	COL	2B	746.89	611	748		15		
847	McKinstry, Zach	LAD	UT	746.97	610	750		12		
848	Davis, Jaylin	SF	OF	747.07	513	737		7		
849	Clevinger, Mike	SD	P	747.20	303	537		2		
850	Markakis, Nick	ATL	OF	747.21	561	743		9		
851	Taylor, Tyrone	MLW	OF	747.27	583	750		8		
852	Moss, Scott	CLE	P	747.32	547	726		6		
853	Souza Jr., Steven	CHC	OF	747.34	621	737		11		
854	Murphy, Daniel	COL	1B	747.34	546	749		9		
855	Martin, Austin	TOR	SS	747.35	482	748		9		
856	Farmer, Buck	DET	P	747.36	545	749		7		
857	Clarke, Taylor	ARZ	P	747.37	519	744		11		
858	Castillo, Jose	SD	P	747.47	630	747		11		
859	Tomlin, Josh	ATL	P	747.48	454	746		5		
860	Woods-Richardson, Simeon	TOR	P	747.57	597	742		11		
861	Yang, Hyeon-jong	FA	P	747.60	564	704		6		
862	Heath, Nick	KC	OF	747.63	483	718		5		
863	Miller, Owen	CLE	SS	747.67	590	747		11		
864	Holland, Derek	PIT	P	747.68	314	724		4		
865	Delaplane, Sam	SEA	P	747.70	560	749		16		
866	Luciano, Marco	SF	SS	747.70	567	730		5		
867	Solomon, Peter	HOU	P	747.89	558	737		4		
868	Fisher, Derek	TOR	OF	747.90	570	743		8		
869	Lowther, Zac	BAL	P	747.90	630	743		12		
870	Allen, Greg	NYY	OF	747.94	653	749		15		
871	Smeltzer, Devin	MIN	P	747.99	587	744		8		
872	Adam, Jason	CHC	P	748.02	569	717		8		
873	Marisnick, Jake	CHC	OF	748.13	571	731		6		
874	Hirano, Yoshihisa	SEA	P	748.22	629	738		8		
875	Palumbo, Joe	TEX	P	748.25	666	745		13		
876	Greene, Hunter	CIN	P	748.26	646	742		11		
877	Stanek, Ryne	HOU	P	748.29	533	735		4		
878	Giles, Ken	TOR	P	748.31	415	724		4		
879	Topa, Justin	MLW	P	748.35	597	683		4		
880	Bannon, Rylan	BAL	UT	748.35	587	745		6		
881	Ivey, Tyler	HOU	P	748.36	648	750		12		
882	Taylor, Blake	HOU	P	748.36	461	746		4		
883	Wolters, Tony	COL	C	748.39	642	749		10		
884	Cederlind, Blake	PIT	P	748.44	631	750		15		
885	Fowler, Dustin	OAK	UT	748.44	504	717		3		
886	Wilson, Justin	NYM	P	748.48	569	646		3		
887	Devenski, Chris	HOU	P	748.50	539	693		3		
888	Abrams, CJ	SD	SS	748.53	502	743		5		
889	O'Day, Darren	NYY	P	748.54	554	746		5		
890	Leake, Mike	ARZ	P	748.58	616	737		7		
891	Detmers, Reid	LAA	P	748.59	660	748		13		
892	Toussaint, Touki	ATL	P	748.59	659	747		14		
893	Arauz, Jonathan	BOS	2B	748.60	545	652		3		
894	Feliz, Michael	PIT	P	748.62	633	740		9		
895	Crowe, Wil	PIT	P	748.64	663	747		10		
896	Phillips, Brett	TB	OF	748.66	592	748		5		
897	Holder, Kyle	CIN	UT	748.66	516	735		5		
898	Kipnis, Jason	CHC	2B	748.67	588	688		4		
899	Zimmerman, Ryan	WAS	UT	748.71	591	744		6		
900	Santana, Dennis	LAD	P	748.72	547	733		3		
901	Zimmermann, Bruce	BAL	P	748.82	617	687		4		
902	Almonte, Yency	COL	P	748.85	601	742		6		
903	Montero, Elehuris	COL	UT	748.87	418	743		3		
904	Misiewicz, Anthony	SEA	P	748.87	552	743		6		
905	Ramirez, Noe	CIN	P	748.91	464	716		3		
906	Nido, Tomas	NYM	C	748.95	669	745		10		
907	Floro, Dylan	MIA	P	748.99	581	743		4		
908	Martinez, Jose	CHC	UT	748.99	607	750		9		
909	Duplantier, Jon	ARZ	P	749.05	601	750		6		
910	Yamamoto, Jordan	NYM	P	749.07	575	750		5		
911	Castillo, Welington	WAS	C	749.09	501	750		7		
912	Romero, Seth	WAS	P	749.11	559	746		4		
913	Daza, Yonathan	COL	UT	749.13	581	742		4		
914	Hernandez, Felix	ATL	P	749.14	628	724		5		
915	Baz, Shane	TB	P	749.16	649	749		9		
916	McGuire, Reese	TOR	C	749.16	599	738		5		
917	Thompson, Zack	STL	P	749.17	608	736		4		
918	Walls, Taylor	TB	UT	749.18	653	741		8		
919	Jackson, Luke	ATL	P	749.21	548	716		3		
920	Lopez, Yoan	ARZ	P	749.24	593	746		4		
921	Meyer, Max	MIA	P	749.27	616	750		7		
922	Sosa, Edmundo	STL	UT	749.29	596	608		2		
923	O'Grady, Brian	SD	OF	749.32	652	748		7		
924	Osuna, Jose	PIT	1B, OF	749.32	488	721		2		
925	Szapucki, Thomas	NYM	P	749.33	624	741		4		
926	Coonrod, Sam	PHI	P	749.33	554	658		2		
927	Cahill, Trevor	SF	P	749.39	538	748		5		
928	Mercedes, Yermin	CWS	UT	749.40	487	737		2		
929	Kelly, Joe	LAD	P	749.43	588	737		4		
930	Mathisen, Wyatt	ARZ	3B	749.45	645	732		5		
931	Lacy, Asa	KC	P	749.45	664	730		5		
932	Chirinos, Yonny	TB	P	749.46	516	718		2		
933	Newsome, Ljay	SEA	P	749.47	541	740		3		
934	Young, Andy	ARZ	2B	749.51	685	750		8		
935	Widener, Taylor	ARZ	P	749.51	561	742		3		
936	Davis, Chris	BAL	1B	749.56	593	744		5		
937	Tromp, Chadwick	SF	C	749.57	670	750		8		
938	Castro, Miguel	NYM	P	749.59	645	724		4		
939	Swaggerty, Travis	PIT	OF	749.61	654	723		4		
940	Burdi, Nick	PIT	P	749.61	536	725		2		
941	Grullon, Deivy	CIN	C	749.66	517	517		1		
942	Alexander, Tyler	DET	P	749.70	684	740		6		
943	Vesia, Alex	LAD	P	749.72	642	745		6		
944	Amaya, Miguel	CHC	UT	749.73	584	737		4		
945	Ferguson, Caleb	LAD	P	749.75	647	735		3		
946	Ober, Bailey	MIN	P	749.75	592	726		3		
947	Schunk, Aaron	COL	UT	749.76	627	659		2		
948	Cantillo, Joey	CLE	P	749.79	541	541		1		
949	Jankowski, Travis	CIN	OF	749.79	540	540		1		
950	Tuivailala, Sam	SEA	P	749.80	599	695		2		
951	Chatham, C.J.	PHI	UT	749.83	556	743		2		
952	Lucroy, Jonathan	PHI	UT	749.87	622	684		2		
953	Wojciechowski, Asher	BAL	P	749.90	590	720		2		
954	Zimmermann, Jordan	DET	P	749.94	614	703		2		
955	Gonzalez, Gio	CWS	P	749.96	677	716		3		
956	Ponce, Cody	PIT	P	749.96	626	750		4		
957	Higgins, P.J.	CHC	UT	749.97	571	571		1		
958	Cano, Robinson	NYM	2B	749.97	572	572		1		
959	Rasmussen, Drew	MLW	P	749.98	675	746		6		
960	Santana, Ervin	CWS	P	750.00	577	577		1		
961	Peterson, Tim	NYM	P	750.01	578	578		1		
962	Ervin, Phillip	CHC	OF	750.03	694	741		6		
963	Burrows, Beau	DET	P	750.03	599	735		2		
964	Oviedo, Johan	STL	P	750.04	667	668		2		
965	Webb, Jacob	ATL	P	750.04	584	584		1		
966	Eickhoff, Jerad	TEX	P	750.05	586	586		1		
967	Bukauskas, J.B.	ARZ	P	750.08	664	738		4		
968	Gonzales, Nick	PIT	UT	750.08	591	591		1		
969	Rodriguez, Yerry	TEX	P	750.09	599	744		2		
970	Tepera, Ryan	CHC	P	750.09	593	593		1		
971	Cabrera, Melky	PIT	UT	750.11	597	597		1		
972	Bracho, Aaron	CLE	UT	750.13	600	600		1		
973	Clippard, Tyler	MIN	P	750.14	675	740		3		
974	Gamel, Ben	MLW	OF	750.17	609	749		2		
975	Holt, Brock	WAS	3B, OF	750.17	693	718		3		
976	Garcia, Aramis	OAK	UT	750.19	654	707		2		
977	Pruitt, Austin	HOU	P	750.19	649	735		3		
978	Maybin, Cameron	CHC	OF	750.20	691	747		4		
979	Medina, Adonis	PHI	P	750.20	611	611		1		
980	Williams, Taylor	SD	P	750.22	691	720		3		
981	Kendrick, Howie	WAS	UT	750.24	681	689		2		
982	Doyle, Tommy	COL	P	750.28	675	702		2		
983	Cessa, Luis	NYY	P	750.28	699	728		3		
984	Hernandez, Carlos	KC	P	750.28	660	744		3		
985	Briceno, Jose	LAA	C	750.29	695	744		5		
986	Drury, Brandon	TOR	3B	750.30	661	720		2		
987	Familia, Jeurys	NYM	P	750.32	640	750		3		
988	Perdomo, Geraldo	ARZ	UT	750.32	667	740		3		
989	Anderson, Shaun	MIN	P	750.34	710	716		3		
990	Joyce, Matt	MIA	OF	750.36	649	742		2		
991	Lowrie, Jed	NYM	UT	750.36	704	725		3		
992	Underwood Jr., Duane	CHC	P	750.36	725	743		6		
993	Winkler, Dan	CHC	P	750.36	683	708		2		
994	Hall, DL	BAL	P	750.40	670	747		3		
995	Hearn, Taylor	TEX	P	750.41	673	750		3		
996	Burdi, Zack	CWS	P	750.42	708	735		3		
997	Bettinger, Alec	MLW	P	750.42	703	749		4		
998	Kennedy, Ian	KC	P	750.43	651	651		1		
999	Baumann, Michael	BAL	P	750.44	718	735		4		
1000	Gordon, Nick	MIN	SS	750.44	703	746		5		
1001	Turang, Brice	MLW	UT	750.47	698	711		2		
1002	Espinal, Santiago	TOR	SS	750.48	690	737		3		
1003	Nelson, Kyle	CLE	P	750.49	677	736		2		
1004	Dayton, Grant	ATL	P	750.49	665	748		2		
1005	Rolison, Ryan	COL	P	750.51	705	711		2		
1006	Morgan, Eli	CLE	P	750.52	714	747		7		
1007	Zuber, Tyler	KC	P	750.52	694	724		2		
1008	Herrera, Ivan	STL	UT	750.52	668	668		1		
1009	Selman, Sam	SF	P	750.53	670	670		1		
1010	Magill, Matt	SEA	P	750.55	673	750		2		
1011	Davidson, Tucker	ATL	P	750.55	725	744		4		
1012	Noll, Jake	WAS	UT	750.56	674	674		1		
1013	Beeks, Jalen	TB	P	750.56	675	675		1		
1014	Difo, Wilmer	WAS	SS	750.57	676	676		1		
1015	Kemp, Matt	COL	UT	750.59	712	718		2		
1016	Nelson, Jimmy	LAD	P	750.59	712	718		2		
1017	Robertson, Daniel	MLW	UT	750.59	691	740		2		
1018	Vilade, Ryan	COL	SS	750.60	682	682		1		
1019	Edwards Jr., Carl	SEA	P	750.61	683	683		1		
1020	Santana, Domingo	CLE	OF	750.64	688	688		1		
1021	Smith, Kevan	TB	C	750.64	701	739		2		
1022	Shewmake, Braden	ATL	UT	750.66	691	691		1		
1023	McKinney, Billy	MLW	UT	750.67	693	693		1		
1024	Starling, Bubba	KC	OF	750.67	694	694		1		
1025	Craig, Will	PIT	1B	750.68	722	748		4		
1026	Dyson, Jarrod	CWS	OF	750.68	696	696		1		
1027	Hernandez, Ronaldo	TB	C	750.69	707	749		4		
1028	Ray, Corey	MLW	UT	750.70	698	698		1		
1029	Estevez, Carlos	COL	P	750.70	699	699		1		
1030	Mata, Bryan	BOS	P	750.71	712	740		2		
1031	Stiever, Jonathan	CWS	P	750.71	700	700		1		
1032	Davis, Brennen	CHC	UT	750.71	701	701		1		
1033	Armstrong, Shawn	BAL	P	750.72	728	747		4		
1034	Hjelle, Sean	SF	P	750.72	720	749		3		
1035	Nishikawa, Haruki	FA	OF	750.74	706	706		1		
1036	Lopez, Jorge	BAL	P	750.74	726	742		3		
1037	Hoese, Kody	LAD	UT	750.75	710	748		2		
1038	Stubbs, Garrett	HOU	C	750.75	708	708		1		
1039	Florial, Estevan	NYY	OF	750.75	724	734		2		
1040	Nova, Ivan	DET	P	750.75	707	707		1		
1041	Garcia, Greg	SD	2B, 3B	750.75	708	708		1		
1042	Newcomb, Sean	ATL	P	750.75	707	707		1		
1043	Carroll, Corbin	ARZ	UT	750.76	710	710		1		
1044	Miller, Tyson	CHC	P	750.76	709	709		1		
1045	Reks, Zach	LAD	UT	750.76	709	709		1		
1046	Rea, Colin	CHC	P	750.77	711	711		1		
1047	Hancock, Emerson	SEA	P	750.77	711	711		1		
1048	Wieters, Matt	STL	C	750.77	711	711		1		
1049	Espino, Daniel	CLE	P	750.79	719	746		2		
1050	Gott, Trevor	SF	P	750.79	714	714		1		
1051	Rengifo, Luis	LAA	2B	750.79	719	747		2		
1052	Brebbia, John	SF	P	750.80	729	738		2		
1053	Cavalli, Cade	WAS	P	750.80	723	745		2		
1054	Thornton, Trent	TOR	P	750.81	718	718		1		
1055	Fox, Lucius	KC	UT	750.82	720	720		1		
1056	Baddoo, Akil	DET	UT	750.82	720	720		1		
1057	McWilliams, Sam	NYM	P	750.83	730	743		2		
1058	Ynoa, Huascar	ATL	P	750.83	722	722		1		
1059	Bednar, David	PIT	P	750.83	731	741		2		
1060	Perez, Franklin	DET	P	750.83	723	750		2		
1061	Hendrix, Ryan	CIN	P	750.83	722	722		1		
1062	Small, Ethan	MLW	P	750.84	727	748		2		
1063	Mendick, Danny	CWS	2B	750.84	724	724		1		
1064	Ramirez, Harold	MIA	OF	750.85	733	743		2		
1065	Garcia, Adolis	TEX	UT	750.85	734	742		2		
1066	Isbel, Kyle	KC	UT	750.86	726	726		1		
1067	Alvarez, Daniel	NYY	P	750.86	738	749		4		
1068	Mathias, Mark	MLW	OF	750.86	726	726		1		
1069	Marchan, Rafael	PHI	UT	750.86	727	727		1		
1070	Groome, Jay	BOS	P	750.86	727	727		1		
1071	Rutledge, Jackson	WAS	P	750.87	729	729		1		
1072	Busch, Michael	LAD	UT	750.87	732	748		2		
1073	Bielak, Brandon	HOU	P	750.87	729	729		1		
1074	Rondon, Angel	STL	P	750.87	729	729		1		
1075	Straily, Dan	BAL	P	750.88	740	747		3		
1076	Falter, Bailey	PHI	P	750.89	737	745		2		
1077	Shreve, Chasen	NYM	P	750.89	732	732		1		
1078	Feliz, Neftali	ARZ	P	750.89	732	732		1		
1079	Greene, Riley	DET	OF	750.89	737	746		2		
1080	Reed, Cody	TB	P	750.90	734	734		1		
1081	Kahnle, Tommy	LAD	P	750.90	733	733		1		
1082	Joe, Connor	SF	UT	750.90	739	746		2		
1083	Thorpe, Lewis	MIN	P	750.91	736	736		1		
1084	Moniak, Mickey	PHI	OF	750.91	742	750		3		
1085	Parker, Blake	PHI	P	750.91	740	747		2		
1086	Sandoval, Pablo	ATL	1B	750.92	737	737		1		
1087	Neidert, Nick	MIA	P	750.92	737	737		1		
1088	Ball, Bryce	ATL	UT	750.93	739	739		1		
1089	Smoak, Justin	SF	1B	750.93	739	739		1		
1090	Springs, Jeffrey	BOS	P	750.93	739	739		1		
1091	Machin, Vimael	OAK	3B	750.93	739	739		1		
1092	Velazquez, Andrew	BAL	SS, OF	750.94	741	741		1		
1093	Mears, Nick	PIT	P	750.94	741	741		1		
1094	Muller, Kyle	ATL	P	750.94	740	740		1		
1095	Davis, Wade	COL	P	750.94	741	741		1		
1096	Puello, Cesar	BOS	UT	750.95	743	743		1		
1097	Rodriguez, Chris	LAA	P	750.95	743	743		1		
1098	Herrera, Odubel	PHI	UT	750.95	746	748		2		
1099	Reid-Foley, Sean	NYM	P	750.96	744	744		1		
1100	Miller, Shelby	MLW	P	750.96	744	744		1		
1101	Chacin, Jhoulys	ATL	P	750.97	745	745		1		
1102	Goudeau, Ashton	BAL	P	750.97	745	745		1		
1103	Bowden, Ben	COL	P	750.97	745	745		1		
1104	Santillan, Tony	CIN	P	750.98	747	747		1		
1105	Vavra, Terrin	COL	UT	750.98	747	747		1		
1106	Gil, Luis	NYY	P	750.98	748	748		1		
1107	Demeritte, Travis	ATL	OF	750.98	748	748		1		
1108	Bishop, Braden	SEA	OF	750.99	749	749		1		
1109	Cron, Kevin	ARZ	UT	750.99	750	750		1		
