"Name","Team","W","L","SV","ERA","GS","G","IP","H","ER","HR","SO","BB","WHIP","K/9","BB/9","FIP","ADP","playerid"
"Jacob deGrom","Mets","16","8","0","3.07","32","32","204.0","157","70","22","272","61","1.07","11.99","2.71","2.95","6.6","10954"
"Liam Hendriks","White Sox","3","2","0","3.31","0","68","68.0","55","25","8","93","19","1.10","12.29","2.56","3.00","63.9","3548"
"Edwin Diaz","Mets","3","2","0","3.17","0","63","63.0","47","22","7","92","23","1.12","13.10","3.28","3.00","86.2","14710"
"James Karinchak","Indians","3","2","0","3.00","0","63","63.0","41","21","7","100","32","1.16","14.30","4.53","3.05","109.7","20151"
"Shane Bieber","Indians","14","9","0","3.19","31","31","192.0","159","68","23","245","47","1.07","11.46","2.21","3.05","9.8","19427"
"Aroldis Chapman","Yankees","4","2","0","2.98","0","63","63.0","45","21","6","89","28","1.16","12.75","4.02","3.07","76.5","10233"
"Josh Hader","Brewers","3","2","0","2.90","0","63","63.0","41","20","8","95","25","1.05","13.52","3.64","3.10","59.8","14212"
"Jose Castillo","Padres","1","0","0","3.10","0","14","14.0","11","5","1","17","5","1.14","11.05","3.17","3.13","999.0","17169"
"Taylor Rogers","Twins","3","2","0","3.48","0","63","63.0","59","24","6","68","16","1.19","9.71","2.30","3.20","140.6","13449"
"Nick Anderson","Rays","3","2","0","3.21","0","63","63.0","47","22","9","87","19","1.06","12.45","2.75","3.32","166.5","18337"
"Chris Sale","Red Sox","7","5","0","3.44","16","16","96.0","77","37","13","130","28","1.10","12.20","2.66","3.33","248.0","10603"
"Devin Williams","Brewers","3","2","0","3.33","0","63","63.0","47","23","6","86","31","1.23","12.31","4.39","3.36","179.0","15816"
"Aaron Bummer","White Sox","3","2","0","3.00","0","62","62.0","52","21","4","60","25","1.24","8.73","3.58","3.41","486.3","16258"
"Kirby Yates","Blue Jays","3","2","0","3.51","0","60","60.0","47","23","9","88","20","1.11","13.13","3.04","3.47","183.9","9073"
"Richard Lovelady","Royals","2","2","0","3.39","0","44","44.0","41","17","3","38","13","1.24","7.78","2.73","3.47","999.0","19337"
"Gerrit Cole","Yankees","15","9","0","3.56","32","32","200.0","163","79","31","265","56","1.10","11.90","2.52","3.50","6.3","13125"
"Cionel Perez","Reds","1","1","0","3.26","0","26","26.0","22","9","2","27","11","1.24","9.21","3.64","3.53","999.0","19614"
"Ryan Pressly","Astros","3","2","0","3.52","0","63","63.0","55","25","8","71","18","1.16","10.20","2.55","3.55","128.0","7005"
"Luis Severino","Yankees","6","4","0","3.62","15","15","85.0","77","34","11","93","22","1.15","9.87","2.28","3.56","411.4","15890"
"Dellin Betances","Mets","3","2","0","3.59","0","55","55.0","44","22","6","69","25","1.24","11.33","4.03","3.57","600.0","6216"
"Jake Diekman","Athletics","3","2","0","3.19","0","63","63.0","48","22","5","77","34","1.29","10.96","4.80","3.59","304.6","5003"
"Joely Rodriguez","Rangers","3","3","0","3.56","0","63","63.0","55","25","6","72","27","1.31","10.32","3.92","3.59","594.4","11487"
"Andrew Chafin","","3","2","0","3.55","0","60","60.0","53","24","6","65","24","1.28","9.72","3.67","3.61","999.0","12988"
"Kenley Jansen","Dodgers","4","2","0","3.62","0","63","63.0","53","25","9","74","15","1.08","10.55","2.16","3.62","144.4","3096"
"Tyler Glasnow","Rays","11","8","0","3.52","28","28","161.0","127","63","23","211","59","1.16","11.78","3.32","3.63","54.6","14374"
"Brandon Woodruff","Brewers","12","9","0","3.61","29","29","172.0","150","69","22","189","50","1.16","9.88","2.62","3.65","34.8","16162"
"Francis Martes","Astros","1","0","0","3.51","0","10","10.0","8","4","1","12","4","1.25","10.59","3.97","3.66","999.0","17303"
"Blake Snell","Padres","11","8","0","3.84","28","28","160.0","140","68","21","193","60","1.25","10.83","3.38","3.67","45.3","13543"
"Cody Stashak","Twins","3","2","0","3.72","0","60","60.0","52","25","8","65","15","1.12","9.78","2.19","3.69","600.1","18088"
"Walker Buehler","Dodgers","13","7","0","3.67","29","29","169.0","149","69","23","185","46","1.15","9.84","2.47","3.70","19.6","19374"
"Brusdar Graterol","Dodgers","3","2","0","3.43","0","60","60.0","54","23","5","52","19","1.21","7.74","2.78","3.71","464.2","20367"
"Chad Green","Yankees","3","2","0","3.98","0","60","60.0","55","27","9","74","16","1.19","11.03","2.45","3.71","564.8","15552"
"Jose Leclerc","Rangers","3","3","0","3.39","0","60","60.0","40","23","6","84","36","1.27","12.54","5.34","3.73","344.5","14524"
"Kevin Gausman","Giants","11","10","0","4.10","29","29","169.0","160","77","22","189","57","1.28","10.08","3.02","3.73","136.9","14107"
"A.J. Puk","Athletics","5","5","0","3.57","11","26","81.0","67","32","9","91","33","1.23","10.14","3.66","3.75","388.0","19343"
"Jose Alvarado","Phillies","3","2","0","3.54","0","58","58.0","51","23","5","59","27","1.33","9.16","4.13","3.76","571.2","17780"
"Austin Adams","Padres","3","2","0","3.58","0","55","55.0","40","22","5","79","36","1.38","12.87","5.95","3.77","595.6","13801"
"Max Scherzer","Nationals","12","9","0","3.75","29","29","178.0","149","74","28","222","51","1.12","11.21","2.59","3.77","29.8","3137"
"Tyler Rogers","Giants","3","2","0","3.74","0","63","63.0","59","26","5","54","24","1.32","7.74","3.41","3.78","552.9","15541"
"Keone Kela","Pirates","3","3","0","3.53","0","50","50.0","39","20","6","60","21","1.19","10.81","3.74","3.78","568.0","14696"
"Yu Darvish","Padres","13","9","0","3.82","31","31","184.0","155","78","26","220","62","1.18","10.77","3.02","3.78","17.5","13074"
"Dinelson Lamet","Padres","10","7","0","3.85","24","24","139.0","115","59","19","175","54","1.21","11.31","3.47","3.79","77.8","17186"
"Alex Claudio","Angels","3","2","0","3.53","0","52","52.0","51","20","5","37","13","1.23","6.40","2.18","3.80","999.0","12890"
"Diego Castillo","Rays","3","2","0","3.41","0","63","63.0","53","24","7","63","21","1.18","9.00","2.97","3.80","334.8","17496"
"Phil Maton","Indians","3","2","0","3.78","0","60","60.0","52","25","8","70","21","1.22","10.43","3.14","3.80","598.7","18064"
"A.J. Minter","Braves","3","2","0","3.82","0","60","60.0","54","25","7","64","23","1.28","9.67","3.42","3.81","561.8","18655"
"Tyler Duffey","Twins","3","2","0","3.97","0","63","63.0","60","28","9","68","17","1.22","9.74","2.40","3.81","477.6","13758"
"Trevor Bauer","","14","10","0","3.62","32","32","201.0","160","81","28","244","74","1.16","10.94","3.33","3.81","16.0","12703"
"Alex Reyes","Cardinals","3","2","0","3.56","0","58","58.0","45","23","5","70","33","1.33","10.82","5.10","3.81","385.5","15015"
"Noah Syndergaard","Mets","6","5","0","4.12","16","16","96.0","92","44","11","92","28","1.25","8.62","2.62","3.81","303.1","11762"
"Pierce Johnson","Padres","3","2","0","3.81","0","60","60.0","49","25","8","76","26","1.26","11.35","3.95","3.82","591.4","13435"
"Corbin Burnes","Brewers","10","8","0","3.88","26","26","149.0","129","64","19","178","59","1.26","10.76","3.56","3.82","62.2","19361"
"Will Smith","Braves","3","2","0","3.76","0","62","62.0","54","26","9","73","20","1.20","10.57","2.92","3.82","261.2","8048"
"Brad Hand","Nationals","3","2","0","3.92","0","65","65.0","59","28","10","76","20","1.21","10.58","2.72","3.83","142.4","9111"
"Brad Wieck","Cubs","1","1","0","3.89","0","27","27.0","22","12","3","36","14","1.33","12.15","4.61","3.83","999.0","16390"
"Lance McCullers Jr.","Astros","11","8","0","3.73","28","28","160.0","142","66","17","168","62","1.28","9.43","3.48","3.84","123.3","14120"
"Dillon Maples","Cubs","1","1","0","3.53","0","14","14.0","10","5","1","19","10","1.45","12.50","6.53","3.84","999.0","14672"
"Lou Trivino","Athletics","3","2","0","3.66","0","63","63.0","56","26","7","62","23","1.25","8.90","3.32","3.84","578.9","15043"
"Aaron Nola","Phillies","13","9","0","3.75","31","31","188.0","164","78","23","208","69","1.24","9.93","3.29","3.84","22.9","16149"
"Zack Britton","Yankees","3","2","0","3.16","0","63","63.0","55","22","4","51","29","1.33","7.35","4.14","3.84","379.2","3240"
"Tim Hill","Padres","3","2","0","3.74","0","53","53.0","50","22","6","51","18","1.28","8.61","3.05","3.85","999.0","16814"
"Jordan Hicks","Cardinals","2","2","0","3.31","0","50","50.0","42","18","3","46","24","1.33","8.29","4.39","3.85","260.0","19618"
"Craig Kimbrel","Cubs","3","3","0","3.75","0","63","63.0","49","26","9","84","26","1.19","11.98","3.78","3.86","195.3","6655"
"Josh James","Astros","1","0","0","3.76","0","12","12.0","9","5","1","15","6","1.31","11.52","4.69","3.86","598.2","16794"
"Chris Martin","Braves","3","2","0","4.04","0","62","62.0","62","28","9","61","12","1.20","8.92","1.81","3.87","360.0","11847"
"Brent Suter","Brewers","4","3","0","3.88","3","63","79.0","75","34","11","78","20","1.20","8.94","2.25","3.87","561.2","13942"
"Jesus Luzardo","Athletics","10","8","0","3.72","26","26","151.0","135","62","18","149","48","1.21","8.86","2.86","3.88","105.7","19959"
"Blake Treinen","Dodgers","4","2","0","3.91","0","65","65.0","63","28","7","59","22","1.31","8.23","3.06","3.88","448.3","12572"
"Conner Menez","Giants","1","1","0","3.96","0","20","20.0","17","9","2","23","10","1.38","10.34","4.70","3.89","999.0","19199"
"John Schreiber","Tigers","2","2","0","3.75","0","37","37.0","33","15","4","35","11","1.19","8.43","2.68","3.90","999.0","20020"
"Freddy Peralta","Brewers","7","6","0","3.86","11","64","119.0","98","51","16","148","51","1.25","11.16","3.86","3.91","360.2","18679"
"Jace Fry","White Sox","3","2","0","3.68","0","50","50.0","43","20","5","55","25","1.36","9.91","4.51","3.91","999.0","16159"
"Peter Fairbanks","Rays","3","2","0","3.76","0","60","60.0","51","25","8","70","24","1.26","10.56","3.64","3.92","469.9","17998"
"Mark Melancon","","4","4","0","3.72","0","63","63.0","60","26","6","51","19","1.27","7.35","2.75","3.92","318.2","4264"
"Stefan Crichton","Diamondbacks","3","3","0","4.21","0","63","63.0","63","29","7","58","21","1.33","8.25","2.99","3.92","257.5","16058"
"Jack Flaherty","Cardinals","12","10","0","3.68","31","31","176.0","150","72","24","191","58","1.18","9.78","2.97","3.92","31.0","17479"
"Raisel Iglesias","Angels","3","2","0","3.68","0","63","63.0","53","26","10","73","19","1.15","10.48","2.76","3.92","96.4","17130"
"Corey Knebel","Dodgers","3","2","0","3.88","0","55","55.0","46","24","7","65","22","1.24","10.70","3.57","3.92","550.4","15010"
"John Brebbia","Giants","1","1","0","4.16","0","12","12.0","11","6","2","14","4","1.23","10.31","2.84","3.92","999.0","12777"
"Joakim Soria","","3","3","0","3.81","0","60","60.0","53","25","8","65","20","1.22","9.76","3.05","3.93","597.0","6941"
"Clayton Kershaw","Dodgers","13","8","0","3.73","29","29","176.0","158","73","26","180","48","1.17","9.22","2.46","3.93","35.9","2036"
"Rowan Wick","Cubs","3","3","0","3.78","0","63","63.0","54","26","6","65","29","1.31","9.28","4.13","3.94","548.1","14646"
"Matt Barnes","Red Sox","3","3","0","4.04","0","65","65.0","57","29","9","83","31","1.35","11.48","4.32","3.94","231.3","12863"
"Evan Marshall","White Sox","3","2","0","3.97","0","60","60.0","57","26","7","60","21","1.31","8.97","3.16","3.94","596.4","12297"
"Stephen Strasburg","Nationals","11","9","0","3.97","28","28","164.0","149","72","24","183","53","1.23","10.03","2.90","3.95","71.6","10131"
"Silvino Bracho","Giants","0","0","0","3.97","0","10","10.0","9","4","2","12","3","1.20","10.49","2.94","3.96","999.0","15051"
"Lucas Giolito","White Sox","12","9","0","3.77","29","29","174.0","144","73","26","206","62","1.18","10.68","3.21","3.96","19.2","15474"
"Archie Bradley","Phillies","3","3","0","3.99","0","67","67.0","63","30","8","67","22","1.27","8.98","2.91","3.96","308.4","12918"
"Gabe Speier","","0","0","0","3.98","0","4","4.0","4","2","0","4","2","1.35","8.33","3.60","3.96","999.0","17170"
"Giovanny Gallegos","Cardinals","3","3","0","3.93","0","63","63.0","56","28","10","72","17","1.17","10.36","2.49","3.97","290.0","14986"
"Luis Castillo","Reds","12","10","0","3.84","31","31","182.0","158","78","23","207","76","1.28","10.26","3.76","3.97","27.0","15689"
"Kenta Maeda","Twins","11","9","0","3.93","29","29","170.0","148","74","24","189","57","1.21","10.00","3.03","3.97","46.5","18498"
"Tommy Kahnle","Dodgers","0","0","0","3.98","0","5","5.0","4","2","1","6","2","1.29","10.81","3.67","3.97","999.0","11384"
"Tanner Scott","Orioles","3","3","0","3.77","0","63","63.0","54","26","6","70","36","1.42","10.07","5.12","3.97","580.4","17586"
"Joe Musgrove","Padres","11","9","0","4.00","29","29","169.0","159","75","23","167","46","1.21","8.89","2.45","3.98","136.7","12970"
"Adam Kolarek","Dodgers","2","1","0","3.84","0","37","37.0","38","16","3","27","11","1.33","6.52","2.77","3.98","999.0","10843"
"Sixto Sanchez","Marlins","8","9","0","4.09","24","24","139.0","138","63","16","119","40","1.28","7.69","2.59","3.99","131.2","19680"
"Sam Selman","Giants","3","2","0","3.80","0","55","55.0","43","23","5","68","35","1.42","11.18","5.75","3.99","999.0","13397"
"Dylan Floro","Dodgers","2","1","0","4.37","0","41","41.0","45","20","5","33","11","1.36","7.20","2.34","4.00","597.3","13394"
"Matt Wisler","Giants","3","3","0","4.27","0","63","63.0","61","30","9","67","19","1.26","9.59","2.73","4.00","572.9","12804"
"Brett Martin","Rangers","2","3","0","4.19","0","55","55.0","56","26","6","49","21","1.39","8.05","3.36","4.02","999.0","17369"
"Seth Lugo","Mets","5","4","0","4.13","5","59","82.0","79","38","13","89","22","1.23","9.79","2.37","4.03","392.6","12447"
"Framber Valdez","Astros","10","8","0","3.93","26","26","151.0","141","66","17","151","62","1.35","9.01","3.70","4.03","96.9","17295"
"Drew Pomeranz","Padres","3","2","0","3.82","0","63","63.0","53","27","8","76","30","1.30","10.79","4.22","4.03","239.2","11426"
"Wander Suero","Nationals","3","2","0","4.26","0","54","54.0","52","26","7","56","18","1.30","9.29","3.01","4.03","999.0","15855"
"Jimmie Sherfy","","0","0","0","3.96","0","8","8.0","7","4","1","9","4","1.28","10.66","4.06","4.04","999.0","15118"
"Jake McGee","","3","3","0","3.87","0","56","56.0","48","24","8","64","19","1.20","10.34","3.13","4.04","999.0","7550"
"Zac Gallen","Diamondbacks","10","9","0","4.09","28","28","160.0","145","73","22","169","56","1.26","9.50","3.17","4.05","39.4","19291"
"Trevor May","Mets","3","3","0","4.18","0","64","64.0","57","30","10","81","27","1.30","11.45","3.73","4.05","514.6","6398"
"Reyes Moronta","Giants","3","2","0","3.95","0","56","56.0","46","25","7","65","27","1.31","10.40","4.39","4.06","446.5","14966"
"Jose Berrios","Twins","12","10","0","3.96","31","31","183.0","167","81","25","178","55","1.22","8.78","2.72","4.06","85.3","14168"
"Kent Emanuel","Astros","1","1","0","4.09","0","14","14.0","14","6","2","13","5","1.33","8.26","3.07","4.06","999.0","sa549399"
"Paul Fry","Orioles","2","3","0","3.94","0","56","56.0","52","25","5","57","27","1.40","9.12","4.34","4.07","999.0","15832"
"James Paxton","","10","8","0","3.95","26","26","150.0","133","66","24","167","50","1.22","10.04","3.00","4.07","262.1","11828"
"Anthony Misiewicz","Mariners","2","2","0","3.93","0","60","60.0","55","26","8","60","20","1.26","8.94","3.05","4.07","999.0","18152"
"Emilio Pagan","Padres","3","2","0","3.87","0","63","63.0","54","27","11","70","16","1.11","9.94","2.33","4.08","469.1","14771"
"Mike Soroka","Braves","9","7","0","4.01","24","24","139.0","140","62","15","106","39","1.28","6.87","2.51","4.08","173.8","18383"
"JoJo Romero","Phillies","2","1","0","3.88","0","38","38.0","36","16","4","34","15","1.36","8.02","3.64","4.09","999.0","19574"
"Ryan Borucki","Blue Jays","3","2","0","3.95","0","57","57.0","53","25","7","55","22","1.31","8.61","3.44","4.09","999.0","16350"
"Dustin May","Dodgers","9","7","0","4.07","21","36","137.0","137","62","16","112","39","1.28","7.39","2.55","4.09","166.9","19716"
"Lance Lynn","White Sox","13","10","0","4.02","31","31","185.0","167","83","28","201","60","1.23","9.80","2.94","4.09","50.8","2520"
"Ranger Suarez","Phillies","2","2","0","3.88","0","48","48.0","47","21","5","39","16","1.32","7.37","3.09","4.10","999.0","17277"
"Patrick Sandoval","Angels","2","2","0","3.97","3","29","45.0","42","20","5","44","18","1.33","8.76","3.52","4.10","552.1","19447"
"Sam Howard","Pirates","2","2","0","3.97","0","52","52.0","46","23","6","55","23","1.33","9.47","3.98","4.10","999.0","16265"
"Zack Wheeler","Phillies","12","9","0","4.08","29","29","180.0","179","82","23","156","51","1.28","7.79","2.57","4.12","91.7","10310"
"Frankie Montas","Athletics","9","9","0","4.08","26","26","148.0","138","67","20","147","50","1.27","8.96","3.02","4.12","157.6","14309"
"Trevor Gott","Giants","2","2","0","4.29","0","50","50.0","49","24","5","46","19","1.36","8.27","3.48","4.12","999.0","15046"
"Chris Paddack","Padres","8","6","0","4.06","19","19","113.0","107","51","18","111","28","1.20","8.87","2.25","4.13","109.1","20099"
"Trevor Rosenthal","","4","4","0","3.87","0","63","63.0","48","27","7","85","42","1.43","12.12","5.98","4.13","190.6","10745"
"Jacob Barnes","Mets","1","1","0","4.18","0","26","26.0","25","12","3","27","11","1.36","9.35","3.76","4.13","999.0","12323"
"Hyun-Jin Ryu","Blue Jays","12","9","0","4.09","29","29","174.0","172","79","26","161","45","1.25","8.32","2.31","4.13","76.0","14444"
"Pablo Lopez","Marlins","9","11","0","4.12","28","28","160.0","155","73","20","143","50","1.28","8.04","2.81","4.13","130.2","17085"
"Brandon Waddell","Twins","0","0","0","3.98","0","4","4.0","4","2","0","4","2","1.41","8.62","4.48","4.13","999.0","18347"
"Brent Honeywell Jr.","Rays","4","4","0","3.96","11","15","70.0","64","31","12","73","18","1.17","9.43","2.35","4.14","999.0","sa828706"
"Mike Mayers","Angels","3","3","0","4.32","0","63","63.0","60","30","10","73","22","1.30","10.39","3.10","4.14","477.4","15451"
"Stephen Tarpley","Mets","0","0","0","3.96","0","6","6.0","5","3","1","6","3","1.39","9.02","4.38","4.14","999.0","15859"
"Andrew Kittredge","","1","1","0","4.17","0","16","16.0","16","7","2","16","5","1.29","8.76","2.71","4.15","999.0","12828"
"Josh Sborz","Dodgers","1","0","0","4.17","0","12","12.0","11","6","2","13","5","1.33","9.60","3.90","4.15","999.0","18323"
"Carl Edwards Jr.","Braves","0","0","0","3.80","0","8","8.0","6","3","1","9","4","1.32","9.85","4.72","4.15","999.0","13607"
"Michael Feliz","Pirates","2","3","0","4.20","0","60","60.0","54","28","8","69","26","1.33","10.37","3.84","4.15","999.0","11903"
"Jordan Romano","Blue Jays","3","2","0","4.04","0","62","62.0","52","28","8","73","29","1.30","10.59","4.14","4.15","347.3","16122"
"Genesis Cabrera","Cardinals","2","2","0","3.83","0","38","38.0","32","16","4","40","18","1.32","9.53","4.28","4.15","591.4","17490"
"Eric Yardley","Brewers","3","2","0","4.07","0","56","56.0","57","25","6","43","18","1.33","6.89","2.91","4.16","999.0","15538"
"Will Harris","Nationals","3","2","0","4.16","0","58","58.0","58","27","8","53","16","1.28","8.23","2.47","4.16","599.0","3192"
"Bobby Wahl","Brewers","1","1","0","4.07","0","15","15.0","12","7","2","20","7","1.29","12.04","4.36","4.16","999.0","14832"
"Richard Rodriguez","Pirates","3","3","0","3.93","0","63","63.0","56","28","10","68","19","1.20","9.70","2.73","4.16","225.9","13549"
"Austin Davis","Pirates","0","0","0","4.09","0","10","10.0","9","5","1","10","4","1.35","8.95","3.69","4.16","999.0","17117"
"Richard Bleier","Marlins","3","3","0","4.23","0","60","60.0","67","28","7","37","13","1.33","5.55","1.88","4.17","999.0","7803"
"Carlos Carrasco","Mets","11","9","0","4.23","29","29","172.0","161","81","27","191","59","1.28","9.99","3.09","4.18","68.0","6632"
"Mychal Givens","Rockies","3","3","0","4.57","0","65","65.0","63","33","9","70","24","1.34","9.68","3.33","4.18","575.2","10430"
"Jonathan Holder","Cubs","2","2","0","4.24","0","34","34.0","34","16","4","28","10","1.27","7.54","2.56","4.18","999.0","16588"
"Tejay Antone","Reds","6","7","0","4.28","15","39","109.0","107","52","14","109","43","1.37","9.04","3.51","4.18","999.0","16233"
"Adrian Morejon","Padres","4","4","0","4.20","10","22","68.0","64","32","10","68","24","1.30","9.05","3.20","4.18","521.1","20039"
"Alex Wood","Giants","8","9","0","4.34","23","28","137.0","140","66","18","119","42","1.33","7.81","2.76","4.18","506.1","13781"
"Joe Smith","Astros","3","2","0","3.90","0","54","54.0","50","23","8","50","14","1.19","8.41","2.40","4.18","999.0","3281"
"Kyle Hendricks","Cubs","12","10","0","4.07","31","31","188.0","186","85","26","148","41","1.21","7.08","1.96","4.19","86.7","12049"
"J.B. Wendelken","Athletics","3","2","0","4.06","0","60","60.0","52","27","9","67","25","1.29","10.10","3.79","4.19","480.5","14506"
"Michael King","Yankees","2","1","0","4.05","2","20","27.0","26","12","4","25","8","1.24","8.18","2.53","4.20","999.0","19853"
"Darren O'Day","","3","2","0","3.91","0","58","58.0","48","25","10","70","20","1.17","10.80","3.12","4.20","600.0","3321"
"Brendan McCurry","","0","0","0","3.99","0","6","6.0","5","3","1","7","2","1.23","9.87","3.04","4.20","999.0","sa829486"
"Sonny Gray","Reds","11","10","0","4.13","29","29","168.0","153","77","22","176","71","1.34","9.44","3.83","4.20","63.4","12768"
"Derek Law","","1","1","0","4.41","0","18","18.0","18","9","2","17","7","1.37","8.64","3.41","4.20","999.0","13133"
"Dominic Leone","","1","1","0","4.44","0","15","15.0","14","7","2","16","6","1.34","9.68","3.44","4.21","999.0","13763"
"Joe Jimenez","Tigers","2","3","0","4.13","0","55","55.0","49","25","8","57","18","1.22","9.31","2.91","4.21","586.3","15761"
"Jhoan Duran","Twins","3","3","0","4.15","6","14","46.0","43","21","6","45","18","1.32","8.85","3.49","4.21","999.0","sa873347"
"J.P. Feyereisen","Brewers","1","1","0","3.85","0","28","28.0","22","12","4","32","13","1.26","10.27","4.24","4.21","999.0","16610"
"Josh Taylor","Red Sox","2","1","0","4.51","0","35","35.0","35","18","4","37","16","1.47","9.49","4.15","4.22","999.0","17359"
"Scott Barlow","Royals","3","3","0","4.33","0","63","63.0","57","30","9","73","29","1.37","10.41","4.18","4.22","549.3","14993"
"Adam Ottavino","Red Sox","3","3","0","4.14","0","64","64.0","53","29","9","77","33","1.34","10.87","4.66","4.22","523.2","1247"
"Aaron Loup","Mets","2","2","0","4.35","0","44","44.0","44","21","5","42","17","1.38","8.69","3.46","4.23","999.0","10343"
"Max Fried","Braves","11","9","0","4.32","29","29","170.0","172","82","23","156","56","1.34","8.26","2.98","4.23","63.4","13743"
"Eduardo Rodriguez","Red Sox","10","9","0","4.17","26","26","151.0","141","70","21","153","57","1.31","9.09","3.40","4.24","226.7","13164"
"Seranthony Dominguez","Phillies","1","0","0","3.87","0","10","10.0","9","4","1","11","5","1.30","9.62","4.06","4.24","999.0","19249"
"Duane Underwood Jr.","Cubs","3","2","0","4.27","0","55","55.0","51","26","7","58","22","1.33","9.43","3.65","4.24","999.0","14677"
"Taylor Williams","Padres","1","1","0","4.27","0","25","25.0","23","12","3","26","10","1.35","9.27","3.71","4.24","999.0","14899"
"Chaz Roe","","2","2","0","4.24","0","28","28.0","25","13","3","31","13","1.36","9.93","4.26","4.24","999.0","9866"
"Joe Kelly","Dodgers","3","2","0","4.19","0","53","53.0","51","25","6","51","22","1.38","8.63","3.81","4.25","600.7","9761"
"Craig Stammen","Padres","2","2","0","4.46","0","45","45.0","48","22","6","37","11","1.32","7.41","2.27","4.25","600.3","7274"
"Justin Wilson","","3","3","0","3.97","0","58","58.0","48","26","7","67","33","1.39","10.33","5.09","4.25","601.0","4301"
"Shohei Ohtani","Angels","6","5","0","3.98","16","16","94.0","79","42","13","110","45","1.32","10.50","4.34","4.25","229.6","19755"
"Sam McWilliams","Mets","0","0","0","4.26","0","6","6.0","6","3","1","5","2","1.36","7.92","3.37","4.25","999.0","sa829124"
"Ty Buttrey","Angels","3","2","0","4.23","0","56","56.0","54","26","7","54","20","1.33","8.62","3.28","4.26","597.2","14719"
"Pedro Strop","","2","2","0","3.67","0","36","36.0","30","15","4","36","15","1.25","8.98","3.85","4.26","999.0","4070"
"Marcus Stroman","Mets","11","9","0","4.14","29","29","170.0","170","78","19","138","63","1.37","7.28","3.32","4.26","206.5","13431"
"Jeurys Familia","Mets","3","2","0","4.12","0","50","50.0","46","23","5","47","25","1.42","8.39","4.46","4.26","600.9","5114"
"Sean Hjelle","Giants","3","4","0","4.49","10","10","56.0","61","28","6","40","17","1.39","6.47","2.71","4.27","999.0","sa3007989"
"Greg Holland","Royals","3","3","0","4.08","0","58","58.0","51","26","7","59","28","1.36","9.19","4.28","4.27","292.5","7196"
"MacKenzie Gore","","6","5","0","4.20","15","15","84.0","78","39","13","84","28","1.26","8.95","2.99","4.27","999.0","sa3005068"
"Dan Altavilla","Padres","2","1","0","4.23","0","38","38.0","33","18","5","43","19","1.36","10.10","4.40","4.27","999.0","16507"
"Jake Odorizzi","","10","9","0","4.00","28","28","160.0","135","71","25","177","63","1.24","9.94","3.54","4.27","304.4","6397"
"Caleb Thielbar","Twins","3","2","0","4.27","0","55","55.0","52","26","8","55","20","1.30","8.99","3.23","4.27","999.0","10078"
"Jesse Hahn","Royals","3","3","0","4.25","0","56","56.0","53","26","6","51","26","1.42","8.26","4.23","4.28","591.3","13287"
"Daniel Norris","Tigers","3","4","0","4.40","3","56","72.0","71","35","10","67","26","1.34","8.41","3.21","4.29","588.4","13475"
"Beau Burrows","Tigers","1","1","0","4.17","0","22","22.0","20","10","3","21","9","1.32","8.53","3.77","4.29","999.0","18873"
"Wandy Peralta","Giants","2","2","0","4.31","0","42","42.0","42","20","4","35","17","1.42","7.40","3.68","4.29","999.0","14295"
"Logan Webb","Giants","8","9","0","4.46","24","24","141.0","144","70","17","116","51","1.38","7.38","3.22","4.30","564.7","17995"
"Brandon Brennan","Mariners","2","2","0","4.16","0","51","51.0","48","24","6","51","22","1.37","9.01","3.93","4.30","999.0","13527"
"Trevor Rogers","Marlins","5","7","0","4.57","18","18","103.0","103","52","15","104","36","1.35","9.08","3.19","4.30","999.0","22286"
"Charlie Morton","Braves","11","9","0","4.23","29","29","169.0","158","79","24","171","60","1.29","9.10","3.20","4.30","129.8","4676"
"German Marquez","Rockies","9","13","0","4.88","31","31","186.0","207","101","28","171","52","1.39","8.27","2.49","4.31","162.2","15038"
"Amir Garrett","Reds","3","2","0","4.14","0","63","63.0","55","29","9","73","29","1.34","10.41","4.17","4.31","329.5","14375"
"Andrew Miller","Cardinals","3","3","0","3.95","0","63","63.0","56","28","8","62","24","1.28","8.91","3.49","4.31","570.7","6785"
"Jameson Taillon","Yankees","9","7","0","4.33","23","23","134.0","134","64","20","118","35","1.26","7.95","2.36","4.31","225.3","11674"
"Scott Alexander","Dodgers","1","1","0","4.08","0","24","24.0","25","11","2","18","10","1.44","6.70","3.75","4.31","999.0","10591"
"Dennis Santana","Dodgers","2","1","0","4.37","2","20","27.0","26","13","3","27","12","1.38","8.92","3.90","4.32","600.5","17878"
"Jorge Alcala","Twins","3","2","0","4.20","0","56","56.0","49","26","7","60","26","1.34","9.59","4.19","4.32","598.0","19459"
"Sean Manaea","Athletics","10","10","0","4.04","28","28","161.0","152","72","23","139","47","1.24","7.78","2.62","4.32","239.7","15873"
"Tim Mayza","Blue Jays","0","0","0","4.44","0","3","3.0","3","1","0","3","1","1.42","9.24","4.03","4.32","999.0","15042"
"Scott Oberg","Rockies","1","1","0","4.52","0","22","22.0","23","11","3","20","8","1.39","8.16","3.15","4.33","576.8","13911"
"James Norwood","Cubs","1","1","0","4.46","0","15","15.0","14","7","2","17","7","1.41","10.08","4.42","4.33","999.0","16440"
"Ryan Thompson","Rays","3","2","0","4.13","0","56","56.0","55","26","8","48","17","1.29","7.64","2.72","4.33","999.0","16647"
"Arodys Vizcaino","","0","0","0","4.30","0","8","8.0","7","4","1","8","3","1.35","9.16","3.73","4.33","999.0","5498"
"Riley Smith","Diamondbacks","4","3","0","4.45","3","58","74.0","75","37","10","63","25","1.35","7.72","3.05","4.33","999.0","19826"
"Jordan Montgomery","Yankees","9","7","0","4.20","23","23","132.0","126","62","20","129","44","1.29","8.82","3.03","4.34","236.9","16511"
"Miguel Yajure","Pirates","3","5","0","4.23","10","15","61.0","61","29","8","49","20","1.32","7.30","2.91","4.34","999.0","21111"
"Luis Avilan","Nationals","1","1","0","4.48","0","18","18.0","18","9","2","18","8","1.41","9.07","3.83","4.35","999.0","2882"
"Tommy Hunter","","3","3","0","4.25","0","56","56.0","54","26","8","50","16","1.25","7.98","2.53","4.36","999.0","1157"
"Julio Urias","Dodgers","10","8","0","4.41","26","26","147.0","143","72","20","135","53","1.33","8.25","3.23","4.36","116.4","14765"
"Randy Dobnak","Twins","7","7","0","4.28","19","25","119.0","124","57","14","79","34","1.33","5.98","2.59","4.36","487.2","23798"
"Miguel Castro","Mets","3","2","0","3.98","0","60","60.0","51","27","8","62","28","1.31","9.31","4.20","4.36","999.0","15684"
"Daulton Jefferies","Athletics","6","6","0","4.13","16","21","99.0","94","45","15","87","27","1.22","7.91","2.47","4.37","580.0","19345"
"Kyle Crick","Pirates","2","3","0","4.06","0","56","56.0","48","25","6","61","31","1.41","9.86","5.03","4.37","598.5","13182"
"Shane McClanahan","Rays","5","5","0","4.24","10","34","80.0","74","38","12","85","32","1.32","9.51","3.59","4.37","573.6","sa3008547"
"Oliver Drake","","1","1","0","4.26","0","18","18.0","17","9","3","19","7","1.33","9.30","3.64","4.37","999.0","8823"
"Brad Brach","Mets","2","1","0","4.34","0","34","34.0","32","16","5","35","15","1.38","9.37","4.08","4.37","999.0","6627"
"Wade Davis","Royals","1","2","0","4.46","0","33","33.0","31","16","4","32","14","1.39","8.70","3.92","4.38","999.0","7441"
"Jake Newberry","Royals","2","2","0","4.34","0","53","53.0","50","26","7","50","22","1.35","8.52","3.68","4.38","999.0","15136"
"Jason Adam","Cubs","3","3","0","4.50","0","56","56.0","51","28","9","64","24","1.34","10.33","3.90","4.38","999.0","11861"
"David Robertson","","3","3","0","4.14","0","54","54.0","47","25","8","60","24","1.31","10.06","4.04","4.38","999.0","8241"
"Jordan Balazovic","Twins","2","2","0","4.20","5","5","28.0","26","13","4","27","9","1.24","8.83","2.92","4.39","999.0","sa918017"
"Drew Rasmussen","Brewers","5","5","0","4.36","10","45","91.0","85","44","13","95","39","1.36","9.36","3.87","4.39","999.0","25385"
"Cam Bedrosian","","3","3","0","4.32","0","50","50.0","48","24","7","47","20","1.35","8.38","3.61","4.39","999.0","13360"
"Bryse Wilson","Braves","3","3","0","4.34","6","16","48.0","48","23","7","41","15","1.31","7.77","2.85","4.39","572.3","19990"
"Nick Wittgren","Indians","3","3","0","4.42","0","63","63.0","62","31","11","64","18","1.28","9.14","2.64","4.39","557.7","15594"
"Jeremy Jeffress","","4","4","0","4.19","0","64","64.0","62","30","7","56","27","1.38","7.88","3.77","4.39","504.5","9490"
"David Phelps","","3","4","0","4.28","0","60","60.0","53","29","9","70","28","1.35","10.55","4.13","4.39","999.0","6316"
"Ian Anderson","Braves","9","7","0","4.18","23","23","130.0","118","60","18","131","56","1.33","9.06","3.84","4.39","98.2","19951"
"Tony Watson","","3","3","0","4.01","0","58","58.0","55","26","8","47","15","1.21","7.30","2.29","4.40","596.2","3132"
"Chris Devenski","","1","1","0","4.67","0","25","25.0","25","13","4","24","7","1.29","8.76","2.58","4.40","599.6","12763"
"Ian Gibaut","Twins","2","1","0","4.28","0","34","34.0","30","16","5","36","16","1.37","9.63","4.34","4.40","999.0","17871"
"Triston McKenzie","Indians","9","8","0","4.11","24","24","138.0","122","63","24","146","45","1.21","9.52","2.95","4.40","187.6","18000"
"Corey Oswalt","Mets","0","0","0","4.50","0","3","3.0","3","2","0","3","1","1.37","8.33","3.26","4.40","999.0","13677"
"Hector Neris","Phillies","3","3","0","4.28","0","63","63.0","58","30","11","71","22","1.27","10.20","3.21","4.40","314.6","11804"
"Edubray Ramos","","1","1","0","4.33","0","14","14.0","13","7","2","13","4","1.28","8.25","2.88","4.41","999.0","16086"
"Tony Gonsolin","Dodgers","7","5","0","4.42","18","18","101.0","96","50","16","100","35","1.30","8.90","3.14","4.41","209.4","19388"
"Matt Strahm","Padres","3","2","0","4.23","0","56","56.0","53","26","9","55","17","1.24","8.81","2.67","4.41","599.4","13799"
"Austin Brice","Red Sox","2","2","0","4.41","0","42","42.0","40","21","7","43","14","1.30","9.23","3.05","4.41","999.0","17237"
"Jacob Waguespack","Blue Jays","0","0","0","4.56","0","3","3.0","3","2","0","3","1","1.42","8.19","3.86","4.41","999.0","18318"
"Luke Weaver","Diamondbacks","8","9","0","4.71","24","24","141.0","146","74","22","134","45","1.35","8.56","2.87","4.41","437.3","16918"
"Geoff Hartlieb","Pirates","1","1","0","4.28","0","18","18.0","18","9","2","15","8","1.42","7.61","3.87","4.41","999.0","19558"
"Tyler Alexander","Tigers","2","3","0","4.55","2","44","51.0","54","26","8","43","12","1.28","7.54","2.04","4.42","999.0","17735"
"Taylor Hearn","Rangers","3","3","0","4.20","3","51","67.0","58","31","10","76","32","1.34","10.21","4.29","4.42","999.0","18325"
"Jimmy Nelson","","0","0","0","4.60","0","8","8.0","8","4","1","8","3","1.40","8.91","3.74","4.42","999.0","10547"
"Kyle Zimmer","Royals","2","3","0","4.47","0","55","55.0","52","27","7","56","26","1.41","9.22","4.21","4.43","600.3","14169"
"Sean Doolittle","","3","2","0","4.18","0","51","51.0","47","24","10","52","12","1.15","9.20","2.11","4.43","597.5","1581"
"Collin McHugh","","4","4","0","4.38","6","36","68.0","63","33","10","70","26","1.31","9.33","3.43","4.43","600.0","7531"
"Michael Pineda","Twins","10","10","0","4.60","28","28","160.0","163","82","27","148","44","1.30","8.35","2.49","4.43","231.3","5372"
"Joe Ryan","","2","2","0","4.17","6","6","37.0","33","17","7","41","12","1.22","9.96","3.04","4.44","999.0","sa3007584"
"Taylor Widener","Diamondbacks","3","2","0","4.41","0","56","56.0","49","27","8","62","26","1.35","9.97","4.23","4.44","999.0","19266"
"Zack Greinke","Astros","12","10","0","4.17","31","31","186.0","180","86","32","163","41","1.19","7.89","1.98","4.44","111.7","1943"
"Luis Patino","Rays","4","4","0","4.11","10","24","70.0","62","32","10","69","27","1.27","8.87","3.45","4.45","999.0","22815"
"Lewis Thorpe","Twins","5","5","0","4.58","8","51","90.0","90","46","14","85","32","1.35","8.53","3.16","4.45","999.0","15906"
"Oliver Perez","","2","2","0","4.35","0","40","40.0","38","19","6","38","14","1.30","8.61","3.15","4.46","999.0","1514"
"Ryan Weathers","Padres","2","2","0","4.62","5","11","34.0","36","17","5","28","10","1.34","7.52","2.57","4.46","999.0","sa3008436"
"Adam Morgan","","0","0","0","4.47","0","10","10.0","10","5","2","10","4","1.34","8.97","3.27","4.46","999.0","12580"
"Jeffrey Springs","Red Sox","0","0","0","4.64","0","6","6.0","6","3","1","7","3","1.39","10.21","3.84","4.46","999.0","17677"
"Spencer Turnbull","Tigers","8","11","0","4.57","28","28","158.0","155","80","20","139","65","1.39","7.90","3.68","4.46","368.3","16207"
"Yimi Garcia","Marlins","3","3","0","4.25","0","63","63.0","59","30","12","64","16","1.18","9.21","2.23","4.46","374.8","12095"
"Ian Krol","Tigers","0","1","0","4.54","0","12","12.0","12","6","2","12","5","1.40","8.63","3.69","4.47","999.0","10066"
"Alex Colome","","4","4","0","4.34","0","65","65.0","64","31","9","54","23","1.34","7.53","3.21","4.47","204.7","6661"
"Cal Quantrill","Indians","7","8","0","4.55","18","36","121.0","122","61","19","109","38","1.33","8.08","2.85","4.47","436.2","19312"
"Matt Andriese","Red Sox","3","3","0","4.64","0","60","60.0","61","31","10","60","20","1.35","9.03","2.93","4.48","600.4","12022"
"Josiah Gray","","3","2","0","4.23","6","6","37.0","35","17","6","31","10","1.23","7.47","2.52","4.48","599.1","sa3007475"
"Ben Heller","Yankees","2","1","0","4.25","0","34","34.0","30","16","5","39","16","1.33","10.29","4.11","4.48","999.0","15100"
"Zach Plesac","Indians","9","9","0","4.25","26","26","150.0","140","71","25","138","44","1.23","8.27","2.65","4.49","68.3","19979"
"Sal Romano","Reds","2","2","0","4.86","0","48","48.0","52","26","7","42","17","1.44","7.88","3.22","4.49","999.0","13690"
"Ryan Helsley","Cardinals","3","2","0","4.14","0","52","52.0","45","24","6","50","25","1.36","8.58","4.35","4.49","596.6","18138"
"James Hoyt","Marlins","2","3","0","4.73","0","56","56.0","54","29","9","64","25","1.42","10.23","4.09","4.49","599.8","14605"
"Juan Minaya","","1","1","0","4.79","0","15","15.0","15","8","2","15","7","1.42","9.18","4.00","4.50","999.0","10341"
"Edward Cabrera","Marlins","2","3","0","4.65","5","19","42.0","41","22","6","41","18","1.41","8.81","3.87","4.50","999.0","sa920423"
"Anthony Kay","Blue Jays","1","1","0","4.42","0","30","30.0","28","15","4","30","15","1.43","8.99","4.46","4.50","999.0","20387"
"Sean Newcomb","Braves","1","1","0","4.22","0","26","26.0","24","12","3","25","14","1.44","8.58","4.84","4.50","999.0","16943"
"Evan Kruczynski","","0","0","0","4.41","0","4","4.0","4","2","1","4","2","1.39","7.90","3.66","4.50","999.0","sa3004341"
"Brad Keller","Royals","9","10","0","4.42","28","28","162.0","168","80","17","110","63","1.42","6.12","3.49","4.50","323.2","15734"
"Brady Singer","Royals","8","9","0","4.60","24","24","139.0","145","71","19","112","47","1.38","7.26","3.02","4.50","248.0","25377"
"Caleb Baragar","Giants","1","1","0","4.38","0","33","33.0","30","16","5","33","14","1.33","8.95","3.78","4.51","999.0","19231"
"Andrew Triggs","","1","1","0","4.34","0","14","14.0","13","7","2","13","5","1.32","8.25","3.34","4.51","999.0","13533"
"Blake Parker","","2","3","0","4.34","0","42","42.0","38","20","7","47","15","1.26","10.02","3.25","4.51","999.0","5224"
"Jose Alvarez","","2","2","0","4.54","0","35","35.0","36","18","5","30","11","1.36","7.82","2.95","4.51","999.0","5358"
"Kelvin Herrera","","1","2","0","4.38","0","25","25.0","24","12","4","23","8","1.27","8.35","2.76","4.51","999.0","6033"
"David Price","Dodgers","9","7","0","4.57","24","24","138.0","136","70","23","136","47","1.33","8.88","3.10","4.52","184.5","3184"
"Marco Gonzales","Mariners","10","11","0","4.36","29","29","175.0","177","85","27","140","46","1.28","7.19","2.37","4.52","163.4","15467"
"Luke Jackson","Braves","2","1","0","4.64","0","36","36.0","37","19","5","33","15","1.43","8.29","3.65","4.52","999.0","11752"
"Brandon Kintzler","","3","4","0","4.33","0","60","60.0","61","29","8","45","18","1.32","6.74","2.72","4.52","390.8","9939"
"Ryan Yarbrough","Rays","10","9","0","4.36","28","28","161.0","163","78","26","132","38","1.24","7.36","2.10","4.52","257.7","16502"
"T.J. McFarland","","2","2","0","4.42","0","38","38.0","42","19","4","23","12","1.42","5.43","2.93","4.53","999.0","3237"
"Nathan Eovaldi","Red Sox","9","9","0","4.59","26","26","150.0","149","76","24","150","57","1.37","8.99","3.39","4.53","238.0","9132"
"Edgar Santana","Pirates","1","2","0","4.50","0","37","37.0","39","18","6","30","11","1.33","7.31","2.60","4.53","999.0","17355"
"Kendall Graveman","Mariners","2","3","0","4.26","0","63","63.0","63","30","9","49","19","1.31","6.98","2.70","4.53","596.1","15514"
"Pedro Baez","Astros","3","3","0","4.04","0","65","65.0","55","29","10","63","24","1.21","8.74","3.26","4.54","578.4","5420"
"Shaun Anderson","Giants","3","4","0","4.78","8","18","57.0","60","30","8","46","20","1.42","7.19","3.21","4.54","999.0","19453"
"Phillips Valdez","Red Sox","3","2","0","4.56","0","55","55.0","55","28","7","48","24","1.44","7.84","3.97","4.54","999.0","15605"
"John Gant","Cardinals","3","3","0","4.45","2","44","51.0","49","25","6","46","23","1.42","8.13","4.08","4.54","600.2","13684"
"Miles Mikolas","Cardinals","8","8","0","4.44","23","23","131.0","138","65","20","95","29","1.27","6.55","2.00","4.54","425.8","9803"
"Chris Bassitt","Athletics","10","10","0","4.24","28","28","163.0","153","77","24","143","57","1.29","7.90","3.13","4.54","178.4","12304"
"Devin Smeltzer","Twins","5","5","0","4.67","10","35","81.0","85","42","13","68","22","1.32","7.50","2.46","4.54","600.7","19487"
"Dillon Peters","Angels","0","0","0","4.48","0","8","8.0","8","4","1","7","3","1.38","7.72","3.27","4.54","999.0","18790"
"Joseph Palumbo","Rangers","4","6","0","4.49","13","16","78.0","73","39","12","82","34","1.36","9.52","3.87","4.55","999.0","17035"
"Matt Manning","Tigers","3","4","0","4.55","11","11","65.0","63","33","9","58","25","1.35","8.03","3.41","4.55","999.0","sa917924"
"Patrick Corbin","Nationals","11","11","0","4.71","31","31","184.0","191","96","29","174","66","1.40","8.52","3.25","4.55","143.6","9323"
"Dane Dunning","Rangers","8","10","0","4.43","26","26","150.0","145","74","22","139","56","1.34","8.32","3.34","4.55","286.0","19409"
"Kyle Ryan","Cubs","2","2","0","4.35","0","53","53.0","52","26","6","43","24","1.43","7.33","4.02","4.56","999.0","11753"
"Michael Lorenzen","Reds","7","8","0","4.59","18","39","124.0","124","63","18","112","48","1.39","8.14","3.52","4.56","396.7","14843"
"Chris Flexen","Mariners","7","9","0","4.47","23","23","130.0","127","65","22","124","44","1.31","8.61","3.06","4.56","564.4","13896"
"Tyler Phillips","Rangers","2","2","0","4.55","5","8","31.0","33","16","5","23","7","1.30","6.70","2.13","4.56","999.0","sa875646"
"Andrew Heaney","Angels","10","10","0","4.49","29","29","168.0","162","84","30","174","54","1.29","9.31","2.89","4.56","212.2","15423"
"Ryan Tepera","","2","2","0","4.24","0","36","36.0","31","17","5","39","16","1.30","9.70","3.98","4.56","600.8","10291"
"Luis Garcia","Yankees","1","0","0","4.55","0","10","10.0","10","5","1","9","4","1.41","8.34","3.67","4.56","999.0","6984"
"Franklyn Kilome","Mets","0","0","0","4.50","0","10","10.0","9","5","1","10","5","1.47","9.32","4.94","4.56","999.0","17861"
"Corey Kluber","Yankees","10","8","0","4.37","26","26","155.0","147","75","28","155","45","1.24","8.98","2.62","4.57","208.2","2429"
"Chris Archer","","8","8","0","4.46","24","24","138.0","129","68","25","155","55","1.33","10.10","3.61","4.57","537.3","6345"
"Joe Gatto","Rangers","0","0","0","4.76","0","7","7.0","7","4","1","6","4","1.56","8.15","4.99","4.57","999.0","sa828693"
"Steve Cishek","","2","2","0","4.15","0","35","35.0","31","16","5","34","15","1.32","8.63","3.94","4.57","999.0","6483"
"Chris Stratton","Pirates","2","3","0","4.80","0","63","63.0","66","34","9","59","25","1.45","8.42","3.63","4.57","595.8","13761"
"Jonathan Hernandez","Rangers","3","3","0","4.39","0","63","63.0","57","31","9","66","30","1.39","9.42","4.34","4.58","463.5","17464"
"Jarlin Garcia","Giants","3","3","0","4.49","0","60","60.0","59","30","9","51","22","1.35","7.61","3.25","4.58","600.0","18282"
"Paul Blackburn","Athletics","2","3","0","4.33","6","14","46.0","47","22","6","30","15","1.33","5.93","2.85","4.58","999.0","14739"
"Adam Cimber","Marlins","2","3","0","4.55","0","55","55.0","60","28","8","36","14","1.34","5.92","2.25","4.58","999.0","15288"
"Erik Swanson","Mariners","2","3","0","4.29","2","42","49.0","46","23","9","47","15","1.24","8.72","2.68","4.59","999.0","16587"
"Robert Gsellman","Mets","1","1","0","4.75","2","17","24.0","26","13","3","18","8","1.42","6.83","3.08","4.59","999.0","13696"
"Kris Bubic","Royals","7","9","0","4.61","23","23","129.0","130","66","18","113","51","1.40","7.91","3.55","4.59","999.0","21455"
"Tarik Skubal","Tigers","6","8","0","4.55","21","21","122.0","113","62","21","129","47","1.31","9.49","3.49","4.59","999.0","22267"
"Zach Eflin","Phillies","11","10","0","4.47","29","29","169.0","168","84","28","151","49","1.29","8.03","2.63","4.60","209.4","13774"
"Grant Holmes","Athletics","5","5","0","4.29","10","45","91.0","85","43","13","85","39","1.36","8.40","3.88","4.60","999.0","sa828669"
"Dan Otero","","1","1","0","4.53","0","15","15.0","17","8","2","9","3","1.30","5.42","1.58","4.60","999.0","7385"
"Robert Stock","Cubs","0","0","0","4.69","0","10","10.0","10","5","1","10","5","1.48","8.61","4.41","4.60","999.0","6576"
"Taijuan Walker","","10","10","0","4.34","29","29","166.0","155","80","26","154","60","1.30","8.35","3.24","4.60","295.4","11836"
"Carlos Martinez","Cardinals","8","8","0","4.29","24","24","138.0","134","66","18","113","54","1.36","7.35","3.51","4.61","429.0","11682"
"Cody Reed","Rays","2","2","0","4.41","0","42","42.0","40","21","5","42","22","1.48","8.99","4.72","4.61","999.0","15232"
"Jonathan Brubaker","Pirates","7","11","0","4.60","23","31","140.0","142","72","20","121","53","1.39","7.80","3.41","4.61","505.0","17578"
"Mitch Keller","Pirates","7","10","0","4.60","24","24","140.0","139","72","20","127","58","1.40","8.17","3.72","4.61","307.6","17594"
"Cole Irvin","Athletics","2","2","0","4.43","5","15","38.0","39","19","5","26","10","1.30","6.18","2.45","4.61","999.0","19244"
"Matt Shoemaker","","9","9","0","4.40","26","26","147.0","139","72","24","141","51","1.29","8.66","3.12","4.61","536.4","4776"
"Matthew Boyd","Tigers","9","12","0","4.46","29","29","171.0","159","85","31","174","56","1.26","9.15","2.94","4.61","322.9","15440"
"Tanner Rainey","Nationals","3","3","0","4.39","0","63","63.0","51","31","9","85","42","1.48","12.12","6.00","4.61","379.3","17610"
"Kyle Barraclough","","0","0","0","4.41","0","4","4.0","4","2","1","4","2","1.40","9.87","4.66","4.62","999.0","13713"
"Ryan Sherriff","Rays","3","2","0","4.29","0","53","53.0","53","25","7","40","19","1.36","6.80","3.17","4.62","999.0","12249"
"Carlos Rodon","White Sox","6","6","0","4.58","13","33","95.0","89","48","14","96","42","1.38","9.05","3.96","4.62","591.8","16137"
"Carlos Estevez","Rockies","2","3","0","5.11","0","50","50.0","54","28","8","50","19","1.45","8.94","3.40","4.63","999.0","14542"
"Anthony Bass","Marlins","3","3","0","4.61","0","63","63.0","65","32","9","53","23","1.40","7.56","3.35","4.63","444.8","7982"
"Sandy Alcantara","Marlins","9","12","0","4.58","29","29","174.0","172","89","23","143","69","1.39","7.41","3.59","4.63","138.5","18684"
"Adrian Houser","Brewers","8","9","0","4.65","24","24","141.0","146","73","20","115","50","1.39","7.35","3.17","4.63","478.4","12718"
"Shane Greene","","3","4","0","4.46","0","62","62.0","60","31","10","58","23","1.34","8.49","3.35","4.63","593.9","10756"
"Rafael Montero","Mariners","2","3","0","4.58","0","63","63.0","58","32","9","69","33","1.44","9.84","4.67","4.63","200.3","12760"
"Tyler Matzek","Braves","3","2","0","4.49","0","56","56.0","49","28","6","62","37","1.54","9.90","5.93","4.64","593.8","10058"
"John King","Rangers","3","4","0","4.53","10","10","56.0","58","28","8","43","17","1.34","6.91","2.79","4.64","999.0","22051"
"Kevin McCarthy","Red Sox","1","1","0","4.66","0","12","12.0","13","6","2","8","4","1.42","5.76","2.83","4.64","999.0","15240"
"Lucas Sims","Reds","3","3","0","4.52","0","63","63.0","55","32","11","77","30","1.34","11.04","4.27","4.65","358.1","13470"
"Jaime Barria","Angels","3","3","0","4.39","3","35","51.0","49","25","9","46","15","1.26","8.12","2.72","4.65","580.6","18356"
"John Curtiss","Rays","3","2","0","4.36","0","55","55.0","49","27","9","59","25","1.35","9.60","4.12","4.65","999.0","16128"
"Anthony DeSclafani","Giants","9","11","0","4.82","29","29","166.0","172","89","26","143","59","1.39","7.74","3.18","4.65","460.6","13050"
"Colten Brewer","Red Sox","1","1","0","4.84","0","28","28.0","29","15","4","26","13","1.49","8.38","4.02","4.65","999.0","12997"
"Tyler Webb","Cardinals","3","3","0","4.43","0","56","56.0","54","28","9","50","20","1.33","8.01","3.24","4.66","999.0","14974"
"Elieser Hernandez","Marlins","8","10","0","4.55","26","26","147.0","140","74","27","149","47","1.27","9.14","2.88","4.66","239.3","16933"
"Yusei Kikuchi","Mariners","9","11","0","4.42","28","28","159.0","154","78","25","141","60","1.34","7.96","3.37","4.66","346.6","20633"
"Jose Quintana","Angels","10","10","0","4.64","28","28","158.0","160","81","25","140","56","1.37","7.99","3.20","4.66","464.1","11423"
"Joe Biagini","","0","0","0","5.09","0","5","5.0","6","3","1","4","2","1.48","6.84","3.25","4.67","999.0","13194"
"Drew Smyly","Braves","9","8","0","4.62","24","24","138.0","125","71","25","156","60","1.35","10.20","3.93","4.67","219.6","11760"
"Kyle Finnegan","Nationals","2","2","0","4.64","0","38","38.0","37","20","6","40","17","1.42","9.36","3.96","4.67","999.0","15009"
"Michael Kopech","White Sox","6","6","0","4.60","18","18","102.0","94","52","17","111","45","1.37","9.75","4.01","4.68","280.0","17282"
"Bernardo Flores Jr.","White Sox","1","1","0","4.61","2","8","15.0","16","8","2","12","4","1.33","6.93","2.46","4.68","999.0","19561"
"Rick Porcello","","10","10","0","4.47","29","29","167.0","166","83","28","139","45","1.26","7.47","2.41","4.68","559.0","2717"
"Mike Minor","Royals","10","11","0","4.50","29","29","173.0","165","86","28","156","62","1.31","8.14","3.24","4.69","298.7","10021"
"Dillon Tate","Orioles","2","3","0","4.45","0","60","60.0","59","30","9","54","22","1.35","8.03","3.34","4.69","599.8","17796"
"Aaron Civale","Indians","8","9","0","4.62","24","24","140.0","143","72","23","116","40","1.31","7.43","2.59","4.69","183.8","19479"
"Josh Staumont","Royals","3","3","0","4.48","0","63","63.0","52","31","7","76","46","1.55","10.84","6.55","4.69","454.5","18335"
"Logan Allen","Indians","6","8","0","4.80","19","27","121.0","124","65","17","103","49","1.43","7.62","3.66","4.69","590.0","18555"
"Sergio Romo","","4","4","0","4.42","0","63","63.0","57","31","12","66","22","1.25","9.41","3.17","4.70","600.0","9817"
"David Peterson","Mets","8","8","0","4.68","23","23","129.0","133","67","18","108","53","1.44","7.53","3.69","4.70","999.0","20302"
"Tyler Mahle","Reds","9","9","0","4.67","26","26","147.0","146","76","27","148","47","1.31","9.07","2.88","4.71","179.3","16358"
"Felix Pena","Angels","3","3","0","4.53","0","60","60.0","57","30","11","62","22","1.32","9.33","3.31","4.71","600.7","13403"
"Jose Urquidy","Astros","9","9","0","4.55","26","26","149.0","149","75","27","127","41","1.27","7.69","2.45","4.71","222.8","18413"
"Burch Smith","Athletics","3","2","0","4.49","0","55","55.0","49","27","8","59","28","1.40","9.67","4.51","4.71","999.0","12784"
"Clarke Schmidt","Yankees","2","2","0","4.68","5","8","31.0","31","16","5","28","12","1.38","8.24","3.47","4.71","999.0","19899"
"Tyler Clippard","","3","3","0","4.23","0","56","56.0","46","26","10","59","21","1.21","9.54","3.42","4.72","999.0","5640"
"Taylor Clarke","Diamondbacks","2","2","0","4.51","0","42","42.0","39","21","6","38","17","1.34","8.21","3.61","4.72","600.4","17611"
"Garrett Richards","","8","8","0","4.69","23","23","132.0","130","69","20","127","59","1.43","8.65","4.02","4.72","432.2","9784"
"Zach Davies","Cubs","10","10","0","4.78","29","29","169.0","177","90","24","127","60","1.41","6.76","3.22","4.72","242.2","13183"
"Forrest Whitley","Astros","4","4","0","4.60","11","11","65.0","60","33","10","69","31","1.40","9.59","4.29","4.72","999.0","sa917930"
"Julian Merryweather","Blue Jays","3","3","0","4.91","2","57","64.0","67","35","12","63","21","1.38","8.88","3.02","4.72","600.5","16703"
"Alex Young","Diamondbacks","3","4","0","4.81","6","41","73.0","75","39","11","62","28","1.40","7.70","3.41","4.73","600.7","18333"
"Griffin Canning","Angels","8","8","0","4.50","24","24","138.0","129","69","24","135","50","1.30","8.82","3.26","4.73","302.6","19867"
"Brooks Raley","Astros","3","2","0","4.62","0","52","52.0","50","27","8","52","22","1.38","9.05","3.82","4.73","999.0","10061"
"Sam Coonrod","Giants","2","2","0","4.59","0","42","42.0","39","21","6","42","22","1.44","8.90","4.63","4.73","999.0","17264"
"Jose Cisnero","Tigers","2","3","0","4.98","0","56","56.0","55","31","9","59","27","1.46","9.51","4.35","4.74","597.6","6399"
"Brian Howard","Athletics","1","1","0","4.45","2","5","12.0","12","6","2","9","4","1.32","6.92","3.08","4.74","999.0","sa918377"
"Noe Ramirez","Reds","3","3","0","4.78","0","60","60.0","60","32","10","58","21","1.36","8.74","3.20","4.74","999.0","12800"
"Hector Rondon","","1","1","0","4.71","0","24","24.0","24","13","4","21","8","1.36","7.98","3.11","4.74","999.0","2391"
"Hansel Robles","Twins","3","2","0","4.82","0","53","53.0","52","28","9","53","22","1.38","9.01","3.66","4.74","595.6","11801"
"Anthony Banda","Giants","1","1","0","5.00","2","6","13.0","14","7","2","11","5","1.47","7.40","3.73","4.74","999.0","14706"
"Nick Margevicius","Mariners","4","5","0","4.59","11","19","74.0","75","38","12","62","23","1.32","7.53","2.81","4.74","595.7","20395"
"Eric Lauer","Brewers","8","10","0","4.83","23","28","137.0","141","74","22","122","51","1.40","7.99","3.33","4.75","591.2","19316"
"Keury Mella","Diamondbacks","3","3","0","5.01","0","60","60.0","63","33","8","52","26","1.48","7.77","3.93","4.75","999.0","15964"
"Mike Montgomery","","4","5","0","4.48","8","30","69.0","69","34","10","56","27","1.39","7.29","3.50","4.75","999.0","4869"
"Dylan Bundy","Angels","10","10","0","4.53","29","29","171.0","162","86","32","170","58","1.29","8.96","3.06","4.75","107.5","12917"
"Ross Stripling","Blue Jays","7","7","0","4.77","15","43","113.0","119","60","20","97","33","1.34","7.72","2.59","4.76","473.2","13273"
"Aaron Slegers","Rays","1","1","0","4.55","0","22","22.0","22","11","4","18","6","1.31","7.24","2.59","4.76","999.0","15231"
"Joey Lucchesi","Pirates","5","5","0","4.60","15","15","85.0","84","43","14","78","31","1.35","8.29","3.27","4.76","560.8","19320"
"Glenn Sparkman","","1","1","0","4.94","0","12","12.0","13","7","2","8","3","1.39","6.22","2.54","4.76","999.0","15200"
"Daniel Hudson","Nationals","3","3","0","4.76","0","60","60.0","57","32","10","64","27","1.40","9.57","4.01","4.77","460.5","7146"
"Shawn Armstrong","Orioles","2","3","0","4.78","0","53","53.0","51","28","9","55","23","1.40","9.27","3.90","4.77","999.0","12857"
"Spencer Howard","Phillies","5","5","0","4.79","15","15","85.0","87","45","15","78","29","1.36","8.27","3.05","4.77","999.0","23252"
"Chasen Shreve","","2","2","0","4.40","0","35","35.0","30","17","6","40","18","1.37","10.38","4.70","4.77","999.0","10855"
"Aaron Sanchez","","5","6","0","4.43","13","28","90.0","84","44","11","77","44","1.42","7.66","4.38","4.77","999.0","11490"
"Chad Sobotka","Braves","0","0","0","4.71","0","10","10.0","9","5","2","11","6","1.46","10.27","5.02","4.77","999.0","17470"
"Domingo German","Yankees","6","6","0","4.60","16","21","99.0","94","51","19","103","33","1.29","9.38","3.03","4.78","318.0","17149"
"Trevor Richards","Rays","3","3","0","4.59","3","39","55.0","54","28","9","51","20","1.35","8.27","3.31","4.79","600.3","19309"
"Daniel Ponce de Leon","Cardinals","6","7","0","4.41","15","40","110.0","95","54","16","111","57","1.38","9.12","4.63","4.79","484.1","16110"
"Brett Anderson","Brewers","8","9","0","4.68","24","24","141.0","154","73","20","90","43","1.40","5.76","2.75","4.79","593.2","8223"
"Tony Cingrani","","1","1","0","4.29","0","15","15.0","12","7","2","17","8","1.37","10.29","4.88","4.79","999.0","12555"
"Danny Duffy","Royals","8","11","0","4.76","28","28","158.0","157","84","26","139","60","1.37","7.93","3.41","4.80","496.4","3542"
"Rich Hill","","7","7","0","4.36","21","21","122.0","112","59","21","114","44","1.28","8.38","3.28","4.80","476.5","4806"
"Brandon Morrow","","1","0","0","4.80","0","10","10.0","10","5","2","9","3","1.39","8.14","3.10","4.80","999.0","9346"
"Ryne Harper","Nationals","1","1","0","5.23","0","22","22.0","25","13","4","20","7","1.44","8.25","2.81","4.80","999.0","12680"
"Scott Blewett","Royals","0","1","0","5.00","0","10","10.0","10","6","1","8","4","1.48","7.48","3.88","4.80","999.0","16427"
"Jimmy Herget","Rangers","2","3","0","4.57","0","53","53.0","49","27","9","53","24","1.37","8.92","4.08","4.81","999.0","17556"
"Dallas Keuchel","White Sox","11","10","0","4.48","31","31","183.0","190","91","25","126","69","1.42","6.20","3.41","4.81","197.7","9434"
"Connor Seabold","Red Sox","2","2","0","4.78","6","6","37.0","38","20","6","32","12","1.35","7.78","2.87","4.81","999.0","sa829464"
"Jake Faria","","0","0","0","4.55","0","4","4.0","4","2","1","4","2","1.39","9.39","4.40","4.81","999.0","13699"
"Ryan Buchter","","1","1","0","4.74","0","12","12.0","11","6","2","12","6","1.39","9.34","4.17","4.81","999.0","9456"
"Sean Poppen","Pirates","4","5","0","4.71","13","13","75.0","77","39","10","62","32","1.44","7.44","3.80","4.81","999.0","19583"
"Cole Hamels","","7","7","0","4.55","21","21","117.0","109","59","19","117","50","1.36","8.98","3.86","4.82","575.4","4972"
"Luke Bard","Angels","1","1","0","4.74","0","22","22.0","21","12","4","22","9","1.37","8.93","3.55","4.82","999.0","14288"
"Travis Lakins","Orioles","2","2","0","4.80","0","42","42.0","41","22","6","39","20","1.45","8.32","4.23","4.82","999.0","18600"
"Grant Dayton","Braves","2","2","0","4.71","0","40","40.0","39","21","8","42","14","1.33","9.43","3.21","4.83","999.0","11203"
"Merrill Kelly","Diamondbacks","8","10","0","5.06","24","32","151.0","162","85","25","127","52","1.41","7.58","3.10","4.83","493.7","11156"
"Hunter Wood","","1","2","0","4.59","0","30","30.0","28","15","5","28","12","1.35","8.54","3.65","4.83","999.0","15091"
"Mitchell White","Dodgers","2","2","0","4.82","5","8","31.0","32","17","5","27","11","1.38","7.74","3.29","4.83","999.0","19225"
"Kyle Cody","Rangers","5","6","0","4.77","16","16","94.0","94","50","14","82","39","1.42","7.87","3.77","4.83","999.0","19686"
"Justus Sheffield","Mariners","8","10","0","4.63","26","26","150.0","149","77","22","123","63","1.41","7.38","3.80","4.83","291.2","17285"
"Nate Jones","","2","3","0","4.66","0","40","40.0","38","21","7","40","17","1.38","8.99","3.88","4.83","999.0","4696"
"Carlos Hernandez","Royals","3","4","0","4.84","8","13","52.0","52","28","9","45","19","1.38","7.82","3.32","4.84","999.0","22713"
"Rex Brothers","","0","0","0","4.59","0","4","4.0","3","2","0","5","3","1.63","11.93","7.46","4.84","999.0","9794"
"Casey Mize","Tigers","6","8","0","4.86","19","19","113.0","115","61","18","92","39","1.36","7.36","3.10","4.84","384.7","20492"
"Ryne Stanek","Astros","2","2","0","4.61","0","44","44.0","41","23","8","47","19","1.35","9.52","3.82","4.84","999.0","15947"
"Casey Sadler","Mariners","2","3","0","4.57","0","56","56.0","56","28","10","50","19","1.33","8.04","3.06","4.85","999.0","11209"
"Josh Lindblom","Brewers","10","11","0","4.88","29","29","168.0","170","91","32","158","53","1.32","8.49","2.82","4.85","356.1","7882"
"Jeff Brigham","Marlins","2","2","0","4.96","0","42","42.0","40","23","6","43","22","1.49","9.17","4.74","4.85","999.0","16631"
"Tyler Chatwood","Blue Jays","4","3","0","4.51","3","54","70.0","63","35","9","69","42","1.51","8.85","5.43","4.85","583.9","4338"
"Corbin Martin","Diamondbacks","5","5","0","4.82","15","15","83.0","83","44","13","70","32","1.39","7.63","3.51","4.85","558.4","19884"
"Josh Fleming","Rays","6","6","0","4.67","16","16","93.0","99","48","16","67","26","1.35","6.50","2.55","4.86","999.0","20418"
"Trevor Cahill","","4","5","0","4.74","8","28","67.0","63","35","11","66","30","1.38","8.86","3.99","4.86","599.6","6249"
"Matt Bush","","1","1","0","4.82","0","25","25.0","25","13","4","23","10","1.40","8.33","3.63","4.87","999.0","1246"
"Kyle McGowin","Nationals","2","2","0","4.98","0","53","53.0","53","29","10","57","22","1.43","9.76","3.76","4.87","999.0","15071"
"Eli Morgan","Indians","2","2","0","4.76","5","15","38.0","37","20","7","36","12","1.30","8.51","2.85","4.87","999.0","sa915827"
"Patrick Weigel","Braves","1","1","0","4.44","0","18","18.0","16","9","3","18","9","1.40","8.92","4.71","4.87","999.0","17792"
"Vince Velasquez","Phillies","9","10","0","4.78","24","32","149.0","144","79","28","156","61","1.37","9.44","3.66","4.87","517.3","11189"
"Dakota Bacus","Nationals","0","0","0","5.10","0","10","10.0","11","6","1","9","5","1.54","7.69","4.14","4.88","999.0","14545"
"Trevor Williams","","7","8","0","4.83","21","21","117.0","121","63","19","90","39","1.37","6.92","2.98","4.88","595.1","16977"
"Trent Thornton","Blue Jays","4","4","0","5.12","10","18","64.0","69","36","11","58","23","1.43","8.11","3.21","4.88","999.0","17948"
"Rico Garcia","Giants","1","1","0","5.06","2","5","12.0","13","7","2","10","5","1.44","7.26","3.43","4.88","999.0","20023"
"Mike Foltynewicz","","4","5","0","4.60","13","13","74.0","71","38","13","68","27","1.32","8.23","3.32","4.89","591.6","10811"
"Marcus Walden","Red Sox","1","1","0","5.27","0","24","24.0","26","14","3","20","11","1.57","7.44","4.17","4.89","999.0","8004"
"Steven Matz","Blue Jays","8","8","0","4.89","23","23","132.0","135","72","24","127","48","1.39","8.63","3.29","4.89","554.0","13361"
"Luis Garcia","Astros","3","3","0","4.54","8","8","47.0","42","24","8","50","21","1.35","9.55","4.10","4.89","999.0","23735"
"Gio Gonzalez","","7","7","0","4.60","19","19","113.0","107","58","17","102","53","1.41","8.16","4.22","4.89","999.0","7448"
"Alec Bettinger","Brewers","2","2","0","4.87","5","13","36.0","36","19","7","33","12","1.34","8.28","2.96","4.89","999.0","sa873670"
"Cole Sulser","Orioles","1","2","0","5.01","0","30","30.0","30","17","5","31","14","1.47","9.32","4.29","4.90","598.7","15256"
"Humberto Mejia","Diamondbacks","2","3","0","4.88","5","15","38.0","39","21","7","33","12","1.32","7.92","2.80","4.90","999.0","20739"
"John Means","Orioles","8","11","0","4.72","28","28","160.0","161","84","30","141","48","1.31","7.94","2.72","4.90","208.4","16269"
"Josh Osich","Reds","1","1","0","4.94","0","16","16.0","17","9","3","15","6","1.43","8.62","3.49","4.90","999.0","11528"
"Kyle Gibson","Rangers","9","12","0","4.95","29","29","172.0","183","95","28","147","68","1.46","7.71","3.55","4.91","524.7","10123"
"Robbie Ray","Blue Jays","10","10","0","4.92","29","29","166.0","152","91","32","207","89","1.45","11.21","4.84","4.91","353.8","11486"
"Derek Holland","","1","1","0","4.73","0","29","29.0","28","15","5","28","14","1.42","8.75","4.19","4.91","999.0","4141"
"Nick Neidert","Marlins","3","5","0","4.93","11","19","74.0","79","41","13","58","23","1.38","7.10","2.82","4.91","999.0","18699"
"J.A. Happ","Twins","8","8","0","4.71","24","24","138.0","136","72","24","120","52","1.36","7.80","3.38","4.92","413.4","7410"
"Adbert Alzolay","Cubs","7","8","0","4.78","21","21","119.0","113","63","20","114","52","1.39","8.62","3.94","4.92","358.6","17859"
"Touki Toussaint","Braves","1","1","0","4.65","0","20","20.0","18","10","3","22","11","1.45","9.76","5.04","4.92","999.0","16929"
"Jimmy Cordero","White Sox","1","1","0","4.81","0","30","30.0","30","16","4","26","14","1.49","7.66","4.34","4.93","999.0","15690"
"Zack Godley","","2","2","0","4.74","5","10","33.0","33","17","5","29","15","1.43","8.01","3.97","4.93","999.0","14862"
"Nate Pearson","Blue Jays","8","8","0","4.73","23","23","129.0","123","68","23","124","51","1.35","8.65","3.54","4.93","251.0","20160"
"Kolby Allard","Rangers","6","8","0","4.98","21","21","122.0","128","68","20","100","48","1.44","7.41","3.54","4.93","589.5","18694"
"Parker Dunshee","Athletics","2","2","0","4.59","5","5","28.0","27","14","5","23","9","1.30","7.32","2.93","4.93","999.0","sa873274"
"Austin Pruitt","Astros","1","1","0","5.08","2","12","19.0","21","11","4","15","5","1.39","7.27","2.52","4.94","999.0","15290"
"Luis Cessa","Yankees","2","2","0","4.88","0","50","50.0","52","27","9","43","18","1.41","7.71","3.32","4.94","999.0","13345"
"Michael Fulmer","Tigers","7","10","0","4.71","24","24","141.0","143","74","22","103","49","1.36","6.57","3.10","4.94","567.6","13218"
"Kyle Funkhouser","Tigers","1","1","0","5.01","0","16","16.0","16","9","2","14","9","1.55","7.97","4.99","4.94","999.0","19456"
"Thomas Hatch","Blue Jays","1","1","0","4.93","0","24","24.0","23","13","4","23","12","1.46","8.73","4.35","4.95","999.0","19264"
"Jake Arrieta","","8","9","0","4.66","24","24","138.0","137","71","21","109","54","1.38","7.09","3.50","4.96","591.0","4153"
"Johnny Cueto","Giants","9","11","0","5.09","29","29","169.0","178","96","26","137","68","1.45","7.28","3.61","4.96","520.0","6893"
"Adam Warren","Yankees","1","1","0","4.74","0","14","14.0","14","7","2","12","5","1.36","7.77","3.16","4.97","999.0","9029"
"Clay Holmes","","1","1","0","4.76","2","10","17.0","17","9","2","14","10","1.59","7.65","5.39","4.98","999.0","13649"
"Steven Brault","Pirates","8","12","0","4.83","28","28","159.0","160","85","22","131","76","1.48","7.43","4.28","4.98","488.9","15291"
"Chase Anderson","","7","8","0","4.61","21","21","122.0","113","62","23","115","46","1.30","8.49","3.38","4.99","599.1","6895"
"Michael Wacha","Rays","8","8","0","4.91","23","23","132.0","136","72","23","117","52","1.42","7.97","3.54","4.99","512.1","14078"
"Tyler Lyons","Yankees","0","0","0","4.89","0","3","3.0","3","2","1","3","1","1.36","9.35","3.34","4.99","999.0","11334"
"Kwang-hyun Kim","Cardinals","9","11","0","5.00","28","28","162.0","177","90","27","116","53","1.42","6.46","2.95","4.99","269.0","27458"
"Hector Perez","Reds","0","0","0","4.84","0","4","4.0","4","2","1","4","3","1.60","9.87","6.42","5.00","999.0","18592"
"Mike Leake","","8","9","0","4.77","24","24","143.0","157","76","25","90","30","1.31","5.68","1.91","5.00","999.0","10130"
"Reynaldo Lopez","White Sox","3","3","0","4.72","6","28","60.0","58","31","11","53","22","1.34","7.95","3.36","5.00","590.4","16400"
"T.J. Zeuch","Blue Jays","2","2","0","4.94","5","10","33.0","36","18","5","21","12","1.45","5.80","3.21","5.02","999.0","19269"
"Dan Winkler","Cubs","2","2","0","4.87","0","42","42.0","40","23","7","42","20","1.42","8.98","4.28","5.02","999.0","12237"
"Brandon Workman","","3","4","0","4.91","0","58","58.0","54","32","11","66","30","1.45","10.30","4.70","5.02","582.1","11428"
"Jose Mujica","Rockies","0","0","0","5.24","0","5","5.0","6","3","1","4","1","1.42","6.48","2.51","5.02","999.0","17821"
"Spencer Patton","Rangers","1","1","0","5.13","0","16","16.0","16","9","3","18","8","1.48","10.35","4.61","5.03","999.0","12361"
"Yoshihisa Hirano","","2","3","0","4.89","0","46","46.0","47","25","8","41","20","1.44","8.01","3.88","5.03","999.0","19756"
"Jakob Junis","Royals","5","7","0","5.09","13","34","96.0","103","54","18","80","30","1.39","7.54","2.81","5.04","596.6","13619"
"Jose Suarez","Angels","1","1","0","4.99","2","2","9.0","9","5","2","8","4","1.43","8.11","3.61","5.04","999.0","19911"
"Heath Hembree","","2","2","0","5.01","0","32","32.0","31","18","6","34","13","1.38","9.47","3.75","5.04","999.0","11632"
"Bud Norris","","1","2","0","5.12","0","24","24.0","24","14","4","26","11","1.46","9.60","4.22","5.05","999.0","9492"
"Kohl Stewart","Cubs","2","2","0","5.31","6","6","37.0","42","22","5","24","15","1.54","5.72","3.68","5.05","999.0","15502"
"Buck Farmer","Tigers","2","3","0","5.21","0","60","60.0","64","35","10","51","23","1.46","7.61","3.48","5.05","999.0","14814"
"Jeff Hoffman","Reds","3","3","0","5.18","2","58","65.0","66","37","11","64","29","1.47","8.89","4.06","5.06","599.2","17432"
"Caleb Smith","Diamondbacks","8","9","0","4.94","24","24","141.0","132","77","27","146","60","1.36","9.34","3.82","5.06","339.9","14875"
"Tyler Beede","Giants","2","2","0","5.32","6","6","37.0","39","22","6","33","18","1.53","8.12","4.39","5.06","598.4","16981"
"Kyle Wright","Braves","7","8","0","5.07","19","27","121.0","126","68","19","99","51","1.46","7.35","3.79","5.06","525.5","19665"
"Deivi Garcia","Yankees","6","6","0","4.94","18","18","102.0","100","56","20","100","39","1.37","8.85","3.45","5.06","317.1","20276"
"Sam Gaviglio","","0","0","0","5.15","0","5","5.0","5","3","1","4","2","1.40","7.52","2.85","5.06","999.0","12778"
"Jairo Diaz","Rockies","1","2","0","5.90","0","40","40.0","47","26","6","35","20","1.68","7.98","4.52","5.06","999.0","12774"
"Tyler Kinley","Rockies","2","3","0","5.32","0","53","53.0","54","31","8","53","30","1.58","9.02","5.11","5.07","999.0","18297"
"Dylan Cease","White Sox","8","9","0","4.92","24","24","141.0","139","77","23","127","67","1.46","8.13","4.27","5.07","404.3","18525"
"Nick Tropeano","","1","1","0","5.07","0","20","20.0","19","11","4","21","9","1.45","9.31","4.26","5.07","999.0","12385"
"Tyler Anderson","","6","7","0","4.79","18","18","103.0","102","55","19","87","39","1.37","7.64","3.41","5.08","591.9","12880"
"Martin Perez","","9","11","0","5.18","28","28","160.0","175","92","25","120","67","1.51","6.76","3.75","5.08","569.0","6902"
"Yacksel Rios","","0","0","0","4.81","0","5","5.0","5","3","1","5","2","1.44","8.42","4.37","5.09","999.0","15007"
"Cristian Javier","Astros","8","8","0","4.52","23","23","129.0","109","65","24","133","60","1.31","9.25","4.17","5.09","216.8","17606"
"Nick Pivetta","Red Sox","5","7","0","5.17","15","25","95.0","100","55","18","88","37","1.44","8.34","3.49","5.10","535.6","15454"
"Yoan Lopez","Diamondbacks","1","1","0","4.90","0","28","28.0","28","15","5","23","11","1.39","7.49","3.55","5.10","999.0","17181"
"Jose De Leon","Reds","3","4","0","5.09","5","39","62.0","59","35","12","69","31","1.45","10.00","4.44","5.10","599.5","15463"
"Cory Abbott","Cubs","2","2","0","5.03","6","6","37.0","37","21","7","33","15","1.40","8.01","3.59","5.10","999.0","sa3005305"
"Jon Gray","Rockies","7","12","0","5.73","28","28","158.0","184","101","27","126","61","1.55","7.16","3.46","5.11","503.5","14916"
"Domingo Tapia","Mariners","0","0","0","4.98","0","6","6.0","6","3","1","5","3","1.56","7.09","4.95","5.11","999.0","12178"
"Cody Ponce","Pirates","4","8","0","5.07","15","23","93.0","99","52","16","73","35","1.45","7.05","3.43","5.11","999.0","17920"
"Joe Ross","Nationals","7","8","0","5.35","21","21","120.0","133","71","20","92","47","1.50","6.89","3.50","5.12","579.4","12972"
"Kyle Freeland","Rockies","8","13","0","5.49","29","29","169.0","197","103","27","118","65","1.55","6.26","3.48","5.12","546.1","16256"
"Jesse Biddle","Reds","0","0","0","5.18","0","5","5.0","5","3","1","5","3","1.59","8.12","4.93","5.12","999.0","11437"
"Alex Cobb","Angels","9","10","0","4.94","28","28","156.0","167","86","27","114","50","1.40","6.58","2.91","5.13","564.2","6562"
"Tucker Davidson","Braves","2","2","0","5.05","5","5","28.0","29","16","4","23","14","1.54","7.27","4.48","5.13","999.0","19871"
"Cody Allen","","1","2","0","4.96","0","24","24.0","22","13","5","26","11","1.40","9.59","4.28","5.13","999.0","12183"
"Wade Miley","Reds","8","10","0","5.27","26","26","150.0","166","88","24","115","62","1.52","6.91","3.72","5.13","586.8","8779"
"Brad Peacock","","1","1","0","5.00","0","20","20.0","19","11","4","22","10","1.43","10.06","4.46","5.13","999.0","5401"
"Zac Lowther","Orioles","3","5","0","5.01","11","11","65.0","65","36","12","58","28","1.44","8.05","3.90","5.14","999.0","sa915645"
"David Hale","Phillies","2","2","0","5.52","0","50","50.0","58","31","9","40","17","1.50","7.21","3.10","5.14","999.0","9756"
"Homer Bailey","","6","7","0","5.07","19","19","110.0","116","62","20","90","37","1.40","7.34","3.05","5.14","599.6","8362"
"Yency Almonte","Rockies","2","3","0","5.39","0","56","56.0","60","34","9","49","27","1.54","7.86","4.27","5.14","999.0","15068"
"Adam Wainwright","Cardinals","8","10","0","5.21","26","26","151.0","165","87","25","115","58","1.47","6.88","3.45","5.15","454.8","2233"
"Brandon Bielak","Astros","2","2","0","4.96","5","5","28.0","28","15","5","24","12","1.42","7.60","3.76","5.15","999.0","19866"
"Alec Mills","Cubs","8","9","0","5.23","24","24","141.0","154","82","24","102","48","1.43","6.52","3.03","5.16","489.3","13834"
"Tanner Houck","Red Sox","6","7","0","5.22","19","19","112.0","117","65","18","96","53","1.52","7.74","4.27","5.16","999.0","19879"
"Chad Kuhl","Pirates","6","10","0","5.14","24","24","139.0","144","79","24","120","62","1.48","7.79","4.00","5.17","567.0","14975"
"Austin Voth","Nationals","3","3","0","5.32","5","34","57.0","61","34","11","51","22","1.45","8.03","3.41","5.17","595.5","15047"
"Sean Reid-Foley","Mets","1","1","0","5.06","2","7","14.0","14","8","2","14","8","1.51","8.85","4.89","5.17","999.0","17034"
"Jose Urena","Tigers","6","10","0","4.98","21","26","127.0","132","70","21","91","45","1.39","6.44","3.16","5.18","582.6","11589"
"Jake Woodford","Cardinals","1","2","0","4.95","3","15","31.0","31","17","5","24","14","1.46","6.98","4.08","5.19","999.0","18674"
"Wes Benjamin","Rangers","4","6","0","5.20","11","31","86.0","91","50","16","72","33","1.44","7.58","3.45","5.20","999.0","19243"
"Steven Wright","","4","5","0","4.76","8","26","65.0","63","34","11","53","28","1.40","7.35","3.84","5.20","999.0","8185"
"Cesar Valdez","Orioles","2","3","0","5.55","0","55","55.0","63","34","11","49","19","1.51","8.03","3.17","5.20","593.6","9013"
"Chris Mazza","Red Sox","0","1","0","5.38","2","2","9.0","10","5","2","7","4","1.49","7.07","3.51","5.20","999.0","14151"
"Nik Turley","Athletics","2","2","0","4.92","0","42","42.0","38","23","7","45","26","1.52","9.55","5.57","5.21","999.0","5530"
"Andrew Cashner","","4","5","0","4.93","6","44","76.0","77","42","12","58","34","1.46","6.83","4.06","5.21","999.0","8782"
"Antonio Senzatela","Rockies","7","13","0","5.76","29","29","168.0","204","108","25","100","62","1.58","5.38","3.34","5.21","531.4","15488"
"Rogelio Armenteros","Nationals","2","2","0","5.30","5","5","28.0","30","16","5","24","11","1.46","7.85","3.54","5.21","999.0","17679"
"Tyson Ross","","5","6","0","5.00","16","16","93.0","95","52","15","73","40","1.46","7.10","3.90","5.21","999.0","7872"
"Junior Guerra","Angels","1","1","0","4.69","0","30","30.0","28","16","5","28","14","1.40","8.33","4.27","5.22","999.0","5702"
"David Hess","","1","1","0","4.90","0","12","12.0","12","7","2","11","5","1.37","7.97","3.47","5.22","999.0","16130"
"Rafael Dolis","Blue Jays","3","3","0","5.30","0","65","65.0","66","38","10","63","38","1.59","8.74","5.26","5.23","492.0","4185"
"Ryan Brasier","Red Sox","3","3","0","5.31","0","56","56.0","59","33","12","58","21","1.42","9.32","3.34","5.23","999.0","5615"
"Mike Kickham","","0","0","0","5.36","0","5","5.0","5","3","1","5","3","1.60","8.42","4.98","5.26","999.0","11618"
"Johan Oviedo","Cardinals","3","4","0","5.34","8","14","53.0","56","31","8","42","27","1.57","7.10","4.64","5.26","999.0","22487"
"Jonathan Stiever","White Sox","3","3","0","4.99","8","12","51.0","52","28","11","44","16","1.33","7.81","2.74","5.27","999.0","24584"
"Madison Bumgarner","Diamondbacks","9","11","0","5.33","29","29","170.0","186","101","35","130","46","1.37","6.90","2.42","5.27","393.4","5524"
"Michael Baumann","Orioles","4","7","0","5.12","16","16","93.0","94","53","17","78","41","1.45","7.55","3.95","5.28","999.0","sa829681"
"Anibal Sanchez","","8","10","0","5.07","26","26","147.0","148","83","29","121","51","1.35","7.38","3.09","5.28","594.7","3284"
"Matt Magill","Mariners","0","0","0","5.08","0","5","5.0","5","3","1","5","2","1.43","8.80","3.90","5.28","999.0","3950"
"Jordan Yamamoto","Mets","3","4","0","5.24","10","10","56.0","58","33","11","50","23","1.44","8.06","3.70","5.29","999.0","17585"
"Javy Guerra","","1","1","0","5.52","0","16","16.0","18","10","3","13","6","1.49","7.29","3.13","5.29","999.0","7407"
"Francisco Liriano","","0","0","0","5.11","0","8","8.0","8","5","1","7","4","1.57","8.29","5.04","5.30","999.0","3201"
"Austin Gomber","Rockies","6","10","0","5.86","23","23","128.0","147","83","23","108","58","1.60","7.61","4.05","5.30","510.4","16561"
"A.J. Cole","","1","1","0","5.44","0","14","14.0","15","8","3","14","6","1.49","8.97","3.98","5.30","999.0","11467"
"Keegan Akin","Orioles","6","10","0","5.30","23","23","129.0","130","76","26","130","61","1.48","9.04","4.25","5.31","999.0","19362"
"Dean Kremer","Orioles","7","10","0","5.26","24","24","143.0","148","84","28","128","60","1.46","8.08","3.80","5.31","999.0","19350"
"Sam Hentges","Indians","2","2","0","5.57","5","9","32.0","35","20","6","28","16","1.57","7.83","4.36","5.34","999.0","sa828881"
"Brad Boxberger","","2","3","0","4.98","0","45","45.0","41","25","8","48","25","1.46","9.66","5.04","5.34","999.0","10133"
"Braxton Garrett","Marlins","3","5","0","5.35","11","11","65.0","70","39","12","55","29","1.53","7.60","4.05","5.37","999.0","21844"
"Tommy Milone","","4","4","0","5.20","11","11","66.0","69","38","15","58","18","1.32","7.84","2.41","5.37","999.0","7608"
"Ian Kennedy","","2","3","0","5.13","0","38","38.0","38","22","8","38","15","1.39","8.94","3.52","5.38","999.0","6986"
"Felix Hernandez","Braves","5","7","0","5.11","18","18","101.0","104","57","19","80","39","1.41","7.14","3.47","5.39","999.0","4772"
"Jordan Zimmermann","","3","4","0","5.38","10","10","56.0","62","33","12","43","16","1.39","6.98","2.53","5.39","999.0","4505"
"Erick Fedde","Nationals","4","5","0","5.68","11","23","78.0","92","49","13","51","31","1.58","5.85","3.60","5.40","599.4","17425"
"Daniel Gossett","","0","1","0","5.44","2","2","9.0","10","5","2","7","4","1.49","7.14","3.50","5.41","999.0","16164"
"Tyson Miller","Cubs","2","3","0","5.34","8","8","46.0","49","27","9","34","16","1.42","6.59","3.16","5.44","999.0","19976"
"Fernando Abad","","1","1","0","5.29","0","14","14.0","15","8","3","12","6","1.48","7.65","3.73","5.44","999.0","4994"
"Josh Tomlin","Braves","2","2","0","5.28","0","48","48.0","55","28","12","36","7","1.31","6.66","1.37","5.47","597.8","9388"
"Ross Detwiler","Marlins","2","4","0","5.72","2","52","59.0","69","38","10","42","27","1.61","6.41","4.08","5.47","999.0","2859"
"Ben Braymer","Nationals","2","3","0","5.70","6","16","48.0","54","30","9","39","20","1.54","7.24","3.79","5.49","999.0","20175"
"Jhoulys Chacin","Yankees","1","1","0","5.29","3","3","19.0","20","11","4","15","8","1.46","7.25","3.85","5.50","999.0","2608"
"Tanner Roark","Blue Jays","8","9","0","5.41","24","24","138.0","147","83","27","111","53","1.45","7.22","3.46","5.50","586.7","8753"
"Jon Lester","Nationals","7","10","0","5.72","24","24","138.0","160","88","28","104","50","1.52","6.78","3.27","5.51","533.5","4930"
"Adam Plutko","Indians","5","6","0","5.24","8","61","100.0","105","58","22","77","32","1.37","6.90","2.91","5.51","599.2","15846"
"Ljay Newsome","Mariners","1","2","0","5.06","5","5","28.0","30","16","7","21","5","1.24","6.76","1.53","5.51","999.0","19942"
"Tony Santillan","Reds","2","3","0","5.47","8","8","47.0","51","29","9","36","18","1.47","6.89","3.41","5.52","999.0","sa874781"
"Bruce Zimmermann","Orioles","5","9","0","5.65","18","21","106.0","118","67","21","86","45","1.54","7.28","3.82","5.53","999.0","20370"
"Ashton Goudeau","Orioles","0","1","0","5.82","0","12","12.0","14","8","3","11","5","1.54","8.09","3.52","5.54","999.0","15139"
"Roenis Elias","Mariners","0","1","0","5.44","0","10","10.0","10","6","2","9","5","1.55","7.75","4.61","5.55","999.0","12673"
"Matt Moore","Phillies","7","8","0","5.52","21","21","120.0","130","74","25","99","47","1.48","7.46","3.50","5.56","588.4","1890"
"Edinson Volquez","","1","1","0","5.52","0","12","12.0","13","7","2","10","6","1.57","7.22","4.63","5.57","999.0","3990"
"Robert Stephenson","Rockies","2","3","0","5.73","0","60","60.0","61","38","13","65","33","1.57","9.68","5.00","5.58","599.3","13594"
"Shelby Miller","","3","4","0","5.77","10","10","56.0","61","36","10","42","28","1.60","6.71","4.50","5.58","999.0","10197"
"Chi Chi Gonzalez","","1","2","0","6.15","5","5","28.0","34","19","5","17","13","1.67","5.61","4.03","5.58","999.0","14663"
"Carson Fulmer","Pirates","1","2","0","5.40","2","18","25.0","25","15","4","23","15","1.60","8.11","5.46","5.60","999.0","18311"
"Jordan Lyles","Rangers","7","12","0","5.53","28","28","158.0","171","97","32","122","62","1.48","6.95","3.53","5.62","578.2","7593"
"Wil Crowe","Pirates","5","9","0","5.56","19","19","113.0","125","70","21","77","48","1.53","6.15","3.80","5.64","999.0","19800"
"Ivan Nova","Phillies","2","3","0","5.59","8","8","46.0","54","29","9","28","14","1.48","5.41","2.77","5.65","999.0","1994"
"Justin Dunn","Mariners","6","10","0","5.58","23","23","132.0","137","82","27","111","61","1.50","7.54","4.14","5.67","538.3","19268"
"Mike Fiers","","7","9","0","5.28","24","24","139.0","146","82","29","97","45","1.38","6.28","2.91","5.68","566.5","7754"
"Robert Dugger","Mariners","1","1","0","5.31","2","5","12.0","13","7","3","9","4","1.41","6.81","3.23","5.69","999.0","19191"
"Julio Teheran","","6","8","0","5.26","21","21","122.0","118","71","24","98","56","1.43","7.26","4.15","5.69","598.7","6797"
"Alex Wells","Orioles","2","4","0","5.45","10","10","56.0","62","34","13","39","16","1.40","6.25","2.59","5.71","999.0","sa919319"
"Jorge Lopez","Orioles","3","6","0","5.76","11","17","72.0","83","46","15","54","27","1.52","6.77","3.36","5.72","999.0","14527"
"Daniel Bard","Rockies","2","3","0","5.96","0","61","61.0","67","40","11","49","32","1.63","7.26","4.78","5.73","331.8","7115"
"Jefry Rodriguez","Nationals","0","1","0","5.79","2","2","9.0","10","6","2","6","5","1.61","6.35","4.58","5.74","999.0","17018"
"Jorge Guzman","Marlins","3","5","0","5.71","8","23","62.0","62","39","11","55","38","1.63","7.94","5.58","5.78","999.0","17505"
"Vladimir Gutierrez","Reds","1","1","0","5.76","3","3","19.0","21","12","4","14","6","1.45","6.80","2.95","5.81","999.0","sa952977"
"Neftali Feliz","","1","1","0","5.50","0","14","14.0","14","9","3","12","7","1.49","7.65","4.33","5.88","999.0","18"
"Jeff Samardzija","","6","9","0","5.52","23","23","126.0","131","77","29","96","47","1.42","6.83","3.37","5.89","600.0","3254"
"Wade LeBlanc","","2","5","0","5.91","10","10","56.0","65","37","13","38","19","1.50","6.17","3.09","6.04","999.0","5221"
"Ryan Castellani","Rockies","3","6","0","6.68","10","18","64.0","77","47","13","45","33","1.72","6.33","4.61","6.07","999.0","16377"
"Dereck Rodriguez","","1","3","0","6.59","5","10","33.0","41","24","8","23","13","1.63","6.16","3.46","6.12","999.0","14509"
"Tom Eshelman","Orioles","1","3","0","6.28","6","6","38.0","47","27","9","22","12","1.54","5.19","2.73","6.23","999.0","18361"
"Ervin Santana","","1","2","0","6.16","5","5","28.0","32","19","6","14","11","1.55","4.63","3.66","6.42","600.5","3200"
