Name,Team,position,playerid,IP,ERA,WHIP,SV,W,K,marginal_total_points,dollar_value,status
Jacob deGrom,Mets,pitcher,10954,203,2.97,1.04,0,15,271,15.56,38.83,drafted
Shane Bieber,Indians,pitcher,19427,205,3.29,1.09,0,15,255,14.08,34.76,drafted
Gerrit Cole,Yankees,pitcher,13125,204,3.58,1.09,0,15,271,13.9,34.28,drafted
Max Scherzer,Nationals,pitcher,3137,189,3.52,1.11,0,13,236,11.89,28.740000000000002,drafted
Yu Darvish,Cubs,pitcher,13074,189,3.72,1.17,0,13,227,10.67,25.38,drafted
Walker Buehler,Dodgers,pitcher,19374,185,3.69,1.17,0,13,208,10.16,23.97,drafted
Dinelson Lamet,Padres,pitcher,17186,173,3.62,1.18,0,12,219,9.82,23.02,drafted
Trevor Bauer,NA,pitcher,12703,206,4.08,1.25,0,13,233,9.66,22.58,drafted
Tyler Glasnow,Rays,pitcher,14374,169,3.64,1.2,0,12,217,9.43,21.95,drafted
Clayton Kershaw,Dodgers,pitcher,2036,178,3.58,1.18,0,13,182,9.42,21.92,drafted
Blake Snell,Rays,pitcher,13543,166,3.47,1.2,0,12,204,9.29,21.56,
Luis Castillo,Reds,pitcher,15689,184,3.67,1.25,0,12,210,9.06,20.95,drafted
Brandon Woodruff,Brewers,pitcher,16162,185,3.86,1.23,0,12,205,8.88,20.44,drafted
Edwin Diaz,Mets,pitcher,14710,63,3.02,1.1,31,4,93,8.78,20.16,
Carlos Carrasco,Indians,pitcher,6632,174,3.88,1.21,0,12,194,8.54,19.52,drafted
Aroldis Chapman,Yankees,pitcher,10233,63,3.13,1.16,31,4,92,8.47,19.31,
Aaron Nola,Phillies,pitcher,16149,190,3.9,1.28,0,12,207,8.41,19.15,drafted
Lucas Giolito,White Sox,pitcher,15474,185,4.16,1.26,0,12,217,8.35,18.98,drafted
Jack Flaherty,Cardinals,pitcher,17479,182,3.97,1.26,0,11,203,7.99,17.99,drafted
James Karinchak,Indians,pitcher,20151,63,3.43,1.26,31,4,91,7.9,17.76,drafted
Charlie Morton,Braves,pitcher,4676,168,3.76,1.24,0,12,178,7.9,17.74,
Craig Kimbrel,Cubs,pitcher,6655,63,3.59,1.22,32,3,89,7.85,17.62,
Jesus Luzardo,Athletics,pitcher,19959,175,3.85,1.25,0,12,179,7.84,17.59,drafted
Framber Valdez,Astros,pitcher,17295,171,3.57,1.31,0,13,175,7.75,17.33,drafted
Lance Lynn,White Sox,pitcher,2520,191,4.28,1.28,0,12,205,7.75,17.32,drafted
Kevin Gausman,Giants,pitcher,14107,170,3.81,1.23,0,11,176,7.65,17.05,drafted
Ryan Pressly,Astros,pitcher,7005,63,3.55,1.2,31,4,73,7.64,17.02,drafted
Matt Barnes,Red Sox,pitcher,12863,63,3.68,1.3,32,4,81,7.59,16.9,
Jose Berrios,Twins,pitcher,14168,188,4.32,1.28,0,13,191,7.58,16.86,drafted
Andrew Heaney,Angels,pitcher,15423,172,4.19,1.23,0,12,177,7.42,16.43,
Nathan Eovaldi,Red Sox,pitcher,9132,171,4.08,1.25,0,12,179,7.41,16.4,
Hyun-Jin Ryu,Blue Jays,pitcher,14444,189,4.16,1.28,0,13,170,7.36,16.26,drafted
Lance McCullers Jr.,Astros,pitcher,14120,171,3.82,1.29,0,12,174,7.27,16.03,drafted
Patrick Corbin,Nationals,pitcher,9323,190,4.05,1.31,0,12,180,7.18,15.77,drafted
Raisel Iglesias,Angels,pitcher,17130,63,3.72,1.19,30,3,73,7.09,15.52,
German Marquez,Rockies,pitcher,15038,192,4.28,1.3,0,12,186,7.08,15.5,drafted
Zac Gallen,Diamondbacks,pitcher,19291,178,4.14,1.29,0,11,192,7.06,15.45,drafted
Zack Wheeler,Phillies,pitcher,10310,191,4.18,1.28,0,11,179,7.02,15.32,
Josh Hader,Brewers,pitcher,14212,63,3.38,1.13,25,3,94,6.94,15.100000000000001,drafted
Zack Greinke,Astros,pitcher,1943,191,4.37,1.26,0,12,166,6.9,14.98,
Taylor Rogers,Twins,pitcher,13449,63,3.64,1.22,28,4,71,6.83,14.79,drafted
Kenta Maeda,Twins,pitcher,18498,181,4.43,1.3,0,12,186,6.68,14.39,drafted
Dylan Bundy,Angels,pitcher,12917,184,4.52,1.28,0,12,177,6.58,14.120000000000001,drafted
Chris Sale,Red Sox,pitcher,10603,112,3.34,1.07,0,9,146,6.56,14.07,
Sonny Gray,Reds,pitcher,12768,181,4.09,1.35,0,11,191,6.52,13.96,drafted
Max Fried,Braves,pitcher,13743,171,3.8,1.34,0,12,162,6.51,13.93,drafted
James Paxton,NA,pitcher,11828,169,4.22,1.28,0,11,173,6.44,13.739999999999998,
Masahiro Tanaka,NA,pitcher,15764,176,4.26,1.26,0,11,158,6.35,13.489999999999998,drafted
Pablo Lopez,Marlins,pitcher,17085,179,4.01,1.29,0,10,161,6.27,13.260000000000002,drafted
Stephen Strasburg,Nationals,pitcher,10131,163,4.04,1.26,0,10,161,6.23,13.16,
Chris Paddack,Padres,pitcher,20099,155,4.06,1.22,0,10,153,6.23,13.149999999999999,drafted
Kyle Hendricks,Cubs,pitcher,12049,190,4.34,1.28,0,11,153,6.12,12.84,drafted
Corey Kluber,Rangers,pitcher,2429,148,4.05,1.23,0,10,152,5.98,12.46,drafted
Tanner Rainey,Nationals,pitcher,17610,63,3.86,1.4,28,3,80,5.97,12.43,
Joe Musgrove,Pirates,pitcher,12970,182,4.27,1.31,0,10,171,5.93,12.329999999999998,drafted
Drew Smyly,Braves,pitcher,11760,152,4.25,1.28,0,10,176,5.92,12.29,
Corbin Burnes,Brewers,pitcher,19361,158,4.12,1.32,0,10,177,5.84,12.079999999999998,drafted
Hector Neris,Phillies,pitcher,11804,63,4.26,1.32,28,3,71,5.83,12.059999999999999,
Adrian Morejon,Padres,pitcher,20039,140,3.78,1.29,0,10,152,5.64,11.53,
Matthew Boyd,Tigers,pitcher,15440,172,4.59,1.29,0,10,176,5.63,11.5,
Yusei Kikuchi,Mariners,pitcher,20633,167,4.17,1.3,0,10,156,5.61,11.43,
Rafael Montero,Mariners,pitcher,12760,63,3.98,1.26,25,3,70,5.55,11.28,
Jordan Romano,Blue Jays,pitcher,16122,63,4.13,1.29,26,3,69,5.54,11.26,
Drew Pomeranz,Padres,pitcher,11426,63,3.6,1.25,23,3,76,5.51,11.18,
Robbie Ray,Blue Jays,pitcher,11486,163,4.54,1.39,0,11,201,5.49,11.11,
Jordan Montgomery,Yankees,pitcher,16511,166,4.51,1.31,0,11,165,5.49,11.11,
Chris Bassitt,Athletics,pitcher,12304,176,4.46,1.31,0,11,156,5.47,11.07,drafted
Yimi Garcia,Marlins,pitcher,12095,63,4.33,1.29,26,3,63,5.29,10.56,
Dustin May,Dodgers,pitcher,19716,144,3.89,1.27,0,10,132,5.28,10.54,drafted
Nick Anderson,Rays,pitcher,18337,63,3.37,1.11,16,4,86,5.19,10.28,
Jose Leclerc,Rangers,pitcher,14524,60,3.86,1.3,23,3,78,5.17,10.24,
Kwang-hyun Kim,Cardinals,pitcher,27458,185,4.32,1.36,0,11,151,5.15,10.17,
Eduardo Rodriguez,Red Sox,pitcher,13164,152,4.26,1.33,0,10,161,5.1,10.03,
Marco Gonzales,Mariners,pitcher,15467,180,4.42,1.3,0,10,142,5.09,10,drafted
Frankie Montas,Athletics,pitcher,14309,154,4.25,1.31,0,10,149,5.03,9.86,drafted
Kenley Jansen,Dodgers,pitcher,3096,63,4.24,1.23,23,3,67,5.02,9.82,
Daniel Bard,Rockies,pitcher,7115,61,4.24,1.34,25,3,66,4.99,9.73,
David Price,Dodgers,pitcher,3184,135,4.06,1.27,0,10,135,4.97,9.68,
Jake Odorizzi,NA,pitcher,6397,160,4.63,1.32,0,10,166,4.9,9.48,
Chris Martin,Braves,pitcher,11847,63,3.81,1.21,21,3,64,4.84,9.32,
Sean Manaea,Athletics,pitcher,15873,158,4.32,1.3,0,10,135,4.76,9.09,
Marcus Stroman,Mets,pitcher,13431,174,4.14,1.39,0,11,140,4.73,9.02,
Sixto Sanchez,Marlins,pitcher,19680,147,3.95,1.3,0,9,131,4.7,8.94,drafted
Jake Diekman,Athletics,pitcher,5003,63,3.52,1.32,20,3,77,4.68,8.89,
Griffin Canning,Angels,pitcher,19867,156,4.52,1.33,0,10,153,4.6,8.67,
Seth Lugo,Mets,pitcher,12447,144,4.25,1.3,0,9,143,4.55,8.54,
Mike Minor,Royals,pitcher,10021,175,4.64,1.34,0,10,154,4.55,8.52,
Sandy Alcantara,Marlins,pitcher,18684,191,4.49,1.41,0,10,167,4.46,8.29,
Richard Rodriguez,Pirates,pitcher,13549,63,4.28,1.31,22,3,66,4.46,8.29,
Aaron Bummer,White Sox,pitcher,16258,63,3.39,1.31,18,4,69,4.45,8.25,
Zach Plesac,Indians,pitcher,19979,174,4.73,1.33,0,10,151,4.43,8.21,drafted
Chris Archer,NA,pitcher,6345,154,4.57,1.33,0,9,160,4.4,8.12,
Julio Urias,Dodgers,pitcher,14765,153,4.41,1.34,0,10,142,4.37,8.02,drafted
Jose Urquidy,Astros,pitcher,18413,156,4.69,1.3,0,10,141,4.36,8.02,
Anthony DeSclafani,Giants,pitcher,13050,163,4.46,1.33,0,9,143,4.25,7.710000000000001,
Michael Pineda,Twins,pitcher,5372,159,4.74,1.31,0,10,141,4.23,7.66,drafted
Josh Lindblom,Brewers,pitcher,7882,168,4.79,1.33,0,9,160,4.23,7.640000000000001,
Amir Garrett,Reds,pitcher,14375,63,4.08,1.35,20,3,74,4.19,7.529999999999999,
Stefan Crichton,Diamondbacks,pitcher,16058,63,4.31,1.39,23,3,55,4.1,7.279999999999999,
Elieser Hernandez,Marlins,pitcher,16933,153,4.62,1.31,0,8,150,3.99,6.99,
John Means,Orioles,pitcher,16269,170,4.91,1.32,0,9,151,3.95,6.890000000000001,
Tony Gonsolin,Dodgers,pitcher,19388,121,4.18,1.25,0,8,125,3.93,6.83,
Kyle Gibson,Rangers,pitcher,10123,174,4.48,1.42,0,10,153,3.93,6.83,
Ian Anderson,Braves,pitcher,19951,147,4.3,1.4,0,9,153,3.9,6.74,drafted
Zach Eflin,Phillies,pitcher,13774,168,4.73,1.35,0,9,149,3.86,6.609999999999999,drafted
Tarik Skubal,Tigers,pitcher,22267,141,4.51,1.33,0,8,151,3.85,6.6,drafted
Johnny Cueto,Giants,pitcher,6893,174,4.52,1.38,0,9,146,3.84,6.58,
Jose Quintana,NA,pitcher,11423,161,4.61,1.37,0,10,140,3.84,6.57,
Hunter Harvey,Orioles,pitcher,15507,63,4.7,1.39,22,3,62,3.84,6.5600000000000005,
Tyler Mahle,Reds,pitcher,16358,153,4.7,1.36,0,9,155,3.83,6.539999999999999,drafted
Rick Porcello,NA,pitcher,2717,177,4.95,1.36,0,10,147,3.71,6.220000000000001,
Logan Webb,Giants,pitcher,17995,160,4.3,1.42,0,10,133,3.63,5.98,
Vince Velasquez,Phillies,pitcher,11189,150,4.8,1.37,0,9,154,3.56,5.800000000000001,
Ross Stripling,Blue Jays,pitcher,13273,153,4.72,1.37,0,10,135,3.51,5.67,
Mike Soroka,Braves,pitcher,18383,148,4.29,1.36,0,9,120,3.49,5.609999999999999,drafted
Spencer Turnbull,Tigers,pitcher,16207,165,4.61,1.41,0,9,152,3.49,5.6,
Luis Severino,Yankees,pitcher,15890,101,3.94,1.21,0,7,113,3.45,5.5,
Aaron Civale,Indians,pitcher,19479,150,4.69,1.33,0,9,125,3.37,5.279999999999999,
Patrick Sandoval,Angels,pitcher,19447,132,4.22,1.38,0,9,125,3.35,5.23,
Noah Syndergaard,Mets,pitcher,11762,114,4.05,1.25,0,7,112,3.35,5.220000000000001,
Ryan Yarbrough,Rays,pitcher,16502,159,4.63,1.35,0,9,124,3.33,5.17,drafted
Jameson Taillon,Pirates,pitcher,11674,143,4.45,1.34,0,8,126,3.27,5,drafted
Garrett Richards,NA,pitcher,9784,150,4.63,1.4,0,9,142,3.23,4.9,
Dane Dunning,Rangers,pitcher,19409,149,4.53,1.37,0,8,136,3.2,4.82,
Luke Weaver,Diamondbacks,pitcher,16918,141,4.65,1.34,0,8,134,3.19,4.779999999999999,
J.A. Happ,NA,pitcher,7410,144,4.69,1.36,0,9,129,3.15,4.68,
Danny Duffy,Royals,pitcher,3542,157,4.85,1.38,0,9,140,3.11,4.5600000000000005,
Michael Kopech,White Sox,pitcher,17282,128,4.65,1.37,0,8,144,3.08,4.470000000000001,drafted
Dallas Keuchel,White Sox,pitcher,9434,181,4.59,1.46,0,11,129,3.08,4.470000000000001,drafted
Taijuan Walker,NA,pitcher,11836,169,5,1.42,0,10,150,3.06,4.43,
Triston McKenzie,Indians,pitcher,18000,127,4.68,1.32,0,8,128,3.03,4.35,
Brady Singer,Royals,pitcher,25377,146,4.49,1.4,0,9,124,2.96,4.15,
Matt Shoemaker,NA,pitcher,4776,144,4.73,1.37,0,8,134,2.86,3.87,
Brusdar Graterol,Dodgers,pitcher,20367,63,3.54,1.25,10,4,67,2.84,3.83,
Deivi Garcia,Yankees,pitcher,20276,152,5.09,1.41,0,9,153,2.8,3.71,drafted
Alex Reyes,Cardinals,pitcher,15015,58,3.92,1.37,14,3,70,2.76,3.5999999999999996,drafted
Merrill Kelly,Diamondbacks,pitcher,11156,151,4.77,1.37,0,8,129,2.74,3.5300000000000002,
Peter Fairbanks,Rays,pitcher,17998,60,3.42,1.21,9,3,77,2.72,3.5,
Miles Mikolas,Cardinals,pitcher,9803,131,4.47,1.31,0,8,98,2.68,3.38,
David Peterson,Mets,pitcher,20302,149,4.4,1.45,0,9,125,2.68,3.38,
MacKenzie Gore,NA,pitcher,sa3005068,120,4.4,1.37,0,8,115,2.59,3.1399999999999997,drafted
Freddy Peralta,Brewers,pitcher,18679,109,4.33,1.33,0,6,129,2.59,3.13,
Justus Sheffield,Mariners,pitcher,17285,149,4.45,1.44,0,8,130,2.54,3.01,
Lucas Sims,Reds,pitcher,13470,63,4.18,1.29,11,3,76,2.49,2.8600000000000003,
Adrian Houser,Brewers,pitcher,12718,150,4.6,1.44,0,9,123,2.46,2.7800000000000002,
Dylan Cease,White Sox,pitcher,18525,141,4.8,1.46,0,9,141,2.44,2.7199999999999998,
Zach Davies,Padres,pitcher,13183,182,4.93,1.45,0,10,132,2.44,2.7199999999999998,drafted
Caleb Smith,Diamondbacks,pitcher,14875,141,5.11,1.4,0,8,146,2.4,2.62,
Austin Gomber,Cardinals,pitcher,16561,142,4.55,1.43,0,8,127,2.4,2.5999999999999996,
Will Smith,Braves,pitcher,8048,63,3.69,1.22,8,3,76,2.38,2.5599999999999996,drafted
Mitch Keller,Pirates,pitcher,17594,141,4.67,1.44,0,8,135,2.35,2.4699999999999998,
Adbert Alzolay,Cubs,pitcher,17859,134,4.79,1.43,0,8,138,2.34,2.4400000000000004,
Daulton Jefferies,Athletics,pitcher,19345,113,4.51,1.3,0,7,102,2.3,2.33,
Nate Pearson,Blue Jays,pitcher,20160,126,4.79,1.39,0,8,124,2.28,2.29,drafted
Emilio Pagan,Padres,pitcher,14771,63,4.06,1.22,9,3,71,2.27,2.26,
Liam Hendriks,NA,pitcher,3548,70,3.33,1.1,0,4,92,2.23,2.1500000000000004,drafted
Steven Matz,Mets,pitcher,13361,111,4.47,1.34,0,7,108,2.19,2.0300000000000002,
Alec Mills,Cubs,pitcher,13834,170,5.01,1.44,0,9,134,2.19,2.0300000000000002,
Jonathan Brubaker,Pirates,pitcher,17578,129,4.44,1.39,0,7,113,2.16,1.9400000000000004,
Cristian Javier,Astros,pitcher,17606,127,5.01,1.41,0,8,135,2.16,1.9299999999999997,
Jon Gray,Rockies,pitcher,14916,155,5,1.43,0,9,128,2.15,1.92,
Brad Keller,Royals,pitcher,15734,180,4.82,1.49,0,10,129,2.11,1.8200000000000003,
Josh Staumont,Royals,pitcher,18335,63,4.18,1.4,11,3,77,2.1,1.79,
Michael Wacha,Rays,pitcher,14078,141,4.83,1.41,0,8,122,2.1,1.7699999999999996,
Carlos Martinez,Cardinals,pitcher,11682,156,4.74,1.47,0,9,126,2.09,1.75,
Kris Bubic,Royals,pitcher,21455,135,4.66,1.43,0,8,120,2.07,1.6900000000000004,
Diego Castillo,Rays,pitcher,17496,63,3.55,1.26,7,3,72,2,1.5199999999999996,
Adam Wainwright,NA,pitcher,2233,150,4.92,1.42,0,8,123,1.94,1.3499999999999996,
Alex Cobb,Orioles,pitcher,6562,170,5.05,1.44,0,9,126,1.94,1.3399999999999999,
Trevor Rogers,Marlins,pitcher,22286,103,4.11,1.34,0,6,99,1.94,1.3399999999999999,drafted
Bryan Garcia,Tigers,pitcher,19457,63,5.04,1.51,17,3,53,1.92,1.2999999999999998,
Tyler Rogers,Giants,pitcher,15541,63,4.08,1.41,13,3,50,1.91,1.2400000000000002,
Josh Fleming,Rays,pitcher,20418,128,4.42,1.39,0,8,89,1.88,1.17,
Cal Quantrill,Indians,pitcher,19312,102,4.62,1.34,3,6,89,1.87,1.1500000000000004,
Reyes Moronta,Giants,pitcher,14966,56,3.92,1.34,10,3,65,1.86,1.13,
Trevor May,Mets,pitcher,6398,64,3.61,1.2,4,3,83,1.85,1.08,
Michael Lorenzen,Reds,pitcher,14843,154,4.82,1.48,0,8,135,1.82,1.0199999999999996,
Rich Hill,NA,pitcher,4806,122,4.77,1.38,0,7,113,1.82,1.0099999999999998,
Tejay Antone,Reds,pitcher,16233,114,4.29,1.39,0,6,109,1.81,0.9900000000000002,
Giovanny Gallegos,Cardinals,pitcher,14986,63,3.96,1.24,7,3,70,1.81,0.9699999999999998,
Matt Wisler,Giants,pitcher,12804,63,4.03,1.25,8,3,64,1.8,0.96,
Shohei Ohtani,Angels,pitcher,19755,103,4.48,1.4,0,7,108,1.73,0.7599999999999998,
Greg Holland,Royals,pitcher,7196,58,4.67,1.47,14,3,57,1.73,0.7599999999999998,
Spencer Howard,Phillies,pitcher,23252,122,4.79,1.4,0,7,116,1.72,0.75,
Madison Bumgarner,Diamondbacks,pitcher,5524,173,5.3,1.41,0,8,131,1.71,0.71,
Kevin Ginkel,Diamondbacks,pitcher,19876,63,4.16,1.32,8,3,73,1.68,0.6299999999999999,
Alex Wood,NA,pitcher,13781,116,4.59,1.38,0,7,100,1.66,0.5700000000000003,
Keegan Akin,Orioles,pitcher,19362,150,5.18,1.48,0,8,147,1.64,0.5099999999999998,
Wade Miley,Reds,pitcher,8779,150,4.79,1.51,0,9,122,1.57,0.3099999999999996,
A.J. Puk,Athletics,pitcher,19343,81,3.92,1.29,0,5,91,1.54,0.2400000000000002,
Dean Kremer,Orioles,pitcher,19350,159,5.25,1.47,0,8,144,1.53,0.21999999999999975,
Kyle Cody,Rangers,pitcher,19686,122,4.81,1.42,0,7,112,1.46,0.03000000000000025,
Jonathan Loaisiga,Yankees,pitcher,19753,81,4.1,1.28,0,5,91,1.46,0.019999999999999574,
Brett Anderson,Brewers,pitcher,8223,141,4.64,1.43,0,8,90,1.4,-0.14000000000000012,
Rafael Dolis,Blue Jays,pitcher,4185,63,4.26,1.37,8,3,70,1.37,-0.2400000000000002,
Kolby Allard,Rangers,pitcher,18694,132,4.79,1.44,0,7,112,1.36,-0.25,
Jaime Barria,Angels,pitcher,18356,111,4.95,1.36,0,7,98,1.36,-0.27,
Kyle Freeland,Rockies,pitcher,16256,168,5.1,1.5,0,9,127,1.29,-0.43999999999999995,
Nick Pivetta,Red Sox,pitcher,15454,135,5.15,1.45,0,8,118,1.28,-0.4700000000000002,
Mike Leake,NA,pitcher,10130,152,5.07,1.4,0,8,95,1.27,-0.52,
Tanner Houck,Red Sox,pitcher,19879,157,5.09,1.53,0,9,135,1.26,-0.5299999999999998,
Devin Smeltzer,Twins,pitcher,19487,138,5.15,1.42,0,8,106,1.24,-0.5899999999999999,
Jordan Hicks,Cardinals,pitcher,19618,50,3.46,1.34,7,3,59,1.19,-0.7200000000000002,drafted
Randy Dobnak,Twins,pitcher,23798,149,4.93,1.46,0,9,95,1.19,-0.73,
Domingo German,Yankees,pitcher,17149,100,4.91,1.35,0,6,101,1.18,-0.7400000000000002,drafted
Chad Kuhl,Pirates,pitcher,14975,140,4.98,1.48,0,7,127,1.17,-0.7799999999999998,
Michael King,Yankees,pitcher,19853,121,5,1.4,0,7,102,1.17,-0.79,
Jonathan Hernandez,Rangers,pitcher,17464,63,4.05,1.34,6,3,67,1.1,-0.98,
Tyler Chatwood,NA,pitcher,4338,150,4.95,1.57,0,9,133,1.08,-1.02,
Carlos Rodon,NA,pitcher,16137,117,4.94,1.43,0,7,105,1.08,-1.0299999999999998,
Lou Trivino,Athletics,pitcher,15043,63,4.37,1.38,8,3,62,1.08,-1.0299999999999998,
Devin Williams,Brewers,pitcher,15816,63,3.7,1.31,3,3,80,1.07,-1.04,drafted
Lewis Thorpe,Twins,pitcher,15906,109,4.75,1.39,0,6,98,1.07,-1.0699999999999998,
Matt Moore,NA,pitcher,1890,136,5.21,1.43,0,7,115,1.02,-1.19,
Jesse Hahn,Royals,pitcher,13287,56,4.19,1.36,8,3,55,1,-1.2400000000000002,
Tanner Scott,Orioles,pitcher,17586,63,3.73,1.35,4,3,75,1,-1.2400000000000002,
Drew Rasmussen,Brewers,pitcher,25385,82,4.16,1.37,0,5,91,1,-1.2599999999999998,
Steven Brault,Pirates,pitcher,15291,155,4.94,1.54,0,8,130,0.99,-1.2799999999999998,
Julian Merryweather,Blue Jays,pitcher,16703,80,4.21,1.33,0,5,85,0.99,-1.29,
Eric Lauer,Brewers,pitcher,19316,137,5.09,1.46,0,7,116,0.94,-1.4,
Joe Ross,Nationals,pitcher,12972,127,4.96,1.44,0,7,102,0.92,-1.46,
Martin Perez,NA,pitcher,6902,134,4.9,1.49,0,8,103,0.9,-1.52,
Michael Fulmer,Tigers,pitcher,13218,150,5.2,1.46,0,8,108,0.86,-1.62,
Mike Mayers,Angels,pitcher,15451,63,4.27,1.31,5,3,66,0.85,-1.65,
Cole Hamels,NA,pitcher,4972,127,5,1.45,0,7,104,0.85,-1.6600000000000001,
Zack Britton,Yankees,pitcher,3240,63,3.52,1.41,4,4,61,0.84,-1.7000000000000002,
Tanner Roark,Blue Jays,pitcher,8753,135,5.34,1.45,0,8,108,0.82,-1.7400000000000002,
Brent Suter,Brewers,pitcher,13942,79,4.25,1.28,1,4,71,0.78,-1.85,
Daniel Hudson,Nationals,pitcher,7146,63,4.42,1.37,6,3,67,0.78,-1.85,
Justin Dunn,Mariners,pitcher,19268,141,5.24,1.48,0,7,124,0.77,-1.87,
Gregory Soto,Tigers,pitcher,19677,63,4.33,1.44,7,3,65,0.73,-1.98,
Chase Anderson,NA,pitcher,6895,132,5.39,1.43,0,7,111,0.72,-2.01,
Jake Arrieta,NA,pitcher,4153,145,5.14,1.48,0,8,105,0.71,-2.04,
Joseph Palumbo,Rangers,pitcher,17035,81,4.44,1.37,0,5,87,0.69,-2.1,
Chris Flexen,Mariners,pitcher,13896,110,4.89,1.43,0,6,96,0.63,-2.27,
Jon Lester,NA,pitcher,4930,135,5.21,1.45,0,7,105,0.62,-2.2800000000000002,
Scott Barlow,Royals,pitcher,14993,63,4.06,1.32,3,3,71,0.62,-2.2800000000000002,
Kirby Yates,NA,pitcher,9073,60,3.76,1.2,0,3,75,0.62,-2.3,
Reynaldo Lopez,White Sox,pitcher,16400,105,5.14,1.39,0,6,95,0.61,-2.31,
Shaun Anderson,Giants,pitcher,19453,108,4.63,1.43,0,6,85,0.61,-2.33,
Trent Thornton,Blue Jays,pitcher,17948,100,4.96,1.4,0,6,91,0.61,-2.33,
Tyler Duffey,Twins,pitcher,13758,63,4.09,1.29,3,3,66,0.6,-2.35,
Joely Rodriguez,Rangers,pitcher,11487,63,3.93,1.36,4,3,64,0.59,-2.37,
Corbin Martin,Diamondbacks,pitcher,19884,91,4.56,1.39,0,5,87,0.58,-2.4,
Kendall Graveman,Mariners,pitcher,15514,63,4.14,1.34,5,3,56,0.57,-2.42,
Chad Green,Yankees,pitcher,15552,56,3.82,1.15,0,3,71,0.56,-2.46,
Evan Marshall,White Sox,pitcher,12297,63,4.21,1.37,5,3,61,0.54,-2.51,
Jose Alvarado,Rays,pitcher,17780,55,3.48,1.32,2,3,68,0.49,-2.6399999999999997,
J.B. Wendelken,Athletics,pitcher,14506,60,4.17,1.33,4,3,62,0.48,-2.67,
Jordan Lyles,Rangers,pitcher,7593,157,5.41,1.48,0,7,124,0.47,-2.7,
Gio Gonzalez,NA,pitcher,7448,122,4.95,1.51,0,7,104,0.47,-2.7,
Erick Fedde,Nationals,pitcher,17425,141,4.97,1.52,0,8,99,0.46,-2.74,
Joe Jimenez,Tigers,pitcher,15761,55,4.7,1.34,6,3,58,0.46,-2.75,
Anibal Sanchez,NA,pitcher,3284,143,5.51,1.45,0,7,113,0.42,-2.84,
Brad Hand,NA,pitcher,9111,65,4.02,1.25,0,3,75,0.41,-2.88,drafted
Anthony Misiewicz,Mariners,pitcher,18152,60,3.92,1.25,2,3,59,0.4,-2.8899999999999997,
Grant Holmes,Athletics,pitcher,sa828669,89,4.51,1.39,0,5,78,0.39,-2.92,
Jakob Junis,Royals,pitcher,13619,96,4.89,1.36,0,5,82,0.39,-2.92,
A.J. Minter,Braves,pitcher,18655,60,4.01,1.34,3,3,65,0.39,-2.9299999999999997,
Daniel Norris,Tigers,pitcher,13475,72,4.25,1.29,0,4,70,0.39,-2.9299999999999997,
Austin Adams,Padres,pitcher,13801,55,3.42,1.26,0,3,70,0.34,-3.06,
Felix Pena,Angels,pitcher,13403,60,3.93,1.25,1,3,64,0.3,-3.17,
Daniel Ponce de Leon,Cardinals,pitcher,16110,90,4.78,1.44,0,5,93,0.28,-3.24,
Homer Bailey,NA,pitcher,8362,116,5.12,1.43,0,6,90,0.26,-3.2800000000000002,
Sam Selman,Giants,pitcher,13397,55,3.77,1.32,2,3,63,0.24,-3.35,
Pierce Johnson,Padres,pitcher,13435,60,4.06,1.33,2,3,67,0.23,-3.36,
Rowan Wick,Cubs,pitcher,14646,63,4.27,1.4,4,3,63,0.23,-3.36,
Trevor Rosenthal,NA,pitcher,10745,63,3.85,1.35,0,3,81,0.23,-3.38,drafted
Corey Knebel,Dodgers,pitcher,15010,56,4.02,1.3,2,3,64,0.22,-3.39,
Ryan Brasier,Red Sox,pitcher,5615,60,4.23,1.3,2,3,65,0.2,-3.44,
Michael Feliz,Pirates,pitcher,11903,60,4.64,1.42,5,3,64,0.18,-3.52,
Jeff Hoffman,Reds,pitcher,17432,74,4.5,1.35,0,4,77,0.16,-3.56,
Tyler Matzek,Braves,pitcher,10058,56,3.63,1.28,0,3,68,0.15,-3.59,
Nick Wittgren,Indians,pitcher,15594,63,4.5,1.33,3,3,62,0.13,-3.64,
Codi Heuer,White Sox,pitcher,23293,60,4.09,1.37,3,3,60,0.12,-3.66,
Will Harris,Nationals,pitcher,3192,60,3.92,1.32,2,3,57,0.11,-3.71,
Cody Stashak,Twins,pitcher,18088,60,4.62,1.29,3,3,59,0.11,-3.71,
Trevor Williams,NA,pitcher,16977,117,5.31,1.44,0,6,93,0.07,-3.81,
Connor Brogdon,Phillies,pitcher,21205,60,4.38,1.33,2,3,67,0.07,-3.8200000000000003,
Mychal Givens,Rockies,pitcher,10430,65,4.49,1.35,2,3,70,0.06,-3.84,
Emmanuel Clase,Indians,pitcher,21032,56,3.62,1.27,0,3,62,0.04,-3.88,
Enoli Paredes,Astros,pitcher,20447,60,4.21,1.37,2,3,67,0.01,-3.9699999999999998,
Andrew Miller,Cardinals,pitcher,6785,63,4.3,1.4,3,3,62,-0.02,-4.0600000000000005,
Brent Honeywell Jr.,Rays,pitcher,sa828706,83,4.17,1.26,0,0,83,-0.03,-4.09,
Kyle Wright,Braves,pitcher,19665,93,4.72,1.46,0,5,82,-0.04,-4.109999999999999,
James Hoyt,Marlins,pitcher,14605,60,4.33,1.41,4,3,55,-0.05,-4.140000000000001,
Blake Treinen,NA,pitcher,12572,65,3.88,1.34,0,3,67,-0.05,-4.140000000000001,
Tyler Anderson,NA,pitcher,12880,122,5.32,1.47,0,6,97,-0.08,-4.21,
Chris Stratton,Pirates,pitcher,13761,63,4.39,1.39,3,3,60,-0.08,-4.22,
Taylor Hearn,Rangers,pitcher,18325,56,3.99,1.29,0,3,67,-0.08,-4.23,
Jarlin Garcia,Giants,pitcher,18282,60,4.36,1.39,4,3,51,-0.09,-4.25,
Mike Fiers,NA,pitcher,7754,146,5.65,1.46,0,7,103,-0.1,-4.26,
Joey Lucchesi,Padres,pitcher,19320,75,4.59,1.4,0,5,66,-0.1,-4.26,
Colin Rea,Cubs,pitcher,12317,134,5.24,1.52,0,7,99,-0.11,-4.3,
Alex Young,Diamondbacks,pitcher,18333,73,4.4,1.36,0,4,65,-0.11,-4.3100000000000005,
Phil Maton,Indians,pitcher,18064,60,4.11,1.29,0,3,65,-0.12,-4.34,
Taylor Widener,Diamondbacks,pitcher,19266,56,4.24,1.29,1,3,61,-0.14,-4.38,
Collin McHugh,NA,pitcher,7531,74,4.68,1.37,0,4,73,-0.14,-4.38,
Ryan Borucki,Blue Jays,pitcher,16350,60,4.23,1.37,2,3,60,-0.16,-4.45,
Dellin Betances,Mets,pitcher,6216,54,4.08,1.38,2,3,61,-0.17,-4.46,
Blake Taylor,Astros,pitcher,16418,63,4.37,1.48,4,3,60,-0.19,-4.53,
Adam Ottavino,Yankees,pitcher,1247,60,4.52,1.41,2,3,71,-0.2,-4.54,
Casey Mize,Tigers,pitcher,20492,103,5.2,1.43,0,5,85,-0.2,-4.5600000000000005,drafted
Kyle McGowin,Nationals,pitcher,15071,55,3.93,1.26,0,3,57,-0.21,-4.59,
Matt Andriese,Red Sox,pitcher,12022,90,4.98,1.44,0,5,78,-0.24,-4.66,
Connor Seabold,Red Sox,pitcher,sa829464,83,4.99,1.4,0,5,69,-0.27,-4.73,
Ty Buttrey,Angels,pitcher,14719,56,3.95,1.28,0,3,57,-0.27,-4.74,
Matt Strahm,Padres,pitcher,13799,56,4.08,1.25,0,3,55,-0.28,-4.77,
Austin Voth,Nationals,pitcher,15047,66,4.44,1.3,0,3,63,-0.3,-4.82,
Nick Margevicius,Mariners,pitcher,20395,83,4.76,1.37,0,4,66,-0.3,-4.82,
Antonio Senzatela,Rockies,pitcher,15488,168,5.38,1.55,0,8,110,-0.3,-4.82,
Joakim Soria,NA,pitcher,6941,60,4.22,1.31,0,3,63,-0.3,-4.82,
Jake McGee,NA,pitcher,7550,54,4.15,1.27,0,3,59,-0.32,-4.890000000000001,
David Robertson,NA,pitcher,8241,50,3.9,1.29,0,3,59,-0.34,-4.9399999999999995,
Miguel Castro,Mets,pitcher,15684,60,3.97,1.38,0,3,66,-0.35,-4.95,
Keone Kela,Pirates,pitcher,14696,48,3.98,1.26,0,3,58,-0.35,-4.97,
Justin Wilson,NA,pitcher,4301,58,4.09,1.36,0,3,66,-0.36,-5,
Andrew Chafin,NA,pitcher,12988,56,3.94,1.34,0,3,60,-0.39,-5.08,
David Phelps,NA,pitcher,6316,60,4.24,1.35,0,3,65,-0.4,-5.11,
Richard Bleier,Marlins,pitcher,7803,63,3.88,1.38,2,3,41,-0.43,-5.17,
Felix Hernandez,Braves,pitcher,4772,107,5.34,1.48,0,6,83,-0.43,-5.17,
Ranger Suarez,Phillies,pitcher,17277,63,4.41,1.42,3,3,50,-0.44,-5.22,
Andres Munoz,Mariners,pitcher,20373,30,3.45,1.26,4,2,39,-0.45,-5.23,
Tim Hill,Padres,pitcher,16814,53,3.71,1.31,0,3,50,-0.48,-5.3100000000000005,
Ryan Thompson,Rays,pitcher,16647,56,4.29,1.37,2,3,50,-0.48,-5.3100000000000005,
Matt Foster,White Sox,pitcher,19647,56,4.62,1.38,2,3,58,-0.48,-5.32,
Jordan Zimmermann,NA,pitcher,4505,94,5.29,1.4,0,5,69,-0.48,-5.33,
Joe Kelly,Dodgers,pitcher,9761,55,3.8,1.36,0,3,55,-0.52,-5.4399999999999995,
Robert Stephenson,Rockies,pitcher,13594,60,4.85,1.42,2,3,66,-0.53,-5.45,
Luis Patino,Padres,pitcher,22815,64,4.59,1.42,0,4,65,-0.54,-5.49,drafted
Darwinzon Hernandez,Red Sox,pitcher,19848,56,4.04,1.45,0,3,71,-0.55,-5.5,
Joe Smith,Astros,pitcher,3281,56,4.19,1.3,0,3,53,-0.55,-5.51,
Bruce Zimmermann,Orioles,pitcher,20370,118,5.33,1.53,0,6,94,-0.56,-5.54,
Paul Fry,Orioles,pitcher,15832,56,3.98,1.38,0,3,59,-0.57,-5.57,
John Curtiss,Rays,pitcher,16128,53,4.5,1.39,2,3,54,-0.57,-5.58,
Duane Underwood Jr.,Cubs,pitcher,14677,56,4.19,1.34,0,3,57,-0.59,-5.61,
Keynan Middleton,Mariners,pitcher,15264,55,4.32,1.35,0,3,61,-0.6,-5.65,
Justin Topa,Brewers,pitcher,15145,55,4.16,1.33,0,3,55,-0.6,-5.65,
Austin Brice,Red Sox,pitcher,17237,55,4.64,1.39,2,3,55,-0.6,-5.66,
Josh Taylor,Red Sox,pitcher,17359,53,4.08,1.36,0,3,58,-0.61,-5.6899999999999995,
Brendan McKay,Rays,pitcher,20186,40,3.76,1.22,0,3,46,-0.62,-5.72,
Gerardo Reyes,Angels,pitcher,16306,50,4.18,1.33,0,3,57,-0.63,-5.74,
Jason Adam,Cubs,pitcher,11861,60,4.56,1.38,0,3,67,-0.63,-5.74,
Anthony Kay,Blue Jays,pitcher,20387,72,4.77,1.45,0,4,69,-0.65,-5.78,
Brett Martin,Rangers,pitcher,17369,53,3.94,1.34,0,3,51,-0.65,-5.8,
Phillips Valdez,Red Sox,pitcher,15605,63,4.54,1.44,2,3,55,-0.68,-5.88,
Jose De Leon,Reds,pitcher,15463,61,4.53,1.43,0,3,71,-0.69,-5.91,
Shawn Armstrong,Orioles,pitcher,12857,53,4.9,1.41,4,2,53,-0.7,-5.92,
Aaron Sanchez,NA,pitcher,11490,90,4.97,1.52,0,5,75,-0.73,-6.01,
Ryan Helsley,Cardinals,pitcher,18138,52,4.52,1.41,3,2,52,-0.76,-6.1,
Brandon Workman,NA,pitcher,11428,56,4.27,1.41,0,3,61,-0.76,-6.1,
Andrew Cashner,NA,pitcher,8782,80,4.86,1.44,0,4,64,-0.77,-6.109999999999999,
Brooks Raley,Astros,pitcher,10061,52,4.29,1.32,0,3,50,-0.79,-6.17,
Victor Arano,Phillies,pitcher,15915,55,4.5,1.36,0,3,58,-0.79,-6.18,
Kyle Finnegan,Nationals,pitcher,15009,53,4.06,1.39,0,3,54,-0.79,-6.1899999999999995,
Darren O'Day,NA,pitcher,3321,56,4.6,1.35,0,3,58,-0.8,-6.1899999999999995,
Archie Bradley,NA,pitcher,12918,64,4.53,1.4,0,3,61,-0.8,-6.21,
Dillon Tate,Orioles,pitcher,17796,60,4.67,1.42,2,3,50,-0.81,-6.23,
Aaron Loup,NA,pitcher,10343,50,4.09,1.35,0,3,50,-0.82,-6.25,
Burch Smith,Athletics,pitcher,12784,55,4.46,1.36,0,3,56,-0.82,-6.25,
Jose Cisnero,Tigers,pitcher,6399,56,4.49,1.38,0,3,59,-0.82,-6.25,
Clarke Schmidt,Yankees,pitcher,19899,71,4.94,1.44,0,4,64,-0.83,-6.29,drafted
Adam Kolarek,Dodgers,pitcher,10843,53,3.81,1.35,0,3,42,-0.84,-6.3100000000000005,
Alex Colome,NA,pitcher,6661,65,4.49,1.4,0,3,58,-0.84,-6.33,drafted
Trevor Cahill,NA,pitcher,6249,69,4.89,1.44,0,4,62,-0.85,-6.34,
Erik Swanson,Mariners,pitcher,16587,49,4.25,1.25,0,2,51,-0.86,-6.37,
James Kaprielian,Athletics,pitcher,18331,53,4.54,1.33,0,3,52,-0.88,-6.41,
Ivan Nova,Tigers,pitcher,1994,99,5.31,1.45,0,5,65,-0.89,-6.4399999999999995,
Logan Allen,Indians,pitcher,18555,62,4.71,1.43,0,4,55,-0.89,-6.45,
Wes Benjamin,Rangers,pitcher,19243,81,5.11,1.44,0,4,66,-0.9,-6.470000000000001,
Stephen Tarpley,Marlins,pitcher,15859,55,3.91,1.44,0,3,52,-0.91,-6.51,
Jeff Samardzija,NA,pitcher,3254,135,5.88,1.48,0,6,95,-0.92,-6.54,
Keury Mella,Diamondbacks,pitcher,15964,60,4.56,1.41,1,3,50,-0.93,-6.5600000000000005,
Ljay Newsome,Mariners,pitcher,19942,66,5.05,1.3,0,3,51,-0.94,-6.58,
Noe Ramirez,Reds,pitcher,12800,60,4.83,1.42,1,3,57,-0.94,-6.59,
Buck Farmer,Tigers,pitcher,14814,60,4.87,1.45,2,3,53,-0.95,-6.62,
Jose Urena,Tigers,pitcher,11589,118,5.46,1.5,0,5,86,-0.95,-6.62,
Wander Suero,Nationals,pitcher,15855,58,4.51,1.39,0,3,54,-0.97,-6.66,
Riley Smith,Diamondbacks,pitcher,19826,55,4.39,1.35,0,3,47,-0.97,-6.66,
Mike Foltynewicz,NA,pitcher,10811,92,5.47,1.48,0,5,73,-0.97,-6.67,
Jorge Alcala,Twins,pitcher,19459,56,4.61,1.39,0,3,56,-0.98,-6.7,
Mark Melancon,NA,pitcher,4264,63,4.35,1.41,0,3,51,-0.99,-6.71,
Caleb Thielbar,Twins,pitcher,10078,55,4.61,1.35,0,3,50,-1,-6.75,
Tommy Milone,NA,pitcher,7608,75,5.36,1.4,0,4,60,-1.02,-6.8100000000000005,
Casey Sadler,Mariners,pitcher,11209,56,4.49,1.37,0,3,49,-1.02,-6.82,
Adam Cimber,Marlins,pitcher,15288,56,4.4,1.44,2,3,39,-1.02,-6.82,
Ian Hamilton,Phillies,pitcher,19261,53,4.4,1.4,0,3,52,-1.03,-6.84,
Adam Plutko,Indians,pitcher,15846,72,5.25,1.35,0,3,59,-1.04,-6.85,
Anthony Bass,NA,pitcher,7982,56,4.38,1.4,0,3,50,-1.05,-6.88,
Jordan Weems,Athletics,pitcher,13190,56,4.88,1.49,2,3,55,-1.05,-6.88,
Jeurys Familia,Mets,pitcher,5114,51,4.14,1.44,0,3,52,-1.05,-6.9,
Shane Greene,NA,pitcher,10756,62,4.68,1.41,0,3,56,-1.05,-6.9,
Jace Fry,White Sox,pitcher,16159,55,4.32,1.47,0,3,58,-1.06,-6.93,
Cody Reed,Rays,pitcher,15232,42,3.74,1.3,0,2,45,-1.07,-6.9399999999999995,
Sal Romano,Reds,pitcher,13690,56,4.59,1.39,0,3,51,-1.09,-7,
Thomas Hatch,Blue Jays,pitcher,19264,56,4.71,1.39,0,3,53,-1.1,-7.029999999999999,
Shane McClanahan,Rays,pitcher,sa3008547,56,4.53,1.42,0,3,53,-1.11,-7.07,
David Hale,Phillies,pitcher,9756,56,4.48,1.38,0,3,46,-1.12,-7.09,
Sergio Romo,NA,pitcher,9817,63,5.02,1.4,0,3,59,-1.13,-7.1,
Hector Rondon,NA,pitcher,2391,55,4.66,1.4,0,3,52,-1.14,-7.140000000000001,
Bryse Wilson,Braves,pitcher,19990,46,4.44,1.35,0,3,42,-1.2,-7.3100000000000005,
Nick Nelson,Yankees,pitcher,20153,61,4.85,1.48,0,3,64,-1.21,-7.34,
Tommy Hunter,NA,pitcher,1157,52,4.57,1.37,0,3,44,-1.21,-7.34,
Brad Wieck,Cubs,pitcher,16390,42,4.19,1.33,0,2,49,-1.21,-7.34,
Jeff Brigham,Marlins,pitcher,16631,53,4.49,1.35,0,2,51,-1.22,-7.35,
Tyler Alexander,Tigers,pitcher,17735,51,4.48,1.29,0,2,44,-1.22,-7.35,
Jeremy Jeffress,NA,pitcher,9490,64,4.57,1.46,0,3,54,-1.22,-7.359999999999999,
Shun Yamaguchi,Blue Jays,pitcher,27460,55,4.77,1.43,0,3,54,-1.24,-7.42,
Braxton Garrett,Marlins,pitcher,21844,64,4.44,1.48,0,3,53,-1.25,-7.43,
Genesis Cabrera,Cardinals,pitcher,17490,42,4.03,1.35,0,2,47,-1.25,-7.45,
Trevor Gott,Giants,pitcher,15046,50,4.28,1.37,0,2,49,-1.26,-7.470000000000001,
Mike Montgomery,NA,pitcher,4869,71,4.88,1.48,0,4,51,-1.27,-7.5,
Ian Kennedy,NA,pitcher,6986,42,4.44,1.28,0,2,45,-1.28,-7.51,
Brandon Waddell,Twins,pitcher,18347,78,5.06,1.53,0,4,66,-1.28,-7.52,
Jacob Webb,Braves,pitcher,19274,55,4.62,1.45,0,3,52,-1.28,-7.54,
Nick Neidert,Marlins,pitcher,18699,62,4.78,1.42,0,3,49,-1.31,-7.609999999999999,
Ray Black,Brewers,pitcher,14244,42,4.32,1.36,0,2,50,-1.31,-7.62,
Sean Hjelle,Giants,pitcher,sa3007989,55,4.35,1.42,0,3,41,-1.32,-7.63,
Alex Claudio,Angels,pitcher,12890,52,4.17,1.41,0,3,37,-1.32,-7.640000000000001,
Cionel Perez,Astros,pitcher,19614,40,3.88,1.35,0,2,43,-1.32,-7.640000000000001,
Tyler Webb,Cardinals,pitcher,14974,56,4.61,1.44,0,3,48,-1.34,-7.68,
Jose Suarez,Angels,pitcher,19911,47,4.63,1.4,0,3,45,-1.34,-7.6899999999999995,
Nik Turley,Pirates,pitcher,5530,52,4.4,1.42,0,2,52,-1.38,-7.79,
Carlos Estevez,Rockies,pitcher,14542,50,4.66,1.37,0,2,51,-1.38,-7.8,
Matt Manning,Tigers,pitcher,sa917924,65,4.99,1.46,0,3,57,-1.38,-7.8100000000000005,drafted
Dan Altavilla,Padres,pitcher,16507,38,4.04,1.36,0,2,44,-1.41,-7.87,
Kyle Zimmer,Royals,pitcher,14169,55,4.67,1.48,0,3,52,-1.41,-7.87,
Brandon Brennan,Mariners,pitcher,13527,53,4.34,1.43,0,2,49,-1.45,-7.98,
Luis Cessa,Yankees,pitcher,13345,55,4.95,1.43,0,3,49,-1.45,-7.99,
Tony Watson,NA,pitcher,3132,58,4.9,1.41,0,3,44,-1.47,-8.05,
Cesar Valdez,Orioles,pitcher,9013,55,4.75,1.39,0,3,38,-1.48,-8.08,
Tyler Clippard,NA,pitcher,5640,50,4.98,1.35,0,2,50,-1.48,-8.09,
Conner Menez,Giants,pitcher,19199,43,4.33,1.39,0,2,45,-1.5,-8.129999999999999,
Sam Howard,Pirates,pitcher,16265,44,4.3,1.39,0,2,44,-1.5,-8.14,
Brandon Bielak,Astros,pitcher,19866,53,4.91,1.44,0,3,47,-1.51,-8.16,
Josh Tomlin,Braves,pitcher,9388,50,4.85,1.31,0,2,40,-1.55,-8.26,
Julio Teheran,NA,pitcher,6797,122,5.93,1.58,0,6,96,-1.55,-8.26,
Craig Stammen,Padres,pitcher,7274,42,4.21,1.34,0,2,36,-1.56,-8.280000000000001,
Grant Dayton,Braves,pitcher,11203,40,4.48,1.35,0,2,42,-1.56,-8.29,
Tyson Ross,NA,pitcher,7872,101,5.53,1.57,0,5,75,-1.57,-8.32,
Victor Gonzalez,NA,pitcher,sa880983,60,4.54,1.4,0,0,65,-1.57,-8.32,
Ryne Stanek,NA,pitcher,15947,35,4.35,1.34,0,2,41,-1.57,-8.33,
Blake Parker,NA,pitcher,5224,44,4.62,1.37,0,2,44,-1.58,-8.34,
Pedro Baez,NA,pitcher,5420,58,5.15,1.46,0,3,52,-1.58,-8.35,
Nate Jones,NA,pitcher,4696,43,4.49,1.39,0,2,44,-1.59,-8.36,
Taylor Clarke,Diamondbacks,pitcher,17611,42,4.5,1.34,0,2,39,-1.59,-8.379999999999999,
Kyle Nelson,Indians,pitcher,20515,42,4.49,1.38,0,2,43,-1.59,-8.379999999999999,
Forrest Whitley,Astros,pitcher,sa917930,46,4.9,1.46,0,3,46,-1.59,-8.39,
Tyson Miller,Cubs,pitcher,19976,73,5.51,1.49,0,4,56,-1.6,-8.41,
Travis Bergen,Diamondbacks,pitcher,18581,53,4.64,1.46,0,2,52,-1.61,-8.43,
Dylan Floro,Dodgers,pitcher,13394,42,4.16,1.36,0,2,35,-1.61,-8.43,
Kyle Ryan,Cubs,pitcher,11753,55,4.52,1.51,0,3,44,-1.62,-8.469999999999999,
Oliver Perez,NA,pitcher,1514,42,4.49,1.36,0,2,39,-1.64,-8.51,
Eric Yardley,Brewers,pitcher,15538,56,4.52,1.48,0,3,39,-1.64,-8.52,
Damon Jones,Phillies,pitcher,sa3004862,52,4.65,1.54,0,3,49,-1.66,-8.559999999999999,
Robert Gsellman,Mets,pitcher,13696,68,5.05,1.49,0,3,51,-1.69,-8.64,
Ryan Tepera,NA,pitcher,10291,40,4.45,1.39,0,2,40,-1.69,-8.65,
Wil Crowe,Pirates,pitcher,19800,76,5.28,1.54,0,4,56,-1.69,-8.67,
Wandy Peralta,Giants,pitcher,14295,42,4.12,1.41,0,2,36,-1.7,-8.67,
Zach Pop,Marlins,pitcher,sa829370,42,4.12,1.43,0,2,38,-1.7,-8.68,
Richard Lovelady,Royals,pitcher,19337,45,4.38,1.42,0,2,40,-1.7,-8.68,
Brandon Kintzler,NA,pitcher,9939,60,4.85,1.48,0,3,43,-1.71,-8.71,
Sean Doolittle,NA,pitcher,1581,46,5.01,1.36,0,2,43,-1.71,-8.719999999999999,
Jacob Barnes,Mets,pitcher,12323,40,4.3,1.42,0,2,39,-1.73,-8.77,
Jimmy Cordero,White Sox,pitcher,15690,42,4.36,1.42,0,2,39,-1.74,-8.79,
Colten Brewer,Red Sox,pitcher,12997,42,4.39,1.45,0,2,42,-1.75,-8.83,
Brad Boxberger,NA,pitcher,10133,45,4.68,1.45,0,2,46,-1.76,-8.84,
Jonathan Stiever,White Sox,pitcher,24584,55,5.33,1.44,0,3,45,-1.76,-8.84,
Jorge Lopez,Orioles,pitcher,14527,56,5.19,1.46,0,3,45,-1.76,-8.85,
Chasen Shreve,NA,pitcher,10855,38,4.58,1.41,0,2,41,-1.77,-8.870000000000001,
Caleb Baragar,Giants,pitcher,19231,33,4.38,1.32,0,2,32,-1.78,-8.9,
Paul Blackburn,Athletics,pitcher,14739,50,4.82,1.43,0,3,33,-1.78,-8.9,
Carlos Hernandez,Royals,pitcher,22713,48,5.05,1.47,0,3,42,-1.78,-8.9,
Cam Bedrosian,NA,pitcher,13360,48,4.71,1.44,0,2,44,-1.78,-8.9,
Garrett Crochet,White Sox,pitcher,27463,53,4.54,1.4,0,0,58,-1.78,-8.91,drafted
Yency Almonte,Rockies,pitcher,15068,56,5.12,1.5,0,3,48,-1.79,-8.92,
Ramon Rosso,Phillies,pitcher,20368,51,4.93,1.44,0,2,47,-1.8,-8.96,
Patrick Murphy,Blue Jays,pitcher,19712,35,4.21,1.37,0,2,32,-1.8,-8.969999999999999,
John King,Rangers,pitcher,22051,38,4.33,1.36,0,2,31,-1.81,-8.99,
Ian Gibaut,Twins,pitcher,17871,42,4.56,1.46,0,2,43,-1.82,-9,
Luke Jackson,Braves,pitcher,11752,33,4.08,1.39,0,2,32,-1.83,-9.030000000000001,
Austin Pruitt,Astros,pitcher,15290,33,4.32,1.32,0,2,29,-1.83,-9.04,
Kyle Crick,Pirates,pitcher,13182,56,5.36,1.58,3,2,47,-1.83,-9.05,
Tyler Phillips,Rangers,pitcher,sa875646,48,4.67,1.39,0,2,35,-1.84,-9.05,
Trevor Richards,Rays,pitcher,19309,34,4.58,1.34,0,2,33,-1.84,-9.07,
Chris Devenski,NA,pitcher,12763,35,4.7,1.35,0,2,34,-1.87,-9.14,
Roenis Elias,NA,pitcher,12673,38,4.58,1.39,0,2,35,-1.87,-9.14,
Cody Ponce,Pirates,pitcher,17920,55,5.13,1.5,0,3,44,-1.88,-9.18,
Heath Hembree,NA,pitcher,11632,36,4.82,1.38,0,2,37,-1.89,-9.2,
Demarcus Evans,Rangers,pitcher,21087,35,4.47,1.48,0,2,41,-1.9,-9.23,
Hansel Robles,NA,pitcher,11801,35,4.7,1.38,0,2,35,-1.9,-9.24,
Ronald Bolanos,Royals,pitcher,20041,49,4.81,1.47,0,2,44,-1.91,-9.26,
Jose Alvarez,NA,pitcher,5358,38,4.44,1.41,0,2,33,-1.91,-9.27,
Luke Bard,Angels,pitcher,14288,32,4.6,1.34,0,2,31,-1.91,-9.27,
Junior Guerra,NA,pitcher,5702,45,4.84,1.45,0,2,42,-1.92,-9.27,
Ryan Hendrix,Reds,pitcher,sa738145,35,4.44,1.46,0,2,37,-1.94,-9.35,
A.J. Cole,NA,pitcher,11467,40,4.99,1.41,0,2,39,-1.95,-9.370000000000001,
Art Warren,Rangers,pitcher,18251,32,4.33,1.43,0,2,33,-1.96,-9.4,
Huascar Ynoa,Braves,pitcher,20468,39,4.56,1.46,0,2,37,-1.97,-9.42,
Jake Faria,NA,pitcher,13699,40,4.84,1.42,0,2,37,-1.97,-9.42,
Dillon Peters,Angels,pitcher,18790,30,4.28,1.34,0,2,26,-1.97,-9.42,
Andre Scrubb,Astros,pitcher,20329,50,4.76,1.53,0,2,48,-1.97,-9.42,
Jake Newberry,Royals,pitcher,15136,53,5.07,1.49,0,2,49,-1.97,-9.43,
Tyler Kinley,Rockies,pitcher,18297,53,5,1.54,0,2,54,-1.98,-9.45,
Ben Heller,Yankees,pitcher,15100,35,4.75,1.41,0,2,35,-1.98,-9.46,
Humberto Mejia,Diamondbacks,pitcher,20739,48,5.09,1.43,0,2,41,-1.98,-9.46,
Mitchell White,Dodgers,pitcher,19225,37,4.7,1.39,0,2,31,-2.01,-9.530000000000001,
Jhoulys Chacin,Braves,pitcher,2608,56,5.39,1.5,0,3,44,-2.02,-9.55,
Miguel Romero,Athletics,pitcher,sa3003109,35,4.5,1.43,0,2,32,-2.02,-9.559999999999999,
Dan Winkler,Cubs,pitcher,12237,53,4.98,1.51,0,2,48,-2.02,-9.559999999999999,
Wade LeBlanc,NA,pitcher,5221,66,5.54,1.48,0,3,47,-2.02,-9.559999999999999,
Tyler Wells,Orioles,pitcher,sa918346,42,5.17,1.42,0,2,39,-2.04,-9.61,
Jonathan Holder,Cubs,pitcher,16588,35,4.7,1.4,0,2,31,-2.04,-9.620000000000001,
Tyler Beede,Giants,pitcher,16981,36,4.69,1.44,0,2,34,-2.05,-9.629999999999999,
Logan Gilbert,NA,pitcher,sa3008598,28,4.6,1.33,0,2,26,-2.06,-9.66,
Cameron Hill,Indians,pitcher,16840,35,4.8,1.43,0,2,34,-2.06,-9.68,
Johan Quezada,Phillies,pitcher,20643,42,4.7,1.51,0,2,40,-2.06,-9.68,
Chaz Roe,NA,pitcher,9866,32,4.62,1.43,0,2,32,-2.07,-9.690000000000001,
Ryan Sherriff,Rays,pitcher,12249,38,4.59,1.44,0,2,31,-2.08,-9.719999999999999,
Jimmy Herget,Rangers,pitcher,17556,55,5.19,1.52,0,2,51,-2.09,-9.75,
Tyler Zuber,Royals,pitcher,20379,35,4.79,1.46,0,2,35,-2.1,-9.780000000000001,
Adonis Medina,Phillies,pitcher,19903,55,5.33,1.53,0,3,43,-2.1,-9.780000000000001,
Jhoan Duran,Twins,pitcher,sa873347,38,4.69,1.47,0,2,34,-2.11,-9.8,
Jose Castillo,Padres,pitcher,17169,20,3.46,1.23,0,1,25,-2.12,-9.84,
T.J. Zeuch,Blue Jays,pitcher,19269,63,5.1,1.54,0,3,41,-2.12,-9.84,
Jairo Diaz,Rockies,pitcher,12774,40,4.81,1.48,0,2,36,-2.12,-9.85,
Travis Lakins,Orioles,pitcher,18600,42,4.97,1.48,0,2,38,-2.14,-9.879999999999999,
Zac Lowther,Orioles,pitcher,sa915645,55,5.48,1.55,0,3,46,-2.17,-9.969999999999999,
Steve Cishek,NA,pitcher,6483,38,4.97,1.47,0,2,34,-2.2,-10.059999999999999,
John Schreiber,Tigers,pitcher,20020,37,5.04,1.45,0,2,33,-2.2,-10.059999999999999,
Marcus Walden,Red Sox,pitcher,8004,35,4.69,1.47,0,2,30,-2.21,-10.08,
Alec Bettinger,Brewers,pitcher,sa873670,36,5.12,1.42,0,2,31,-2.21,-10.09,
Kodi Whitley,Cardinals,pitcher,19731,38,4.88,1.47,0,2,32,-2.22,-10.11,
Andrew Suarez,Giants,pitcher,18300,46,4.82,1.48,0,2,32,-2.23,-10.129999999999999,
Brad Peacock,NA,pitcher,5401,24,4.25,1.3,0,1,27,-2.23,-10.15,
Touki Toussaint,Braves,pitcher,16929,25,4.04,1.36,0,1,28,-2.24,-10.16,
Steven Wright,NA,pitcher,8185,65,5.48,1.55,0,3,47,-2.25,-10.190000000000001,
Sam Coonrod,Giants,pitcher,17264,25,3.95,1.35,0,1,26,-2.25,-10.2,
Jose Quijada,Angels,pitcher,19200,26,4.23,1.38,0,1,30,-2.25,-10.2,
Chris Mazza,Red Sox,pitcher,14151,38,4.97,1.45,0,2,30,-2.25,-10.2,
Yoshihisa Hirano,NA,pitcher,19756,45,5.06,1.5,0,2,37,-2.25,-10.21,
Kent Emanuel,Astros,pitcher,sa549399,25,3.92,1.31,0,1,23,-2.26,-10.21,
Geoff Hartlieb,Pirates,pitcher,19558,33,4.43,1.52,0,2,29,-2.26,-10.21,
Pedro Strop,NA,pitcher,4070,40,4.92,1.5,0,2,34,-2.26,-10.219999999999999,
Josiah Gray,NA,pitcher,sa3007475,28,4.87,1.37,0,2,23,-2.26,-10.219999999999999,
Cory Abbott,Cubs,pitcher,sa3005305,37,5.09,1.47,0,2,33,-2.26,-10.23,
JoJo Romero,Phillies,pitcher,19574,29,4.55,1.45,0,2,25,-2.26,-10.23,
Jordan Holloway,Marlins,pitcher,20631,35,4.52,1.56,0,2,33,-2.27,-10.25,
Sean Newcomb,Braves,pitcher,16943,25,4.11,1.35,0,1,26,-2.29,-10.29,
Ryne Harper,Nationals,pitcher,12680,30,4.42,1.35,0,1,26,-2.3,-10.33,
Brad Brach,Mets,pitcher,6627,50,5.07,1.55,0,2,42,-2.31,-10.35,
Phillip Diehl,Rockies,pitcher,20030,33,5.01,1.48,0,2,30,-2.32,-10.39,
Dennis Santana,Dodgers,pitcher,17878,25,4.21,1.36,0,1,26,-2.32,-10.39,
Jorge Guzman,Marlins,pitcher,17505,56,5.21,1.58,0,2,50,-2.33,-10.41,
Zack Burdi,White Sox,pitcher,19159,27,4.51,1.41,0,1,31,-2.33,-10.42,
Jordan Yamamoto,Marlins,pitcher,17585,33,5.04,1.46,0,2,28,-2.34,-10.440000000000001,
Cole Sulser,Orioles,pitcher,15256,30,4.71,1.41,0,1,31,-2.36,-10.51,
Brandon Morrow,NA,pitcher,9346,18,3.72,1.24,0,1,19,-2.37,-10.52,
Parker Dunshee,NA,pitcher,sa873274,28,5.13,1.41,0,2,23,-2.39,-10.58,
Luis Garcia,Astros,pitcher,23735,28,5.02,1.49,0,2,27,-2.4,-10.61,
Thomas Szapucki,Mets,pitcher,sa875054,28,4.81,1.48,0,2,24,-2.4,-10.620000000000001,
Zack Godley,NA,pitcher,14862,33,5.11,1.49,0,2,28,-2.42,-10.65,
Scott Alexander,Dodgers,pitcher,10591,24,3.61,1.41,0,1,20,-2.42,-10.67,
Bryan Abreu,Astros,pitcher,16609,25,4.36,1.44,0,1,28,-2.43,-10.68,
Bud Norris,NA,pitcher,9492,25,4.48,1.4,0,1,26,-2.44,-10.719999999999999,
Taylor Williams,Padres,pitcher,14899,25,4.28,1.4,0,1,24,-2.44,-10.73,
John Gant,Cardinals,pitcher,13684,28,4.35,1.44,0,1,25,-2.48,-10.82,
Kyle Keller,Angels,pitcher,18890,22,4.4,1.37,0,1,23,-2.48,-10.82,
Kelvin Herrera,NA,pitcher,6033,30,4.87,1.4,0,1,27,-2.48,-10.84,
Packy Naughton,NA,pitcher,sa913120,28,5.11,1.43,0,2,20,-2.49,-10.85,
J.P. Feyereisen,Brewers,pitcher,16610,28,4.72,1.45,0,1,29,-2.49,-10.85,
Trevor Stephan,Indians,pitcher,sa918441,22,4.58,1.34,0,1,22,-2.5,-10.879999999999999,
Dany Jimenez,Athletics,pitcher,21170,29,4.62,1.45,0,1,27,-2.51,-10.91,
Andrew Kittredge,NA,pitcher,12828,15,3.73,1.25,0,1,16,-2.52,-10.93,
Oliver Drake,NA,pitcher,8823,20,4.21,1.36,0,1,20,-2.52,-10.95,
Michael Baumann,Orioles,pitcher,sa829681,65,5.82,1.59,0,3,50,-2.53,-10.95,
Miguel Yajure,Yankees,pitcher,21111,27,4.7,1.4,0,1,24,-2.53,-10.95,
Ben Braymer,Nationals,pitcher,20175,33,5.19,1.51,0,2,26,-2.53,-10.96,
Bernardo Flores Jr.,White Sox,pitcher,19561,22,4.28,1.35,0,1,18,-2.55,-11.02,
T.J. McFarland,NA,pitcher,3237,40,4.76,1.55,0,2,24,-2.56,-11.04,
Yoan Lopez,Diamondbacks,pitcher,17181,28,4.75,1.43,0,1,25,-2.56,-11.04,
Cole Irvin,Phillies,pitcher,19244,22,4.54,1.33,0,1,18,-2.57,-11.08,
Sean Reid-Foley,Blue Jays,pitcher,17034,20,4.39,1.42,0,1,22,-2.58,-11.1,
Josh James,Astros,pitcher,16794,12,3.74,1.26,0,1,16,-2.59,-11.14,
Aaron Slegers,Rays,pitcher,15231,22,4.61,1.34,0,1,17,-2.62,-11.219999999999999,
Scott Oberg,Rockies,pitcher,13911,22,4.46,1.42,0,1,20,-2.63,-11.23,
Cody Allen,NA,pitcher,12183,28,5.13,1.46,0,1,28,-2.63,-11.24,
Corey Oswalt,Mets,pitcher,13677,24,4.82,1.38,0,1,20,-2.63,-11.25,
Joe Ryan,NA,pitcher,sa3007584,18,4.67,1.33,0,1,18,-2.64,-11.26,
Javier Guerra,Padres,pitcher,17292,14,3.88,1.32,0,1,15,-2.64,-11.27,
Dereck Rodriguez,NA,pitcher,14509,61,5.99,1.57,0,3,43,-2.65,-11.29,
Luis Avilan,NA,pitcher,2882,22,4.36,1.45,0,1,20,-2.65,-11.29,
Josh Sborz,Dodgers,pitcher,18323,14,4.09,1.3,0,1,15,-2.65,-11.3,
Nick Tropeano,NA,pitcher,12385,20,4.77,1.37,0,1,19,-2.66,-11.32,
James Norwood,Cubs,pitcher,16440,20,4.58,1.46,0,1,22,-2.66,-11.32,
Bobby Wahl,Brewers,pitcher,14832,15,4.39,1.36,0,1,17,-2.68,-11.379999999999999,
Blake Cederlind,Pirates,pitcher,20344,24,4.58,1.5,0,1,23,-2.68,-11.39,
Drew Smith,Mets,pitcher,17755,20,4.64,1.4,0,1,18,-2.69,-11.42,
Reggie Lawson,NA,pitcher,sa598828,19,4.13,1.25,0,0,19,-2.7,-11.43,
Joey Gerber,Mariners,pitcher,24591,22,4.74,1.44,0,1,20,-2.71,-11.45,
Yohan Ramirez,Mariners,pitcher,19444,18,4.46,1.5,0,1,21,-2.71,-11.469999999999999,
Josh Osich,Reds,pitcher,11528,18,4.54,1.4,0,1,17,-2.71,-11.469999999999999,
Tony Santillan,Reds,pitcher,sa874781,37,5.66,1.55,0,2,29,-2.72,-11.48,
Paul Campbell,Marlins,pitcher,sa3005052,22,4.64,1.41,0,1,17,-2.72,-11.49,
Tyler Ivey,Astros,pitcher,sa3004574,18,4.7,1.39,0,1,17,-2.73,-11.51,
Jeffrey Springs,Red Sox,pitcher,17677,12,4.19,1.32,0,1,14,-2.73,-11.52,
Kyle Hart,NA,pitcher,19646,27,5.46,1.53,0,2,20,-2.73,-11.52,
Chi Chi Gonzalez,NA,pitcher,14663,33,5.49,1.56,0,2,25,-2.74,-11.530000000000001,
Luis Garcia,Yankees,pitcher,6984,18,4.5,1.43,0,1,17,-2.74,-11.54,
Beau Burrows,Tigers,pitcher,18873,29,5.31,1.47,0,1,26,-2.74,-11.55,
Brett de Geus,Rangers,pitcher,sa3006813,42,5.22,1.63,0,2,32,-2.74,-11.559999999999999,
Taylor Guilbeau,Diamondbacks,pitcher,18306,25,4.54,1.5,0,1,20,-2.74,-11.559999999999999,
Dillon Maples,Cubs,pitcher,14672,12,3.77,1.48,0,1,16,-2.75,-11.58,
Brailyn Marquez,Cubs,pitcher,21896,24,4.72,1.53,0,1,23,-2.76,-11.58,
Eli Morgan,Indians,pitcher,sa915827,24,5.28,1.4,0,1,20,-2.76,-11.59,
Dominic Leone,NA,pitcher,13763,12,4.14,1.34,0,1,13,-2.76,-11.61,
Garrett Whitlock,Red Sox,pitcher,sa3005306,16,4.39,1.4,0,1,14,-2.78,-11.65,
Seth Elledge,Cardinals,pitcher,19766,20,4.68,1.49,0,1,19,-2.79,-11.67,
Kevin McCarthy,Red Sox,pitcher,15240,28,4.72,1.49,0,1,19,-2.79,-11.690000000000001,
Andrew Triggs,NA,pitcher,13533,15,4.59,1.38,0,1,14,-2.79,-11.690000000000001,
Edgar Garcia,Reds,pitcher,19276,25,5.21,1.52,0,1,25,-2.8,-11.719999999999999,
Edgar Santana,Pirates,pitcher,17355,18,4.68,1.42,0,1,15,-2.81,-11.719999999999999,
Robert Dugger,Mariners,pitcher,19191,24,5.21,1.43,0,1,19,-2.81,-11.74,
Derek Law,NA,pitcher,13133,18,4.7,1.47,0,1,17,-2.81,-11.75,
Aaron Fletcher,Mariners,pitcher,22052,12,4.11,1.39,0,1,12,-2.82,-11.77,
David Hess,NA,pitcher,16130,12,4.61,1.32,0,1,12,-2.82,-11.77,
Tyler Johnson,White Sox,pitcher,sa915688,12,4.39,1.39,0,1,13,-2.83,-11.780000000000001,
Rogelio Armenteros,Nationals,pitcher,17679,18,4.9,1.43,0,1,16,-2.83,-11.780000000000001,
Francis Martes,Astros,pitcher,17303,10,4.14,1.37,0,1,12,-2.83,-11.8,
Kyle Dohy,Phillies,pitcher,sa3004861,15,4.47,1.55,0,1,18,-2.84,-11.809999999999999,
Garrett Cleavinger,Phillies,pitcher,17897,12,4.22,1.47,0,1,14,-2.84,-11.82,
Jesse Biddle,Reds,pitcher,11437,12,4.22,1.44,0,1,13,-2.84,-11.83,
Jose Ruiz,White Sox,pitcher,14552,15,4.78,1.44,0,1,15,-2.85,-11.84,
Will Vest,Mariners,pitcher,sa3004101,15,4.54,1.43,0,1,13,-2.86,-11.86,
Angel Perdomo,Brewers,pitcher,17759,12,4.38,1.47,0,1,14,-2.86,-11.870000000000001,
Kyle Funkhouser,Tigers,pitcher,19456,22,4.92,1.53,0,1,20,-2.86,-11.870000000000001,
Arodys Vizcaino,NA,pitcher,5498,12,4.51,1.39,0,1,12,-2.86,-11.879999999999999,
Isaac Mattson,Orioles,pitcher,sa915667,15,4.75,1.46,0,1,15,-2.86,-11.879999999999999,
Johan Oviedo,Cardinals,pitcher,22487,45,5.53,1.65,0,2,36,-2.86,-11.89,
Wandisson Charles,Athletics,pitcher,sa874818,21,4.9,1.58,0,1,22,-2.87,-11.89,
Sean Poppen,Pirates,pitcher,19583,18,4.73,1.5,0,1,16,-2.88,-11.91,
Jimmy Lambert,White Sox,pitcher,19541,12,4.63,1.39,0,1,12,-2.88,-11.92,
Brandon Bailey,Reds,pitcher,19582,18,5.02,1.48,0,1,17,-2.88,-11.92,
Robert Stock,Cubs,pitcher,6576,10,4.08,1.41,0,1,11,-2.88,-11.92,
Matt Peacock,Diamondbacks,pitcher,sa3004019,14,4.14,1.45,0,1,11,-2.88,-11.92,
David Bednar,Padres,pitcher,19569,10,4.15,1.36,0,1,10,-2.88,-11.92,
Nick Sandlin,NA,pitcher,sa3006820,10,4.3,1.38,0,1,11,-2.88,-11.92,
Edwar Colina,Twins,pitcher,20589,15,4.73,1.46,0,1,14,-2.88,-11.940000000000001,
Franklyn Kilome,Mets,pitcher,17861,15,4.74,1.46,0,1,14,-2.89,-11.940000000000001,
Albert Abreu,Yankees,pitcher,17485,20,5.12,1.51,0,1,19,-2.89,-11.940000000000001,
Carson Fulmer,Pirates,pitcher,18311,22,5.05,1.55,0,1,21,-2.89,-11.95,
Scott Moss,Indians,pitcher,sa738902,12,4.61,1.41,0,1,12,-2.89,-11.95,
Tommy Doyle,Rockies,pitcher,21281,20,4.93,1.52,0,1,18,-2.89,-11.95,
Dan Otero,NA,pitcher,7385,15,4.47,1.41,0,1,10,-2.9,-11.98,
Michel Baez,Padres,pitcher,20100,10,4.33,1.38,0,1,10,-2.9,-11.99,
Jerry Blevins,Mets,pitcher,7841,15,4.95,1.48,0,1,15,-2.91,-12,
Joel Payamps,Red Sox,pitcher,14332,10,4.45,1.33,0,1,9,-2.91,-12.01,
Junior Fernandez,Cardinals,pitcher,18496,15,4.6,1.51,0,1,14,-2.91,-12.02,
Ty Tice,Blue Jays,pitcher,sa3004015,15,4.8,1.5,0,1,14,-2.93,-12.06,
Ian Krol,Tigers,pitcher,10066,16,4.8,1.5,0,1,14,-2.93,-12.07,
Javy Guerra,NA,pitcher,7407,18,5.08,1.46,0,1,14,-2.93,-12.08,
Brooks Kriske,Yankees,pitcher,21189,15,5.14,1.51,0,1,16,-2.94,-12.08,
Edubray Ramos,NA,pitcher,16086,18,5.29,1.48,0,1,16,-2.94,-12.1,
Keegan Thompson,Cubs,pitcher,sa918851,18,5.31,1.46,0,1,15,-2.95,-12.11,
Phil Bickford,Brewers,pitcher,18519,22,5.37,1.54,0,1,20,-2.96,-12.15,
Jackson Kowar,NA,pitcher,sa3008273,18,5.12,1.48,0,1,14,-2.96,-12.16,
Jose Alberto Rivera,Angels,pitcher,sa3003090,42,5.54,1.7,0,2,35,-2.97,-12.16,
Edinson Volquez,NA,pitcher,3990,12,4.67,1.48,0,1,11,-2.97,-12.17,
Patrick Weigel,Braves,pitcher,17792,12,4.82,1.46,0,1,11,-2.97,-12.17,
J.B. Bukauskas,Diamondbacks,pitcher,sa829263,18,4.99,1.55,0,1,16,-2.97,-12.17,
Jake Woodford,Cardinals,pitcher,18674,29,5.36,1.54,0,1,22,-2.97,-12.18,
Ashton Goudeau,Orioles,pitcher,15139,12,4.89,1.42,0,1,10,-2.97,-12.18,
Antonio Santos,Rockies,pitcher,20383,27,5.58,1.49,0,1,19,-3,-12.25,
Tom Hackimer,Twins,pitcher,sa872726,15,5.12,1.54,0,1,14,-3.01,-12.28,
Nolan Blackwood,NA,pitcher,sa874212,12,4.6,1.52,0,1,10,-3.01,-12.29,
Jefry Rodriguez,NA,pitcher,17018,18,5.11,1.56,0,1,14,-3.05,-12.39,
Carlos Sanabria,NA,pitcher,16634,22,5.4,1.61,0,1,20,-3.06,-12.41,
Dedniel Nunez,Giants,pitcher,sa3004203,12,4.91,1.54,0,1,10,-3.06,-12.42,
Angel Rondon,Cardinals,pitcher,sa917908,18,5.44,1.53,0,1,14,-3.07,-12.44,
Dakota Bacus,Nationals,pitcher,14545,12,4.94,1.55,0,1,10,-3.07,-12.45,
Tucker Davidson,Braves,pitcher,19871,9,4.81,1.54,0,1,8,-3.08,-12.49,
Scott Blewett,Royals,pitcher,16427,12,5.27,1.49,0,1,9,-3.09,-12.49,
Sam Delaplane,Mariners,pitcher,sa3004222,10,3.95,1.32,0,0,11,-3.09,-12.5,
John Brebbia,Giants,pitcher,12777,10,4.34,1.29,0,0,10,-3.13,-12.61,
Mac Sceroler,Orioles,pitcher,sa915799,35,5.62,1.61,0,1,27,-3.13,-12.62,
Silvino Bracho,Giants,pitcher,15051,10,4.27,1.32,0,0,10,-3.14,-12.64,
Seranthony Dominguez,Phillies,pitcher,19249,8,3.74,1.3,0,0,9,-3.14,-12.66,
Jimmy Nelson,NA,pitcher,10547,8,3.83,1.25,0,0,8,-3.15,-12.67,
Wyatt Mills,Mariners,pitcher,sa918372,10,4.13,1.36,0,0,10,-3.15,-12.68,
Jordan Sheffield,Rockies,pitcher,sa738245,16,5.58,1.67,0,1,15,-3.18,-12.75,
Camilo Doval,Giants,pitcher,sa916835,16,5.13,1.72,0,1,14,-3.19,-12.77,
Anthony Gose,NA,pitcher,5097,10,4.54,1.4,0,0,11,-3.19,-12.77,
Alexander Vizcaino,Yankees,pitcher,sa920272,12,5.53,1.63,0,1,10,-3.19,-12.78,
Justin Lawrence,Rockies,pitcher,sa875567,15,5.36,1.67,0,1,12,-3.2,-12.81,
Brendan McCurry,NA,pitcher,sa829486,8,4.18,1.31,0,0,8,-3.2,-12.82,
Alex Vesia,Marlins,pitcher,25007,10,4.36,1.42,0,0,10,-3.21,-12.83,
Tommy Kahnle,NA,pitcher,11384,5,3.24,1.17,0,0,6,-3.21,-12.85,
Austin Davis,Pirates,pitcher,17117,10,4.47,1.44,0,0,10,-3.23,-12.89,
Sam McWilliams,Mets,pitcher,sa829124,10,4.54,1.4,0,0,9,-3.23,-12.9,
Dylan File,Brewers,pitcher,sa3004197,10,4.68,1.34,0,0,8,-3.23,-12.91,
Edward Cabrera,Marlins,pitcher,sa920423,8,4.14,1.39,0,0,8,-3.24,-12.92,
Daniel Zamora,Mets,pitcher,17811,8,4.29,1.38,0,0,8,-3.24,-12.93,
Ben Bowden,Rockies,pitcher,sa873701,10,4.75,1.47,0,0,11,-3.25,-12.94,
Daniel Castano,Marlins,pitcher,19805,10,4.21,1.4,0,0,7,-3.25,-12.96,
Anthony Banda,Giants,pitcher,14706,8,4.2,1.38,0,0,7,-3.26,-12.98,
Nick Mears,Pirates,pitcher,25376,8,4.42,1.45,0,0,9,-3.26,-12.98,
Nivaldo Rodriguez,Astros,pitcher,22449,10,4.8,1.43,0,0,9,-3.28,-13.02,
Seth Romero,Nationals,pitcher,21333,8,4.35,1.44,0,0,8,-3.28,-13.02,
Chad Sobotka,Braves,pitcher,17470,8,4.55,1.43,0,0,8,-3.29,-13.05,
Dakota Chalmers,Twins,pitcher,sa875017,37,6.06,1.74,0,2,28,-3.29,-13.05,
Ryan Weathers,Padres,pitcher,sa3008436,28,5.55,1.64,0,1,17,-3.29,-13.07,
Jacob Waguespack,Blue Jays,pitcher,18318,8,4.56,1.4,0,0,7,-3.3,-13.08,
Domingo Tapia,Mariners,pitcher,12178,8,4.45,1.43,0,0,7,-3.3,-13.09,
Sam Clay,Nationals,pitcher,sa828815,8,4.02,1.5,0,0,7,-3.31,-13.1,
Ruben Alaniz,NA,pitcher,10819,8,4.72,1.45,0,0,8,-3.31,-13.11,
Rico Garcia,Giants,pitcher,20023,5,4.04,1.32,0,0,5,-3.32,-13.13,
Humberto Castellanos,Astros,pitcher,21183,8,4.7,1.43,0,0,7,-3.32,-13.14,
Steven Fuentes,Nationals,pitcher,sa828326,5,4.06,1.37,0,0,5,-3.33,-13.18,
Nick Ramirez,NA,pitcher,12575,5,4.27,1.41,0,0,5,-3.35,-13.23,
Mike Kickham,NA,pitcher,11618,5,4.45,1.39,0,0,5,-3.36,-13.24,
Brian Howard,NA,pitcher,sa918377,5,4.36,1.33,0,0,4,-3.36,-13.24,
Vladimir Gutierrez,Reds,pitcher,sa952977,9,5.33,1.46,0,0,8,-3.36,-13.25,
Matt Magill,NA,pitcher,3950,5,4.64,1.38,0,0,5,-3.36,-13.25,
Neftali Feliz,NA,pitcher,18,10,5.2,1.52,0,0,9,-3.36,-13.26,
Mauricio Llovera,Phillies,pitcher,20080,5,4.63,1.39,0,0,5,-3.36,-13.26,
Adam Warren,Yankees,pitcher,9029,10,5.36,1.5,0,0,9,-3.37,-13.27,
Justin Steele,Cubs,pitcher,sa828960,5,4.44,1.43,0,0,5,-3.37,-13.27,
Joe Gatto,Rangers,pitcher,sa828693,8,4.83,1.52,0,0,7,-3.37,-13.29,
Jasseel De La Cruz,Braves,pitcher,sa879559,5,4.53,1.45,0,0,5,-3.38,-13.3,
Emilio Vargas,White Sox,pitcher,sa736761,9,5.43,1.48,0,0,8,-3.38,-13.3,
Bryan Mata,Red Sox,pitcher,sa917784,5,4.43,1.49,0,0,5,-3.38,-13.32,
Jeremy Walker,Braves,pitcher,19981,5,4.46,1.41,0,0,4,-3.39,-13.32,
Clay Holmes,Pirates,pitcher,13649,5,4.46,1.53,0,0,5,-3.4,-13.35,
Max Kranick,Pirates,pitcher,sa919118,18,6.16,1.67,0,1,11,-3.4,-13.36,
Tyler Bashlor,Pirates,pitcher,15203,8,5.31,1.53,0,0,7,-3.41,-13.39,
Grant Gavin,NA,pitcher,sa918674,5,5.05,1.49,0,0,5,-3.41,-13.39,
Durbin Feltman,Red Sox,pitcher,sa3007959,5,4.9,1.52,0,0,5,-3.41,-13.4,
Hector Perez,Blue Jays,pitcher,18592,5,4.97,1.52,0,0,5,-3.42,-13.41,
Reggie McClain,Yankees,pitcher,19311,5,4.8,1.47,0,0,4,-3.42,-13.41,
Andre Jackson,Dodgers,pitcher,sa829605,10,5.08,1.64,0,0,9,-3.42,-13.43,
Anthony Castro,Blue Jays,pitcher,19789,5,5.02,1.54,0,0,5,-3.43,-13.43,
Jose Mujica,Rockies,pitcher,17821,8,5.39,1.51,0,0,6,-3.43,-13.45,
Gray Fenter,Cubs,pitcher,sa875233,25,5.85,1.79,0,1,21,-3.44,-13.47,
Joey Wentz,Tigers,pitcher,sa917946,9,5.55,1.54,0,0,7,-3.44,-13.48,
Ryan Rolison,NA,pitcher,sa3008244,28,6.07,1.68,0,1,18,-3.46,-13.54,
Jose Soriano,Pirates,pitcher,sa916702,14,6.2,1.95,0,1,11,-3.54,-13.76,
Jason Foley,NA,pitcher,sa915677,8,5.98,1.75,0,0,6,-3.59,-13.87,
Luis Oviedo,Pirates,pitcher,sa917344,12,6.12,1.83,0,0,8,-3.72,-14.23,
Ryan Castellani,Rockies,pitcher,16377,132,6.52,1.73,0,5,93,-3.92,-14.78,
