"PlayerName","Team","POS","ADP","PA","mAVG","mRBI","mR","mSB","mHR","PTS","aPOS","Dollars"
"Ronald Acuna Jr.","Braves","OF","1.6","665","$3.1","$3.5","$5.9","$6.9","$5.6","$25.0","$10.9","$36.9"
"Juan Soto","Nationals","OF","10.7","672","$6.4","$5.8","$5.3","$1.5","$5.3","$24.3","$10.9","$36.2"
"Fernando Tatis Jr.","Padres","SS","17.9","672","$4.2","$3.8","$5.5","$6.2","$5.0","$24.6","$7.9","$33.5"
"Mike Trout","Angels","OF","6.8","679","$3.4","$4.8","$6.8","$0.8","$5.6","$21.4","$10.9","$33.2"
"Cody Bellinger","Dodgers","OF","3.9","651","$3.5","$5.9","$4.5","$1.9","$5.6","$21.3","$10.9","$33.2"
"Christian Yelich","Brewers","OF","1.8","679","$3.3","$3.7","$4.9","$4.0","$3.8","$19.7","$10.9","$31.6"
"Jose Ramirez","Indians","3B","13.3","672","$2.7","$4.1","$4.6","$5.8","$3.3","$20.4","$8.0","$29.5"
"Mookie Betts","Dodgers","OF","4.9","679","$2.4","$2.3","$5.6","$4.0","$3.0","$17.2","$10.9","$29.1"
"Trevor Story","Rockies","SS","11.2","658","$2.7","$3.4","$4.3","$5.8","$3.5","$19.8","$7.9","$28.6"
"Eloy Jimenez","White Sox","OF","59.8","651","$4.8","$5.5","$3.3","($2.4)","$5.3","$16.4","$10.9","$28.3"
"Adalberto Mondesi","Royals","SS","31.4","644","$0.1","$1.0","$1.8","$16.5","($0.2)","$19.2","$7.9","$28.1"
"Francisco Lindor","Indians","SS","7.4","672","$3.0","$2.8","$4.5","$4.0","$3.3","$17.6","$7.9","$26.4"
"Freddie Freeman","Braves","1B","25.5","679","$5.0","$4.5","$4.5","($0.6)","$3.5","$16.9","$8.5","$26.4"
"Trea Turner","Nationals","SS","8.2","658","$4.2","$0.3","$3.6","$9.0","$0.1","$17.2","$7.9","$26.0"
"Rafael Devers","Red Sox","3B","24.3","658","$4.6","$4.5","$4.2","($0.3)","$3.8","$16.8","$8.0","$25.9"
"Manny Machado","Padres","3B","63.9","679","$2.6","$5.1","$3.7","$0.8","$4.4","$16.6","$8.0","$25.6"
"J.D. Martinez","Red Sox","DH","23.7","658","$3.0","$4.9","$3.4","($1.7)","$3.8","$13.5","$10.9","$25.4"
"Luis Robert","White Sox","OF","75.6","644","$0.5","$2.5","$1.8","$5.8","$2.7","$13.3","$10.9","$25.2"
"Bryce Harper","Phillies","OF","20.0","679","($1.3)","$3.8","$4.2","$2.2","$4.4","$13.3","$10.9","$25.2"
"Marcell Ozuna","","OF/DH","101.9","651","$2.8","$4.6","$2.7","($1.0)","$4.1","$13.3","$10.9","$25.2"
"Kyle Tucker","Astros","OF","174.8","644","($0.2)","$3.2","$2.4","$4.4","$3.0","$12.8","$10.9","$24.7"
"Vladimir Guerrero Jr.","Blue Jays","1B/DH","58.9","665","$6.5","$4.1","$3.6","($1.7)","$2.4","$14.8","$8.5","$24.3"
"Nolan Arenado","Rockies","3B","13.4","665","$4.0","$5.1","$3.3","($1.7)","$4.1","$14.8","$8.0","$23.8"
"Yordan Alvarez","Astros","DH","79.1","567","$2.4","$3.9","$2.4","($1.7)","$4.7","$11.7","$10.9","$23.6"
"Byron Buxton","Twins","OF","165.5","588","$1.0","$2.1","$1.5","$4.7","$1.8","$11.2","$10.9","$23.1"
"J.T. Realmuto","","C","44.0","612","$1.1","$1.6","$0.6","($0.3)","$0.6","$3.6","$18.3","$23.0"
"Giancarlo Stanton","Yankees","DH","65.5","595","($0.7)","$4.5","$2.7","($1.4)","$5.9","$11.0","$10.9","$22.9"
"Corey Seager","Dodgers","SS","136.4","651","$5.8","$3.7","$3.6","($1.7)","$2.7","$14.0","$7.9","$22.8"
"Bo Bichette","Blue Jays","SS","49.7","644","$3.9","$1.0","$3.3","$5.1","$0.6","$13.9","$7.9","$22.8"
"Alex Bregman","Astros","3B","16.9","665","$2.9","$4.1","$4.3","($1.0)","$3.0","$13.2","$8.0","$22.3"
"Franmil Reyes","Indians","DH","111.5","658","$0.6","$4.4","$2.8","($2.4)","$4.7","$10.1","$10.9","$22.0"
"Salvador Perez","Royals","C","161.5","533","$0.6","$1.7","($0.5)","($1.7)","$1.8","$1.9","$18.3","$21.2"
"Anthony Rizzo","Cubs","1B","82.0","679","$1.8","$3.5","$3.9","($0.6)","$3.0","$11.5","$8.5","$21.0"
"Whit Merrifield","Royals","OF","60.9","665","$4.0","($1.1)","$2.7","$5.4","($2.0)","$9.1","$10.9","$21.0"
"Randy Arozarena","Rays","OF/DH","600.2","644","$0.1","$1.3","$1.7","$4.7","$1.2","$9.0","$10.9","$20.9"
"Jose Abreu","White Sox","1B","76.6","665","$2.2","$4.5","$2.5","($2.1)","$3.5","$10.7","$8.5","$20.2"
"Lourdes Gurriel Jr.","Blue Jays","OF","155.7","623","$2.0","$2.8","$1.2","$0.1","$2.1","$8.3","$10.9","$20.1"
"Michael Conforto","Mets","OF","128.9","651","($0.3)","$2.8","$2.7","($0.3)","$3.0","$7.9","$10.9","$19.8"
"Tim Anderson","White Sox","SS","95.5","672","$3.2","$1.3","$2.2","$3.7","$0.4","$10.7","$7.9","$19.6"
"George Springer","","OF","46.6","602","$1.6","$0.6","$3.0","($0.3)","$2.7","$7.5","$10.9","$19.4"
"Xander Bogaerts","Red Sox","SS","42.7","651","$3.3","$3.1","$2.5","$0.1","$1.5","$10.6","$7.9","$19.4"
"Gleyber Torres","Yankees","SS","28.9","644","$1.7","$3.7","$2.5","($0.6)","$3.3","$10.5","$7.9","$19.4"
"Ozzie Albies","Braves","2B","32.4","651","$3.0","$2.0","$2.5","$2.2","$1.2","$11.0","$7.2","$19.2"
"Pete Alonso","Mets","1B","32.5","644","($1.7)","$4.5","$3.1","($2.1)","$5.9","$9.7","$8.5","$19.2"
"Starling Marte","Marlins","OF","27.8","630","$1.6","$0.5","$0.5","$5.1","($0.5)","$7.1","$10.9","$19.0"
"Aaron Judge","Yankees","OF","52.7","588","($1.2)","$1.9","$3.1","($1.0)","$3.8","$6.6","$10.9","$18.5"
"Anthony Rendon","Angels","3B","29.9","665","$3.0","$3.5","$3.1","($1.7)","$1.5","$9.4","$8.0","$18.5"
"Javier Baez","Cubs","SS","34.4","665","($0.4)","$3.8","$1.7","$1.5","$2.7","$9.3","$7.9","$18.2"
"Anthony Santander","Orioles","OF","453.8","630","$0.7","$2.4","$1.4","($1.0)","$2.4","$5.9","$10.9","$17.8"
"Max Kepler","Twins","OF","145.7","644","($1.1)","$1.4","$3.4","($0.3)","$2.4","$5.9","$10.9","$17.8"
"Charlie Blackmon","Rockies","OF","60.7","588","$3.7","$0.7","$1.4","($0.6)","$0.6","$5.8","$10.9","$17.7"
"Jeff McNeil","Mets","OF","88.7","644","$4.2","$0.2","$2.0","$0.1","($0.8)","$5.6","$10.9","$17.5"
"Trent Grisham","Padres","OF","298.4","630","($0.4)","$0.2","$2.5","$2.6","$0.6","$5.6","$10.9","$17.4"
"Alec Bohm","Phillies","3B","999.0","651","$4.3","$2.3","$1.5","($0.6)","$0.9","$8.4","$8.0","$17.4"
"Tommy Pham","Padres","OF/DH","87.5","581","$1.4","$0.0","$1.4","$2.6","$0.1","$5.4","$10.9","$17.3"
"Alex Verdugo","Red Sox","OF","198.3","623","$5.0","$0.2","$1.5","$0.1","($1.4)","$5.4","$10.9","$17.3"
"Jose Altuve","Astros","2B","39.7","665","$3.4","$1.3","$3.1","$1.2","$0.1","$9.1","$7.2","$17.3"
"Wil Myers","Padres","OF","240.2","658","($2.7)","$2.0","$1.7","$2.2","$2.1","$5.3","$10.9","$17.1"
"Miguel Sano","Twins","1B","121.7","651","($3.3)","$4.4","$2.8","($2.1)","$5.6","$7.4","$8.5","$16.9"
"Nick Madrigal","White Sox","2B","333.2","630","$7.2","($0.8)","$0.8","$5.4","($4.0)","$8.7","$7.2","$16.9"
"Alejandro Kirk","Blue Jays","C/DH","999.0","461","$3.4","($1.5)","($1.6)","($1.4)","($1.7)","($2.7)","$18.3","$16.7"
"Yasmani Grandal","White Sox","C","106.6","553","($2.6)","$0.0","$0.5","($1.7)","$0.9","($2.9)","$18.3","$16.5"
"Jorge Soler","Royals","DH","99.7","616","($1.5)","$2.7","$1.8","($1.7)","$3.3","$4.6","$10.9","$16.5"
"Teoscar Hernandez","Blue Jays","OF","367.6","616","($2.5)","$2.4","$1.2","$0.4","$3.0","$4.6","$10.9","$16.4"
"Keston Hiura","Brewers","2B","39.9","644","($0.4)","$2.7","$1.7","$1.5","$2.7","$8.1","$7.2","$16.3"
"Eugenio Suarez","Reds","3B","74.5","672","($2.3)","$3.8","$2.7","($1.4)","$4.1","$6.9","$8.0","$16.0"
"Ian Happ","Cubs","OF","271.4","644","($2.3)","$1.3","$2.2","$0.4","$2.4","$4.0","$10.9","$15.9"
"Randal Grichuk","Blue Jays","OF","275.8","616","($1.6)","$3.0","$1.4","($1.7)","$3.0","$4.0","$10.9","$15.9"
"Nicholas Castellanos","Reds","OF","75.0","630","$0.5","$1.9","$1.8","($1.7)","$1.5","$4.0","$10.9","$15.9"
"Ryan Mountcastle","Orioles","OF","556.8","595","$2.7","$1.7","$0.0","($1.7)","$1.2","$3.9","$10.9","$15.8"
"Matt Chapman","Athletics","3B","92.7","651","($1.1)","$3.4","$3.0","($2.1)","$3.5","$6.8","$8.0","$15.8"
"Matt Olson","Athletics","1B","51.3","630","($2.1)","$3.8","$2.2","($2.1)","$4.4","$6.3","$8.5","$15.8"
"Michael Brantley","","DH","131.8","602","$4.4","$1.0","$0.5","($1.0)","($1.1)","$3.8","$10.9","$15.6"
"Joey Gallo","Rangers","OF","97.1","644","($6.4)","$3.4","$2.1","($0.6)","$5.3","$3.7","$10.9","$15.6"
"Paul Goldschmidt","Cardinals","1B","77.4","658","$1.0","$2.3","$2.2","($1.4)","$1.8","$5.9","$8.5","$15.4"
"Victor Robles","Nationals","OF","70.7","644","($1.0)","($0.2)","$0.3","$5.8","($1.4)","$3.5","$10.9","$15.4"
"Eddie Rosario","","OF","99.9","546","$1.8","$1.7","($0.4)","($1.0)","$1.2","$3.3","$10.9","$15.2"
"Austin Riley","Braves","3B","282.0","651","($0.5)","$3.1","$1.7","($1.7)","$3.5","$6.1","$8.0","$15.2"
"Ramon Laureano","Athletics","OF","83.3","651","($1.3)","$1.2","$1.2","$1.5","$0.6","$3.2","$10.9","$15.1"
"Carlos Correa","Astros","SS","105.7","665","$1.0","$3.0","$2.1","($2.1)","$2.1","$6.1","$7.9","$15.0"
"Shohei Ohtani","Angels","DH","130.5","504","$0.4","$0.5","($0.4)","$1.9","$0.6","$3.0","$10.9","$14.9"
"Ketel Marte","Diamondbacks","2B","37.8","644","$4.4","$0.6","$2.2","($0.3)","($0.5)","$6.5","$7.2","$14.7"
"Yuli Gurriel","Astros","1B","158.7","637","$2.5","$2.3","$0.9","($1.4)","$0.6","$5.0","$8.5","$14.5"
"Kyle Schwarber","","OF","122.5","553","($2.2)","$1.6","$1.1","($1.4)","$3.5","$2.6","$10.9","$14.5"
"Nelson Cruz","","DH","61.6","560","($0.1)","$1.9","$0.5","($2.4)","$2.7","$2.5","$10.9","$14.4"
"Josh Donaldson","Twins","3B","85.8","602","($0.6)","$2.4","$2.5","($1.7)","$2.7","$5.3","$8.0","$14.3"
"DJ LeMahieu","","2B","71.9","651","$5.4","($0.4)","$2.4","($0.3)","($1.1)","$6.1","$7.2","$14.3"
"Miguel Cabrera","Tigers","DH","403.7","623","$2.2","$1.4","$0.5","($2.1)","$0.4","$2.4","$10.9","$14.2"
"Mike Moustakas","Reds","2B","95.2","630","($1.2)","$3.4","$1.7","($1.7)","$3.8","$6.0","$7.2","$14.2"
"Clint Frazier","Yankees","OF","571.1","609","($1.9)","$1.6","$0.8","($0.3)","$1.5","$1.7","$10.9","$13.6"
"Eric Hosmer","Padres","1B","253.7","658","$0.5","$2.1","$1.4","($1.0)","$0.9","$3.9","$8.5","$13.4"
"Jorge Polanco","Twins","SS","160.3","651","$2.3","$0.6","$2.2","$0.1","($1.1)","$4.1","$7.9","$13.0"
"Marcus Semien","","SS","97.7","672","($0.7)","$0.0","$3.0","$1.2","$0.6","$4.1","$7.9","$12.9"
"A.J. Pollock","Dodgers","OF","312.0","574","($1.5)","$1.0","$0.2","$0.1","$1.2","$1.0","$10.9","$12.9"
"Luke Voit","Yankees","1B","184.2","609","($0.9)","$2.0","$2.0","($2.4)","$2.7","$3.2","$8.5","$12.7"
"Justin Upton","Angels","OF","210.1","588","($2.5)","$1.6","$0.5","($1.0)","$2.1","$0.6","$10.9","$12.5"
"Paul DeJong","Cardinals","SS","186.6","651","($1.4)","$2.1","$1.4","($0.6)","$2.1","$3.6","$7.9","$12.5"
"Andrew McCutchen","Phillies","OF","207.8","595","($1.4)","($0.8)","$1.7","$0.1","$0.9","$0.5","$10.9","$12.4"
"Joc Pederson","","OF","210.1","525","($1.1)","$0.2","$0.6","($1.4)","$2.1","$0.4","$10.9","$12.3"
"Daulton Varsho","Diamondbacks","C/OF/DH","580.3","416","$0.1","($3.0)","($3.0)","$1.2","($2.3)","($7.1)","$18.3","$12.2"
"Willson Contreras","Cubs","C","113.3","463","($0.8)","($1.6)","($2.0)","($1.7)","($1.1)","($7.2)","$18.3","$12.1"
"Raimel Tapia","Rockies","OF","551.4","602","$2.7","($1.6)","($0.4)","$2.6","($3.1)","$0.1","$10.9","$12.0"
"Lorenzo Cain","Brewers","OF","176.8","623","$0.8","($1.9)","$0.5","$3.3","($2.5)","$0.1","$10.9","$12.0"
"Kris Bryant","Cubs","3B","60.5","637","($0.4)","$1.3","$2.5","($1.7)","$1.2","$3.0","$8.0","$12.0"
"Austin Hays","Orioles","OF","271.5","546","($0.1)","($0.5)","($0.8)","$1.2","$0.4","$0.1","$10.9","$12.0"
"Mike Yastrzemski","Giants","OF","357.2","658","($1.4)","$0.0","$1.7","($0.3)","$0.1","$0.1","$10.9","$11.9"
"Travis d'Arnaud","Braves","C","253.8","448","$0.0","($1.8)","($2.5)","($2.1)","($1.1)","($7.4)","$18.3","$11.9"
"Ha-seong Kim","","DH","999.0","630","($1.8)","$0.6","$1.1","$0.1","$0.1","$0.0","$10.9","$11.9"
"Mark Canha","Athletics","OF/DH","234.5","616","($1.3)","$0.9","$0.9","($1.0)","$0.4","($0.1)","$10.9","$11.8"
"Andrew Benintendi","Red Sox","OF","122.5","588","($0.1)","($0.9)","$1.1","$1.5","($1.7)","($0.2)","$10.9","$11.7"
"Aaron Hicks","Yankees","OF","325.5","609","($2.9)","$0.6","$1.4","$0.1","$0.6","($0.2)","$10.9","$11.7"
"Ke'Bryan Hayes","Pirates","3B","586.3","567","$3.6","($0.4)","($0.1)","$0.4","($1.1)","$2.4","$8.0","$11.5"
"Jean Segura","Phillies","2B/3B","209.4","637","$3.5","$0.2","$0.5","$0.8","($1.7)","$3.3","$7.2","$11.5"
"Christian Vazquez","Red Sox","C","203.6","464","($0.2)","($2.3)","($2.8)","($0.3)","($2.3)","($7.9)","$18.3","$11.5"
"Sean Murphy","Athletics","C","224.0","448","($1.3)","($1.9)","($2.2)","($1.7)","($0.8)","($7.9)","$18.3","$11.5"
"Josh Naylor","Indians","OF","594.3","539","$2.7","($0.4)","($0.5)","($1.4)","($0.8)","($0.4)","$10.9","$11.5"
"Rhys Hoskins","Phillies","1B","126.5","602","($3.1)","$1.9","$2.0","($1.7)","$3.0","$1.9","$8.5","$11.4"
"Yoan Moncada","White Sox","3B","69.8","637","($0.6)","$0.9","$2.0","($0.3)","$0.4","$2.3","$8.0","$11.3"
"Avisail Garcia","Brewers","OF","201.4","595","($0.3)","$0.0","($0.3)","$0.1","($0.2)","($0.6)","$10.9","$11.3"
"Joey Votto","Reds","1B","279.1","665","($0.2)","$0.5","$2.8","($1.7)","$0.4","$1.7","$8.5","$11.2"
"Jurickson Profar","","OF","513.2","588","($1.1)","($0.1)","($0.1)","$1.2","($0.5)","($0.7)","$10.9","$11.2"
"Victor Reyes","Tigers","OF","555.6","560","$2.3","($2.5)","($1.0)","$3.3","($2.8)","($0.7)","$10.9","$11.2"
"Justin Turner","","3B","149.8","560","$3.0","$0.6","$0.5","($2.1)","$0.1","$2.1","$8.0","$11.1"
"Chris Taylor","Dodgers","SS/OF","470.3","644","($1.7)","$0.5","$0.8","$0.4","($0.8)","($0.8)","$10.9","$11.1"
"Tommy Edman","Cardinals","3B/OF","130.9","623","$1.6","($1.1)","$0.5","$2.9","($2.0)","$2.0","$8.0","$11.0"
"Rowdy Tellez","Blue Jays","1B/DH","553.0","546","$0.2","$1.2","$0.0","($1.4)","$1.5","$1.5","$8.5","$11.0"
"Max Muncy","Dodgers","1B","72.0","630","($3.1)","$1.6","$2.2","($1.7)","$2.4","$1.4","$8.5","$10.9"
"Khris Davis","Athletics","DH","176.8","560","($3.1)","$1.6","$0.0","($2.4)","$3.0","($1.0)","$10.9","$10.9"
"Dominic Smith","Mets","1B/OF","561.5","581","($0.7)","$0.9","($0.1)","($1.7)","$0.6","($1.0)","$10.9","$10.9"
"Josh Bell","Nationals","1B/DH","99.4","588","$0.1","$1.6","$0.5","($2.1)","$1.2","$1.3","$8.5","$10.8"
"Bryan Reynolds","Pirates","OF","191.1","595","$1.3","($0.5)","($0.1)","($0.6)","($1.1)","($1.1)","$10.9","$10.8"
"Corey Dickerson","Marlins","OF","300.5","574","$1.3","($0.2)","($0.7)","($1.0)","($0.5)","($1.1)","$10.9","$10.7"
"Alex Kirilloff","Twins","OF","999.0","511","$2.2","($0.8)","($1.1)","($0.3)","($1.4)","($1.4)","$10.9","$10.5"
"Dylan Carlson","Cardinals","OF","999.0","574","($0.9)","($0.5)","($0.7)","$1.5","($0.8)","($1.4)","$10.9","$10.5"
"Nick Solak","Rangers","OF","284.6","567","$0.8","($0.8)","($0.8)","$0.4","($1.1)","($1.5)","$10.9","$10.3"
"Austin Meadows","Rays","OF","48.8","490","($0.3)","($1.2)","($0.7)","$0.8","($0.2)","($1.6)","$10.9","$10.3"
"Giovanny Urshela","Yankees","3B","233.3","644","$1.6","$1.3","$0.5","($1.7)","($0.5)","$1.1","$8.0","$10.2"
"Jeimer Candelario","Tigers","1B","586.2","637","($0.9)","$1.2","$1.1","($1.4)","$0.6","$0.6","$8.5","$10.1"
"Hunter Renfroe","Red Sox","OF","266.2","504","($2.6)","$0.7","($0.7)","($1.4)","$2.1","($1.8)","$10.9","$10.1"
"Gary Sanchez","Yankees","C","84.1","384","($3.0)","($1.6)","($2.9)","($2.4)","$0.6","($9.3)","$18.3","$10.1"
"Dansby Swanson","Braves","SS","254.4","665","($1.8)","$0.3","$1.5","$1.2","($0.2)","$1.0","$7.9","$9.8"
"Hunter Dozier","Royals","1B/OF","199.0","609","($1.6)","$0.6","$0.2","($1.0)","($0.2)","($2.0)","$10.9","$9.8"
"Trey Mancini","Orioles","1B/OF","403.0","518","$0.5","($0.4)","($0.5)","($2.1)","$0.4","($2.1)","$10.9","$9.8"
"Yadier Molina","","C","232.1","478","($0.1)","($2.3)","($3.2)","($1.7)","($2.3)","($9.6)","$18.3","$9.7"
"Willie Calhoun","Rangers","DH","202.3","553","$0.1","$0.0","($0.7)","($2.1)","$0.4","($2.2)","$10.9","$9.6"
"Carlos Santana","Royals","1B","141.6","623","($1.6)","$1.4","$1.4","($2.1)","$0.9","$0.1","$8.5","$9.6"
"Brandon Nimmo","Mets","OF","390.0","623","($2.1)","($1.4)","$1.8","$0.4","($1.1)","($2.3)","$10.9","$9.6"
"Austin Nola","Padres","C","573.3","491","($0.5)","($2.2)","($2.5)","($2.1)","($2.5)","($9.8)","$18.3","$9.6"
"Christian Walker","Diamondbacks","1B","206.3","616","($1.6)","$1.3","$0.3","($1.0)","$0.9","$0.0","$8.5","$9.5"
"Didi Gregorius","","SS","231.9","581","$0.5","$0.7","($0.4)","($0.3)","$0.1","$0.6","$7.9","$9.5"
"Mitch Haniger","Mariners","OF","578.7","595","($2.6)","($0.7)","$0.6","($0.3)","$0.4","($2.6)","$10.9","$9.3"
"Andrew Knizner","Cardinals","C/DH","600.0","435","$0.6","($2.9)","($3.5)","($1.7)","($2.5)","($10.0)","$18.3","$9.3"
"Dylan Moore","Mariners","OF","599.8","567","($4.4)","($1.9)","($1.1)","$6.2","($1.4)","($2.7)","$10.9","$9.2"
"Jesse Winker","Reds","DH","437.5","483","$1.7","($1.2)","($1.0)","($1.7)","($0.5)","($2.7)","$10.9","$9.2"
"David Peralta","Diamondbacks","OF","248.9","560","$1.5","($0.1)","($1.0)","($2.1)","($1.1)","($2.8)","$10.9","$9.1"
"Bobby Dalbec","Red Sox","1B","599.9","574","($2.9)","$1.2","$0.2","($1.0)","$2.1","($0.4)","$8.5","$9.1"
"Brandon Lowe","Rays","2B","209.5","574","($1.0)","$0.6","$0.6","($0.6)","$1.2","$0.8","$7.2","$9.0"
"Kole Calhoun","Diamondbacks","OF","429.2","602","($3.3)","$0.3","$0.5","($1.4)","$0.9","($2.9)","$10.9","$9.0"
"Jake Cronenworth","Padres","2B","999.0","637","$2.4","($0.4)","$0.0","$1.5","($2.8)","$0.7","$7.2","$8.9"
"Mauricio Dubon","Giants","OF","367.4","553","$1.3","($1.5)","($1.7)","$1.2","($2.3)","($3.0)","$10.9","$8.9"
"Cavan Biggio","Blue Jays","2B","126.6","644","($2.8)","($0.7)","$2.4","$2.2","($0.5)","$0.7","$7.2","$8.9"
"Leody Taveras","Rangers","OF","999.0","574","($1.6)","($2.8)","($0.8)","$4.7","($2.5)","($3.0)","$10.9","$8.9"
"Will Smith","Dodgers","C","162.7","378","($1.7)","($2.6)","($3.3)","($2.1)","($0.8)","($10.5)","$18.3","$8.8"
"Jackie Bradley Jr.","","OF","567.5","616","($4.3)","$0.0","($0.1)","$1.2","$0.1","($3.1)","$10.9","$8.7"
"J.D. Davis","Mets","3B","159.0","588","$0.0","$0.6","$0.3","($2.1)","$0.6","($0.5)","$8.0","$8.5"
"Andres Gimenez","Mets","SS","999.0","574","($1.2)","($1.4)","($1.4)","$5.8","($2.3)","($0.4)","$7.9","$8.4"
"Kyle Seager","Mariners","3B","433.9","651","($3.3)","$1.6","$0.5","($1.0)","$1.5","($0.8)","$8.0","$8.3"
"Stephen Piscotty","Athletics","OF","533.0","560","($1.1)","($0.1)","($0.8)","($1.4)","($0.2)","($3.7)","$10.9","$8.2"
"Adam Eaton","White Sox","OF","205.7","546","$0.0","($2.1)","$0.0","$0.4","($2.3)","($3.8)","$10.9","$8.0"
"Alex Dickerson","Giants","OF","584.6","476","$2.0","($1.2)","($1.6)","($2.1)","($1.1)","($3.9)","$10.9","$7.9"
"Harrison Bader","Cardinals","OF","561.3","567","($3.3)","($0.9)","($0.8)","$1.9","($0.8)","($4.0)","$10.9","$7.9"
"Willi Castro","Tigers","SS","600.8","588","$1.4","($0.7)","($0.5)","$0.4","($1.7)","($1.0)","$7.9","$7.8"
"Luis Arraez","Twins","2B","252.4","567","$7.2","($1.8)","($0.5)","($1.0)","($4.3)","($0.4)","$7.2","$7.8"
"Andrelton Simmons","","SS","521.8","609","$3.0","($0.9)","($0.5)","$0.4","($3.1)","($1.2)","$7.9","$7.7"
"Myles Straw","Astros","OF","579.1","518","($0.4)","($3.9)","($2.0)","$6.9","($4.9)","($4.2)","$10.9","$7.7"
"Jason Heyward","Cubs","OF","560.9","581","($0.8)","($0.9)","($0.5)","($0.6)","($1.4)","($4.3)","$10.9","$7.6"
"David Fletcher","Angels","SS","384.0","651","$3.5","($1.9)","$1.1","$0.1","($4.0)","($1.3)","$7.9","$7.6"
"Kevin Pillar","","OF","548.0","525","$0.1","($1.4)","($1.9)","$0.8","($2.0)","($4.3)","$10.9","$7.6"
"Brian Anderson","Marlins","3B","225.5","672","($1.5)","$1.0","$0.6","($1.7)","$0.1","($1.5)","$8.0","$7.5"
"Kyle Lewis","Mariners","OF","415.5","644","($3.9)","$0.3","($0.3)","($0.6)","$0.1","($4.4)","$10.9","$7.5"
"Mitch Garver","Twins","C","112.1","364","($1.0)","($3.5)","($3.5)","($2.1)","($2.0)","($12.0)","$18.3","$7.4"
"Jesus Aguilar","Marlins","1B/DH","483.1","581","($1.5)","$0.5","($0.3)","($2.1)","$1.2","($2.2)","$8.5","$7.3"
"Tommy La Stella","","2B","329.3","553","$3.4","($1.2)","$0.0","($1.7)","($1.4)","($0.9)","$7.2","$7.3"
"Nick Senzel","Reds","OF","201.6","483","($0.4)","($2.6)","($1.9)","$2.2","($2.0)","($4.6)","$10.9","$7.3"
"Buster Posey","Giants","C","549.8","481","($0.1)","($3.2)","($3.0)","($2.1)","($3.7)","($12.1)","$18.3","$7.2"
"Ryan Jeffers","Twins","C","999.0","320","$0.7","($4.1)","($4.5)","($1.7)","($2.5)","($12.2)","$18.3","$7.1"
"Danny Jansen","Blue Jays","C","252.1","397","($1.5)","($3.3)","($3.5)","($1.7)","($2.3)","($12.3)","$18.3","$7.1"
"Kevin Kiermaier","Rays","OF","501.2","539","($3.1)","($1.6)","($1.9)","$3.3","($1.7)","($5.0)","$10.9","$6.9"
"Eduardo Escobar","Diamondbacks","3B","127.0","609","($1.4)","$0.9","($0.1)","($1.7)","$0.1","($2.3)","$8.0","$6.7"
"Maikel Franco","","3B","529.1","539","($0.3)","$0.3","($1.0)","($2.1)","$0.6","($2.4)","$8.0","$6.7"
"Evan White","Mariners","1B","416.9","630","($3.3)","$0.6","($0.4)","($1.0)","$1.2","($2.9)","$8.5","$6.6"
"Ryan Braun","","OF","218.0","441","$0.0","($1.5)","($2.5)","($0.6)","($0.8)","($5.4)","$10.9","$6.5"
"Brandon Belt","Giants","1B","573.6","560","($0.5)","($0.4)","$0.0","($1.7)","($0.5)","($3.0)","$8.5","$6.5"
"Sam Hilliard","Rockies","OF","249.9","497","($2.5)","($1.5)","($2.2)","$1.5","($0.8)","($5.4)","$10.9","$6.5"
"C.J. Cron","Tigers","1B","199.9","532","($1.8)","$0.5","($0.8)","($2.1)","$1.2","($3.0)","$8.5","$6.5"
"Orlando Arcia","Brewers","SS","576.3","602","($0.5)","($0.4)","($0.8)","$0.4","($1.1)","($2.4)","$7.9","$6.4"
"Wilson Ramos","","C","174.7","320","$1.4","($4.1)","($5.0)","($2.4)","($2.8)","($12.9)","$18.3","$6.4"
"Nate Lowe","Rangers","1B/3B/DH","557.8","532","$0.1","($0.2)","($0.8)","($2.1)","$0.4","($2.7)","$8.0","$6.4"
"Elias Diaz","Rockies","C","599.9","365","$1.7","($4.3)","($4.7)","($2.1)","($3.7)","($13.0)","$18.3","$6.3"
"Renato Nunez","","1B/DH","302.1","546","($2.2)","$0.7","($0.7)","($2.4)","$1.2","($3.3)","$8.5","$6.2"
"Nico Hoerner","Cubs","2B","555.3","546","$2.2","($1.6)","($1.3)","$1.5","($2.8)","($2.0)","$7.2","$6.2"
"Manuel Margot","Rays","OF","564.2","448","($0.4)","($3.3)","($3.0)","$4.0","($3.1)","($5.9)","$10.9","$6.0"
"JaCoby Jones","Tigers","OF","589.3","574","($3.1)","($1.6)","($1.0)","$1.2","($1.4)","($6.0)","$10.9","$5.9"
"Daniel Johnson Jr.","Indians","OF","600.6","469","($0.1)","($2.3)","($2.5)","$1.2","($2.3)","($6.0)","$10.9","$5.9"
"James McCann","Mets","C","464.0","435","($3.0)","($2.9)","($3.9)","($1.7)","($2.0)","($13.5)","$18.3","$5.8"
"Cristian Pache","Braves","OF","999.0","567","($1.4)","($1.5)","($1.4)","$0.8","($2.5)","($6.1)","$10.9","$5.8"
"Gregory Polanco","Pirates","OF","391.7","511","($3.3)","($1.1)","($1.9)","$0.1","$0.1","($6.1)","$10.9","$5.8"
"Robbie Grossman","","OF","599.1","518","($0.6)","($2.5)","($1.4)","$0.8","($2.5)","($6.2)","$10.9","$5.6"
"Miguel Rojas","Marlins","SS","589.8","609","$1.7","($2.1)","($1.0)","$1.2","($3.1)","($3.3)","$7.9","$5.5"
"Carson Kelly","Diamondbacks","C","207.7","384","($1.3)","($3.9)","($4.1)","($2.1)","($2.5)","($13.9)","$18.3","$5.4"
"Franchy Cordero","Royals","OF/DH","491.3","427","$0.3","($2.3)","($2.9)","$0.1","($1.7)","($6.5)","$10.9","$5.3"
"Jose Trevino","Rangers","C","999.0","457","($1.7)","($3.6)","($3.9)","($1.4)","($3.4)","($14.0)","$18.3","$5.3"
"Dexter Fowler","Cardinals","OF","589.6","595","($4.1)","($1.4)","($0.5)","$0.1","($0.8)","($6.8)","$10.9","$5.1"
"Ian Desmond","Rockies","SS/OF","587.4","511","($1.7)","($1.6)","($2.2)","$0.1","($1.4)","($6.8)","$10.9","$5.1"
"Luis Torrens","Mariners","C","999.0","384","($0.3)","($4.3)","($4.7)","($1.7)","($3.4)","($14.4)","$18.3","$4.9"
"Nick Ahmed","Diamondbacks","SS","547.2","644","($2.1)","$0.0","($0.5)","($0.3)","($1.1)","($4.0)","$7.9","$4.9"
"Willy Adames","Rays","SS","403.5","567","($1.1)","($0.7)","($1.1)","($0.3)","($0.8)","($4.0)","$7.9","$4.9"
"Max Stassi","Angels","C","600.7","397","($2.9)","($3.5)","($3.8)","($2.1)","($2.3)","($14.5)","$18.3","$4.9"
"Colin Moran","Pirates","1B/DH","573.4","532","$0.9","($0.8)","($1.7)","($2.1)","($1.1)","($4.7)","$8.5","$4.8"
"Yan Gomes","Nationals","C","540.6","384","($1.9)","($3.7)","($4.4)","($2.1)","($2.5)","($14.6)","$18.3","$4.7"
"Isiah Kiner-Falefa","Rangers","3B","335.8","609","$0.1","($2.1)","($1.3)","$2.6","($3.7)","($4.4)","$8.0","$4.7"
"Cesar Hernandez","","2B","245.0","630","$1.6","($1.9)","$0.2","($0.3)","($3.1)","($3.6)","$7.2","$4.6"
"J.P. Crawford","Mariners","SS","575.9","665","($2.8)","($1.8)","$0.9","$1.5","($2.3)","($4.4)","$7.9","$4.5"
"Ryan McMahon","Rockies","2B","172.6","553","($0.9)","($0.4)","($1.0)","($1.4)","($0.2)","($3.8)","$7.2","$4.4"
"Jordan Luplow","Indians","OF","594.4","455","($1.3)","($1.9)","($2.3)","($0.6)","($1.4)","($7.5)","$10.9","$4.4"
"Niko Goodrum","Tigers","SS","283.6","616","($4.1)","($1.2)","($0.4)","$2.6","($1.4)","($4.5)","$7.9","$4.3"
"Jose Iglesias","Angels","SS","576.7","560","$2.2","($1.4)","($1.7)","($0.3)","($3.4)","($4.6)","$7.9","$4.3"
"Evan Longoria","Giants","3B","566.0","539","($1.1)","($0.2)","($1.6)","($1.7)","($0.2)","($4.9)","$8.0","$4.2"
"Ender Inciarte","Braves","OF","489.3","518","($1.1)","($3.2)","($2.3)","$2.6","($3.7)","($7.7)","$10.9","$4.1"
"Jared Walsh","Angels","1B","600.8","497","($1.6)","($0.7)","($1.3)","($2.1)","$0.1","($5.6)","$8.5","$3.9"
"Luis Urias","Brewers","3B","511.7","602","($1.0)","($1.2)","($0.8)","($0.3)","($2.3)","($5.6)","$8.0","$3.4"
"Tucker Barnhart","Reds","C","484.7","410","($2.5)","($4.1)","($4.1)","($2.1)","($3.1)","($16.0)","$18.3","$3.4"
"Mike Zunino","Rays","C","509.5","410","($5.7)","($3.2)","($3.9)","($2.1)","($1.1)","($16.0)","$18.3","$3.4"
"Josh Fuentes","Rockies","1B","999.0","546","($0.3)","($1.1)","($1.9)","($1.4)","($1.7)","($6.2)","$8.5","$3.3"
"Rio Ruiz","Orioles","3B","591.0","518","($0.8)","($1.2)","($1.7)","($1.4)","($0.8)","($5.9)","$8.0","$3.2"
"Daniel Vogelbach","Brewers","DH","566.8","448","($2.1)","($1.8)","($2.2)","($2.4)","($0.2)","($8.7)","$10.9","$3.2"
"Jacob Stallings","Pirates","C","549.7","384","($0.7)","($4.6)","($4.8)","($2.1)","($4.0)","($16.2)","$18.3","$3.2"
"Andrew Stevenson","Nationals","OF","999.0","518","($0.5)","($3.3)","($2.5)","$1.5","($4.0)","($8.8)","$10.9","$3.1"
"Wilmer Flores","Giants","DH","589.3","378","$1.8","($2.9)","($3.6)","($2.1)","($2.0)","($8.8)","$10.9","$3.1"
"Donovan Solano","Giants","2B","600.4","595","$3.4","($1.8)","($1.3)","($1.7)","($3.7)","($5.1)","$7.2","$3.1"
"Yasiel Puig","","OF","234.6","357","($0.2)","($3.2)","($3.9)","$0.4","($2.0)","($8.9)","$10.9","$3.0"
"Anthony Alford","Pirates","OF/DH","600.9","504","($3.5)","($3.3)","($3.0)","$4.4","($3.4)","($8.9)","$10.9","$3.0"
"Chad Pinder","Athletics","2B/3B/OF/DH","597.7","525","($1.0)","($0.8)","($1.4)","($1.7)","($0.5)","($5.4)","$7.2","$2.8"
"Martin Maldonado","Astros","C","571.6","435","($4.8)","($3.5)","($3.8)","($2.1)","($2.5)","($16.6)","$18.3","$2.7"
"Nomar Mazara","","OF","281.3","420","($0.3)","($2.2)","($3.2)","($2.1)","($1.4)","($9.2)","$10.9","$2.7"
"Jake Bauers","Indians","1B/OF","590.8","420","($1.7)","($2.9)","($3.0)","$0.4","($2.0)","($9.2)","$10.9","$2.7"
"D.J. Stewart","Orioles","OF","598.6","406","($1.1)","($2.8)","($3.0)","($1.0)","($1.4)","($9.2)","$10.9","$2.7"
"Kolten Wong","","2B","217.0","518","$0.4","($3.0)","($1.4)","$1.9","($3.4)","($5.6)","$7.2","$2.6"
"Nicky Lopez","Royals","2B","574.2","609","$0.8","($2.2)","($1.1)","$0.8","($4.0)","($5.7)","$7.2","$2.5"
"Brett Gardner","","OF","432.4","476","($1.9)","($2.9)","($2.5)","$0.4","($2.5)","($9.4)","$10.9","$2.5"
"Roman Quinn","Phillies","OF","560.4","420","($2.6)","($4.3)","($3.9)","$5.1","($3.7)","($9.4)","$10.9","$2.5"
"Scott Kingery","Phillies","2B","168.0","602","($4.3)","($0.9)","($1.1)","$1.5","($1.1)","($6.0)","$7.2","$2.2"
"Jonathan Schoop","","2B","363.1","490","($1.1)","($0.9)","($1.9)","($2.1)","($0.2)","($6.2)","$7.2","$2.0"
"Shogo Akiyama","Reds","OF","260.9","420","$0.5","($4.3)","($3.0)","$0.4","($3.4)","($9.9)","$10.9","$2.0"
"Josh Reddick","","OF","575.3","434","$0.7","($3.0)","($3.3)","($1.4)","($2.8)","($9.9)","$10.9","$2.0"
"Matt Carpenter","Cardinals","3B","421.2","595","($4.7)","($1.1)","$0.2","($1.4)","($0.2)","($7.1)","$8.0","$1.9"
"Adam Duvall","","OF","583.5","392","($2.2)","($2.1)","($3.3)","($2.4)","($0.2)","($10.3)","$10.9","$1.6"
"Gavin Lux","Dodgers","2B/DH","187.3","462","$0.2","($2.2)","($2.3)","($0.3)","($2.0)","($6.6)","$7.2","$1.6"
"Andrew Knapp","Phillies","C","600.4","435","($4.2)","($4.4)","($3.9)","($1.7)","($3.7)","($17.9)","$18.3","$1.4"
"Starlin Castro","Nationals","2B","239.5","483","$1.5","($1.6)","($2.8)","($1.7)","($2.3)","($6.8)","$7.2","$1.4"
"Omar Narvaez","Brewers","C","187.9","303","($0.9)","($5.4)","($5.7)","($2.4)","($3.7)","($18.1)","$18.3","$1.2"
"Roberto Perez","Indians","C","290.0","378","($3.9)","($4.3)","($4.7)","($2.4)","($2.8)","($18.1)","$18.3","$1.2"
"Jorge Alfaro","Marlins","C","218.3","333","($2.1)","($5.1)","($5.8)","($1.7)","($3.4)","($18.2)","$18.3","$1.1"
"Victor Caratini","Cubs","C","433.8","277","($0.2)","($5.7)","($6.0)","($2.1)","($4.3)","($18.2)","$18.3","$1.1"
"Christin Stewart","Tigers","OF","595.0","448","($2.1)","($2.3)","($2.9)","($2.4)","($1.1)","($10.9)","$10.9","$1.0"
"Yandy Diaz","Rays","3B","285.5","497","$1.4","($2.8)","($1.9)","($1.7)","($3.1)","($8.0)","$8.0","$1.0"
"Rougned Odor","Rangers","2B","231.5","504","($5.0)","($1.1)","($2.2)","$0.4","$0.6","($7.2)","$7.2","$1.0"
"Brandon Crawford","Giants","SS","591.0","588","($2.0)","($1.4)","($1.6)","($1.0)","($2.0)","($7.9)","$7.9","$1.0"
"Isaac Paredes","Tigers","3B","600.9","462","$1.1","($2.6)","($2.6)","($1.4)","($2.5)","($8.0)","$8.0","$1.0"
"Ji-Man Choi","Rays","1B","558.3","462","($1.3)","($2.1)","($2.0)","($1.7)","($1.4)","($8.5)","$8.5","$1.0"
"David Dahl","Rangers","OF","149.5","455","($2.3)","($2.8)","($3.2)","($0.6)","($2.0)","($10.9)","$10.9","$1.0"
"Kurt Suzuki","","C","350.8","250","($0.2)","($5.7)","($6.3)","($2.4)","($3.7)","($18.3)","$18.3","$1.0"
"Oscar Mercado","Indians","OF","125.1","378","($0.6)","($4.4)","($4.1)","$1.9","($3.7)","($10.9)","$10.9","$1.0"
"Pedro Severino","Orioles","C","538.3","271","($0.9)","($5.7)","($6.1)","($2.1)","($3.7)","($18.5)","$18.3","$0.8"
"Bradley Zimmer","Indians","OF","595.7","476","($3.8)","($3.0)","($2.9)","$1.2","($2.5)","($11.1)","$10.9","$0.8"
"Chance Sisco","Orioles","C","561.9","303","($1.8)","($5.4)","($5.5)","($2.4)","($3.4)","($18.6)","$18.3","$0.8"
"Adam Haseley","Phillies","OF","585.4","441","($0.2)","($3.3)","($3.5)","($1.0)","($3.1)","($11.2)","$10.9","$0.7"
"Michael Chavis","Red Sox","1B","344.1","448","($2.1)","($1.9)","($2.8)","($1.4)","($0.8)","($8.9)","$8.5","$0.6"
"Erik Gonzalez","Pirates","SS","600.9","532","($0.6)","($2.8)","($2.6)","$0.8","($3.4)","($8.5)","$7.9","$0.3"
"Kyle Higashioka","Yankees","C/DH","596.8","256","($2.4)","($5.3)","($6.1)","($2.4)","($2.8)","($19.0)","$18.3","$0.3"
"David Bote","Cubs","3B","585.6","490","($2.2)","($2.2)","($2.2)","($0.6)","($1.7)","($8.9)","$8.0","$0.1"
"Nick Markakis","","OF","600.2","413","$1.2","($3.6)","($3.8)","($2.1)","($3.7)","($11.9)","$10.9","$0.0"
"Elvis Andrus","Rangers","SS","148.8","441","($0.1)","($3.6)","($3.6)","$1.9","($3.4)","($8.9)","$7.9","$0.0"
"Mitch Moreland","","1B","572.4","427","($2.5)","($1.8)","($2.8)","($2.4)","($0.2)","($9.6)","$8.5","($0.1)"
"Albert Pujols","Angels","1B","562.1","434","($1.1)","($1.9)","($3.2)","($2.1)","($1.4)","($9.6)","$8.5","($0.1)"
"Carter Kieboom","Nationals","3B","307.1","518","($1.4)","($2.3)","($2.3)","($1.0)","($2.3)","($9.3)","$8.0","($0.3)"
"Brad Miller","","DH","600.9","406","($2.6)","($2.9)","($3.3)","($1.7)","($1.7)","($12.2)","$10.9","($0.3)"
"Jon Berti","Marlins","2B","247.1","469","($1.6)","($4.4)","($2.9)","$4.0","($3.7)","($8.6)","$7.2","($0.4)"
"Jo Adell","Angels","OF","304.1","441","($2.7)","($2.8)","($3.6)","($1.0)","($2.3)","($12.3)","$10.9","($0.4)"
"Stephen Vogt","Diamondbacks","C","563.7","260","($1.5)","($5.8)","($6.4)","($2.1)","($4.0)","($19.9)","$18.3","($0.5)"
"Jake Cave","Twins","OF","599.5","392","($1.0)","($3.6)","($3.8)","($1.4)","($2.8)","($12.6)","$10.9","($0.7)"
"Shin-Soo Choo","","OF/DH","229.4","392","($2.1)","($4.7)","($3.0)","$0.1","($2.8)","($12.6)","$10.9","($0.7)"
"Amed Rosario","Mets","SS","138.7","385","$1.0","($4.0)","($4.1)","$0.8","($3.4)","($9.7)","$7.9","($0.8)"
"Edwin Rios","Dodgers","3B","590.5","455","($3.7)","($1.6)","($2.6)","($1.7)","($0.2)","($9.9)","$8.0","($0.9)"
"Tom Murphy","Mariners","C","259.8","274","($3.2)","($5.5)","($6.4)","($2.1)","($3.1)","($20.3)","$18.3","($1.0)"
"Austin Romine","","C","406.9","250","($0.8)","($6.1)","($6.7)","($2.4)","($4.3)","($20.4)","$18.3","($1.0)"
"Adam Frazier","Pirates","2B","557.3","476","$0.9","($3.6)","($2.5)","($0.6)","($3.4)","($9.3)","$7.2","($1.1)"
"Jay Bruce","","1B/OF/DH","547.5","336","($1.9)","($3.3)","($4.4)","($2.1)","($1.4)","($13.1)","$10.9","($1.2)"
"Tim Locastro","Diamondbacks","OF","598.8","364","($0.9)","($5.3)","($4.4)","$1.9","($4.6)","($13.2)","$10.9","($1.3)"
"Edward Olivares","Royals","OF","589.8","329","$0.0","($4.8)","($5.3)","$0.8","($4.0)","($13.3)","$10.9","($1.4)"
"Dom Nunez","Rockies","C","600.9","224","($1.7)","($6.5)","($6.9)","($1.7)","($4.0)","($20.8)","$18.3","($1.4)"
"Michael Perez","Pirates","C","999.0","256","($1.5)","($6.4)","($6.6)","($2.1)","($4.3)","($20.8)","$18.3","($1.5)"
"Garrett Cooper","Marlins","1B/DH","506.3","441","($0.1)","($2.9)","($3.3)","($2.4)","($2.3)","($11.0)","$8.5","($1.5)"
"Jason Castro","","C","390.7","282","($3.0)","($5.8)","($6.0)","($2.4)","($3.7)","($20.9)","$18.3","($1.6)"
"Francisco Mejia","Padres","C","236.3","209","($0.6)","($6.5)","($7.2)","($2.4)","($4.3)","($21.0)","$18.3","($1.6)"
"Jake Noll","Nationals","1B/3B/DH","999.0","490","($0.5)","($2.8)","($3.3)","($1.4)","($2.8)","($10.8)","$8.0","($1.7)"
"Yoenis Cespedes","","DH","255.6","350","($2.6)","($3.6)","($4.5)","($1.4)","($1.7)","($13.7)","$10.9","($1.8)"
"Grayson Greiner","Tigers","C","600.2","288","($2.5)","($6.0)","($6.3)","($2.4)","($4.0)","($21.2)","$18.3","($1.9)"
"Ty France","Mariners","1B/2B/3B/DH","590.6","441","($0.2)","($2.8)","($3.3)","($2.1)","($2.0)","($10.4)","$7.2","($2.2)"
"Drew Waters","","OF","600.7","357","($0.5)","($4.6)","($4.8)","($0.3)","($4.0)","($14.1)","$10.9","($2.3)"
"Jose  Garcia","Reds","SS","999.0","490","($1.4)","($3.0)","($3.3)","$0.1","($3.4)","($11.2)","$7.9","($2.3)"
"Tyler Wade","Yankees","2B/SS","600.3","441","($2.2)","($3.9)","($3.3)","$1.9","($3.7)","($11.2)","$7.9","($2.4)"
"Austin Hedges","Indians","C","592.2","198","($1.8)","($6.7)","($7.3)","($2.1)","($4.0)","($21.8)","$18.3","($2.5)"
"Robinson Chirinos","","C","353.4","256","($2.7)","($6.2)","($6.4)","($2.4)","($4.0)","($21.8)","$18.3","($2.5)"
"Chas McCormick","Astros","OF","999.0","378","($1.6)","($4.6)","($4.4)","$0.1","($4.0)","($14.5)","$10.9","($2.6)"
"Alex Avila","","C","596.9","243","($2.9)","($6.5)","($6.4)","($2.1)","($4.0)","($22.0)","$18.3","($2.6)"
"Kevin Newman","Pirates","2B/SS","195.9","392","$1.5","($5.0)","($4.2)","$0.8","($4.6)","($11.5)","$7.9","($2.6)"
"Tyler O'Neill","Cardinals","OF","506.6","301","($1.7)","($4.3)","($5.3)","($1.4)","($2.0)","($14.5)","$10.9","($2.6)"
"Richie Martin Jr.","Orioles","SS","600.0","532","($4.2)","($3.3)","($2.9)","$2.6","($3.7)","($11.5)","$7.9","($2.7)"
"Tyler Stephenson","Reds","C/DH","599.8","192","($0.5)","($7.1)","($7.5)","($2.4)","($4.6)","($22.1)","$18.3","($2.7)"
"Hanser Alberto","","2B","506.3","420","$2.3","($4.1)","($3.8)","($1.4)","($4.0)","($11.0)","$7.2","($2.8)"
"Todd Frazier","","3B","559.0","413","($2.6)","($2.8)","($3.5)","($1.7)","($1.4)","($12.0)","$8.0","($2.9)"
"Yusniel Diaz","Orioles","OF","999.0","336","($0.6)","($4.8)","($5.0)","($1.0)","($3.4)","($14.8)","$10.9","($3.0)"
"Austin Barnes","Dodgers","C","586.6","211","($1.6)","($7.1)","($7.0)","($1.7)","($4.9)","($22.3)","$18.3","($3.0)"
"Alex Jackson","Braves","C","999.0","196","($2.2)","($6.7)","($7.3)","($2.4)","($3.7)","($22.3)","$18.3","($3.0)"
"Curt Casali","","C","597.6","192","($1.2)","($7.1)","($7.5)","($2.1)","($4.6)","($22.3)","$18.3","($3.0)"
"Michael A. Taylor","Royals","OF","599.8","336","($2.1)","($4.8)","($5.1)","$0.8","($3.7)","($14.9)","$10.9","($3.0)"
"Jonathan Villar","","2B/SS","41.4","315","($0.3)","($5.7)","($4.8)","$2.9","($4.0)","($11.9)","$7.9","($3.0)"
"Tyler Heineman","","P/C","597.4","205","($0.6)","($7.1)","($7.5)","($2.1)","($5.2)","($22.4)","$18.3","($3.0)"
"Jacob Nottingham","Brewers","C","999.0","212","($2.3)","($6.8)","($7.3)","($1.7)","($4.3)","($22.4)","$18.3","($3.1)"
"Luis Garcia","Nationals","2B","999.0","420","$2.0","($4.0)","($4.4)","($0.6)","($4.3)","($11.3)","$7.2","($3.1)"
"Garrett Stubbs","Astros","C/OF","599.6","214","($1.8)","($7.2)","($7.3)","($1.0)","($5.2)","($22.5)","$18.3","($3.1)"
"Jarred Kelenic","","OF","583.9","329","($1.5)","($4.8)","($5.3)","($0.3)","($3.1)","($15.0)","$10.9","($3.2)"
"Tyler Flowers","","C","579.8","237","($2.3)","($6.7)","($6.9)","($2.4)","($4.3)","($22.5)","$18.3","($3.2)"
"Chad Wallach","Marlins","C","999.0","294","($3.6)","($6.2)","($6.4)","($2.1)","($4.3)","($22.6)","$18.3","($3.3)"
"Kevin Plawecki","Red Sox","C","600.5","179","($0.5)","($7.2)","($7.6)","($2.4)","($4.9)","($22.6)","$18.3","($3.3)"
"Brent Rooker","Twins","OF/DH","999.0","287","($0.7)","($4.6)","($5.3)","($2.1)","($2.5)","($15.2)","$10.9","($3.3)"
"Joey Bart","Giants","C","553.3","173","($0.2)","($7.2)","($7.9)","($2.4)","($4.9)","($22.6)","$18.3","($3.3)"
"Joey Wendle","Rays","2B/3B","585.2","399","$0.2","($4.4)","($4.2)","$0.8","($4.3)","($11.9)","$7.2","($3.7)"
"Manny Pina","Brewers","C","599.6","181","($1.0)","($7.2)","($7.7)","($2.4)","($4.9)","($23.3)","$18.3","($3.9)"
"Jake Rogers","Tigers","C","600.7","192","($2.0)","($7.1)","($7.6)","($2.4)","($4.3)","($23.4)","$18.3","($4.1)"
"Tyler Naquin","","OF","593.7","280","$0.1","($5.1)","($5.8)","($1.7)","($3.4)","($15.9)","$10.9","($4.1)"
"Anthony Bemboom","Angels","C","999.0","224","($2.4)","($6.9)","($7.2)","($2.1)","($4.9)","($23.4)","$18.3","($4.1)"
"Jake Lamb","","1B/3B/DH","537.7","399","($3.0)","($3.3)","($3.5)","($1.7)","($1.7)","($13.2)","$8.0","($4.2)"
"Yoshitomo Tsutsugo","Rays","DH","425.5","280","($1.0)","($4.8)","($5.3)","($2.4)","($2.5)","($16.1)","$10.9","($4.2)"
"Yolmer Sanchez","Orioles","P/2B/3B/SS/DH","999.0","490","($1.7)","($3.6)","($3.2)","($0.6)","($4.0)","($13.1)","$7.9","($4.2)"
"Edwin Encarnacion","","DH","162.2","294","($2.2)","($4.4)","($5.3)","($2.4)","($2.0)","($16.2)","$10.9","($4.3)"
"Tony Wolters","","C","574.2","243","($1.8)","($7.1)","($7.0)","($2.4)","($5.4)","($23.7)","$18.3","($4.4)"
"Rafael Marchan","Phillies","C","999.0","160","($0.4)","($7.8)","($8.0)","($2.1)","($5.4)","($23.7)","$18.3","($4.4)"
"Matt Wieters","","C","597.2","179","($1.8)","($7.2)","($7.7)","($2.4)","($4.6)","($23.8)","$18.3","($4.5)"
"Yu-Cheng Chang","Indians","2B/3B/SS","600.9","448","($3.0)","($3.3)","($3.2)","($1.0)","($2.8)","($13.3)","$7.9","($4.5)"
"Asdrubal Cabrera","","1B","543.4","364","($0.7)","($3.7)","($4.4)","($2.4)","($2.8)","($14.0)","$8.5","($4.5)"
"Matt Kemp","","DH","590.2","308","($1.4)","($4.7)","($5.4)","($2.1)","($2.8)","($16.4)","$10.9","($4.6)"
"Ryan Zimmerman","","1B/3B","577.0","329","($0.6)","($4.0)","($4.7)","($2.1)","($2.3)","($13.6)","$8.0","($4.6)"
"Tomas Nido","Mets","C","600.8","186","($1.5)","($7.2)","($7.9)","($2.4)","($4.9)","($24.0)","$18.3","($4.6)"
"Enrique Hernandez","","2B","564.7","343","($0.6)","($4.0)","($4.2)","($1.7)","($2.3)","($12.8)","$7.2","($4.6)"
"Tres Barrera","Nationals","C","999.0","166","($0.7)","($7.6)","($8.0)","($2.4)","($5.2)","($24.0)","$18.3","($4.7)"
"Jonah Heim","Athletics","C/DH","600.9","154","($0.2)","($7.8)","($8.2)","($2.4)","($5.4)","($24.0)","$18.3","($4.7)"
"Reese McGuire","Blue Jays","C","582.9","154","($1.0)","($7.8)","($8.2)","($2.1)","($5.2)","($24.2)","$18.3","($4.8)"
"Wander Franco","Rays","SS","999.0","420","($1.6)","($4.3)","($4.4)","$0.4","($4.0)","($13.8)","$7.9","($4.9)"
"Tony Kemp","Athletics","2B","594.9","406","($0.6)","($4.7)","($3.9)","$0.4","($4.6)","($13.3)","$7.2","($5.1)"
"Aristides Aquino","Reds","OF/DH","483.0","231","($1.2)","($5.3)","($6.3)","($1.7)","($2.5)","($17.0)","$10.9","($5.1)"
"Zack Collins","White Sox","C/1B/DH","600.9","141","($1.4)","($7.8)","($8.0)","($2.4)","($4.9)","($24.5)","$18.3","($5.2)"
"Jose Marmolejos","Mariners","OF","999.0","329","($0.9)","($4.8)","($5.5)","($2.4)","($3.4)","($17.1)","$10.9","($5.2)"
"Aramis Garcia","Rangers","C/1B","999.0","192","($2.4)","($7.4)","($7.9)","($2.4)","($4.6)","($24.6)","$18.3","($5.3)"
"Daniel Murphy","","1B","245.5","329","($0.1)","($4.3)","($5.0)","($2.4)","($3.1)","($14.9)","$8.5","($5.4)"
"Cam Gallagher","Royals","C","600.4","147","($0.5)","($8.1)","($8.3)","($2.4)","($5.4)","($24.8)","$18.3","($5.4)"
"Adley Rutschman","","C","599.2","102","($0.4)","($8.3)","($8.6)","($2.4)","($5.2)","($24.9)","$18.3","($5.6)"
"Billy McKinney","Brewers","OF","999.0","266","($1.0)","($5.4)","($5.8)","($2.1)","($3.1)","($17.5)","$10.9","($5.6)"
"Marwin Gonzalez","","2B/3B","547.6","385","($0.6)","($3.7)","($4.2)","($2.4)","($2.8)","($13.8)","$7.2","($5.6)"
"Austin Slater","Giants","OF/DH","999.0","259","($0.4)","($6.2)","($6.0)","($0.6)","($4.3)","($17.6)","$10.9","($5.7)"
"Dustin Garneau","","C","599.3","128","($1.1)","($8.1)","($8.5)","($2.4)","($5.2)","($25.2)","$18.3","($5.8)"
"Phillip Ervin","Cubs","OF","600.7","287","($1.5)","($5.8)","($5.7)","($0.6)","($4.3)","($17.9)","$10.9","($6.1)"
"Travis Shaw","","3B","434.5","336","($2.1)","($4.1)","($4.7)","($2.1)","($2.3)","($15.2)","$8.0","($6.2)"
"Rusney Castillo","","OF","999.0","266","$0.4","($6.1)","($6.4)","($1.4)","($4.6)","($18.1)","$10.9","($6.2)"
"Adam Engel","White Sox","OF","600.8","294","($1.7)","($5.7)","($5.8)","($0.6)","($4.3)","($18.2)","$10.9","($6.3)"
"Jake Marisnick","","OF","600.4","259","($1.9)","($5.8)","($6.3)","($0.6)","($3.7)","($18.3)","$10.9","($6.4)"
"Brian Goodwin","","OF","585.8","266","($1.7)","($5.8)","($6.1)","($1.0)","($3.7)","($18.3)","$10.9","($6.4)"
"Matt Joyce","","OF","600.4","266","($1.1)","($5.8)","($6.0)","($2.1)","($3.7)","($18.7)","$10.9","($6.8)"
"Justin Smoak","","1B","434.3","308","($2.4)","($4.6)","($5.1)","($2.4)","($2.5)","($17.0)","$8.5","($7.5)"
"Taylor Ward","Angels","OF","999.0","231","($1.0)","($6.2)","($6.6)","($1.4)","($4.3)","($19.4)","$10.9","($7.5)"
"Danny Santana","","1B/OF/DH","139.4","231","($1.7)","($6.4)","($6.7)","($0.6)","($4.0)","($19.4)","$10.9","($7.5)"
"Freddy Galvis","","SS","487.1","357","($1.7)","($4.7)","($5.0)","($1.7)","($3.4)","($16.5)","$7.9","($7.6)"
"Matt Beaty","Dodgers","1B/OF/DH","589.1","217","$0.1","($6.4)","($6.7)","($2.1)","($4.6)","($19.7)","$10.9","($7.8)"
"Daz Cameron","Tigers","OF","600.8","259","($1.7)","($6.2)","($6.6)","($0.6)","($4.6)","($19.7)","$10.9","($7.8)"
"Jedd Gyorko","","1B","599.8","245","($0.8)","($5.4)","($6.0)","($2.1)","($3.1)","($17.4)","$8.5","($7.9)"
"Mike Tauchman","Yankees","OF","558.8","231","($1.0)","($6.7)","($6.6)","($1.0)","($4.6)","($19.8)","$10.9","($7.9)"
"Ronnie Dawson","","OF","999.0","308","($4.2)","($5.8)","($6.0)","$0.1","($4.0)","($19.9)","$10.9","($8.0)"
"Jose Martinez","","DH","554.9","210","$0.0","($6.5)","($6.9)","($2.4)","($4.3)","($20.1)","$10.9","($8.2)"
"Delino DeShields","","OF","571.7","231","($1.4)","($7.2)","($6.9)","$0.8","($5.4)","($20.1)","$10.9","($8.2)"
"Yadiel Hernandez","Nationals","OF/DH","999.0","224","($0.6)","($6.4)","($6.9)","($2.1)","($4.3)","($20.2)","$10.9","($8.4)"
"Harold Castro","Tigers","1B/2B/3B/SS/OF/DH","600.9","343","$0.2","($5.5)","($5.8)","($1.4)","($4.9)","($17.4)","$7.9","($8.5)"
"Eric Thames","","1B","389.3","280","($2.3)","($5.1)","($5.7)","($2.1)","($2.8)","($18.0)","$8.5","($8.5)"
"Jason Kipnis","","2B","584.5","350","($2.3)","($4.6)","($4.8)","($1.7)","($3.4)","($16.8)","$7.2","($8.6)"
"Josh Harrison","Nationals","1B/2B/3B/OF/DH","600.8","315","($0.6)","($5.5)","($5.7)","($1.0)","($4.3)","($17.1)","$7.2","($8.9)"
"Cameron Maybin","","OF","551.7","224","($1.0)","($6.9)","($7.0)","($1.0)","($4.9)","($20.8)","$10.9","($8.9)"
"Albert Almora Jr.","","OF","598.8","210","$0.1","($6.8)","($7.2)","($2.1)","($4.9)","($20.8)","$10.9","($8.9)"
"Jarrod Dyson","","OF","444.0","210","($1.5)","($7.6)","($7.2)","$0.8","($5.4)","($21.0)","$10.9","($9.1)"
"Cedric Mullins II","Orioles","OF","599.7","182","($0.6)","($7.5)","($7.5)","($0.6)","($4.9)","($21.1)","$10.9","($9.2)"
"Christian Arroyo","Red Sox","2B/3B/SS","999.0","238","$0.1","($6.0)","($6.3)","($1.7)","($4.3)","($18.1)","$7.9","($9.3)"
"Pat Valaika","Orioles","SS","999.0","280","($1.6)","($5.4)","($6.1)","($2.1)","($3.1)","($18.4)","$7.9","($9.5)"
"Darin Ruf","Giants","OF","600.7","175","($0.2)","($7.1)","($7.6)","($2.1)","($4.6)","($21.5)","$10.9","($9.6)"
"Yonathan Daza","Rockies","OF","999.0","154","$1.3","($7.6)","($8.0)","($1.7)","($5.4)","($21.5)","$10.9","($9.6)"
"Ben Gamel","","OF","999.0","224","($0.6)","($7.1)","($7.0)","($1.7)","($5.2)","($21.6)","$10.9","($9.7)"
"Pavin Smith","Diamondbacks","1B/OF/DH","600.7","175","$0.5","($7.2)","($7.6)","($2.4)","($4.9)","($21.6)","$10.9","($9.8)"
"Shed Long","Mariners","2B","544.9","280","($1.4)","($6.0)","($6.0)","($0.6)","($4.0)","($18.0)","$7.2","($9.8)"
"Lewis Brinson","Marlins","OF","590.4","231","($2.3)","($6.7)","($7.2)","($1.4)","($4.3)","($21.7)","$10.9","($9.8)"
"Garrett Hampson","Rockies","2B/OF","175.1","238","($0.3)","($6.7)","($6.7)","$0.4","($4.9)","($18.2)","$7.2","($10.0)"
"Phillip Evans","Pirates","1B/3B/OF","999.0","259","($0.1)","($6.1)","($6.4)","($2.1)","($4.3)","($19.0)","$8.0","($10.0)"
"Andrew Vaughn","","1B","594.9","301","($3.0)","($5.5)","($5.8)","($1.7)","($3.7)","($19.8)","$8.5","($10.3)"
"Derek Dietrich","","1B/2B/3B/DH","600.4","259","($1.5)","($5.5)","($6.0)","($2.1)","($3.4)","($18.5)","$7.2","($10.3)"
"Steven Souza Jr.","","OF/DH","582.2","161","($0.9)","($7.4)","($7.7)","($1.7)","($4.6)","($22.3)","$10.9","($10.4)"
"Derek Fisher","Blue Jays","OF/DH","598.6","154","($1.1)","($7.5)","($7.7)","($1.7)","($4.6)","($22.6)","$10.9","($10.7)"
"Eric Sogard","","3B","582.7","266","($0.6)","($6.7)","($6.1)","($1.7)","($4.9)","($19.9)","$8.0","($10.9)"
"Taylor Trammell","Mariners","OF","999.0","217","($1.8)","($7.4)","($7.5)","($1.0)","($5.2)","($22.8)","$10.9","($10.9)"
"Tyrone Taylor","Brewers","OF","999.0","168","($0.9)","($7.4)","($7.9)","($2.1)","($4.6)","($22.8)","$10.9","($11.0)"
"Cole Tucker","Pirates","OF","597.7","182","($0.6)","($7.6)","($7.9)","($1.4)","($5.4)","($22.9)","$10.9","($11.0)"
"Jarren Duran","","OF","999.0","119","$0.5","($8.3)","($8.5)","($1.0)","($5.7)","($23.1)","$10.9","($11.2)"
"Thairo Estrada","Yankees","2B","599.3","273","($1.5)","($6.0)","($6.3)","($1.4)","($4.3)","($19.4)","$7.2","($11.2)"
"Trevor Larnach","","OF","600.6","140","$0.1","($7.6)","($8.0)","($2.4)","($5.2)","($23.1)","$10.9","($11.2)"
"Josh Rojas","Diamondbacks","2B/SS/OF/DH","589.5","203","($0.3)","($7.2)","($7.2)","($0.3)","($5.2)","($20.1)","$7.9","($11.2)"
"Abraham Almonte","Braves","OF/DH","999.0","175","($1.4)","($7.6)","($7.6)","($1.4)","($5.2)","($23.1)","$10.9","($11.2)"
"Brendan Rodgers","Rockies","2B/SS/DH","535.9","189","$0.6","($6.8)","($7.3)","($2.1)","($4.6)","($20.1)","$7.9","($11.3)"
"Isan Diaz","Marlins","2B","584.0","273","($1.8)","($6.0)","($6.3)","($1.7)","($3.7)","($19.5)","$7.2","($11.3)"
"Aledmys Diaz","Astros","1B/2B/3B/OF/DH","590.0","210","($0.3)","($6.2)","($6.9)","($2.1)","($4.3)","($19.8)","$7.2","($11.6)"
"Magneuris Sierra","Marlins","OF","595.7","154","($0.5)","($8.2)","($8.5)","($0.6)","($5.7)","($23.5)","$10.9","($11.6)"
"Brian O'Grady","Padres","1B/OF","600.5","140","($1.0)","($7.8)","($8.2)","($1.7)","($4.9)","($23.6)","$10.9","($11.7)"
"Phil Gosselin","","1B/2B/3B/OF/DH","999.0","287","($0.6)","($6.1)","($6.3)","($2.1)","($4.9)","($19.9)","$7.2","($11.7)"
"Jared Oliva","Pirates","OF","999.0","119","$0.0","($8.3)","($8.6)","($1.0)","($5.7)","($23.6)","$10.9","($11.8)"
"Austin Dean","Cardinals","1B/OF","999.0","126","$0.2","($7.9)","($8.3)","($2.4)","($5.2)","($23.7)","$10.9","($11.8)"
"Billy Hamilton","","OF","580.9","154","($1.4)","($8.3)","($8.3)","$0.4","($6.0)","($23.7)","$10.9","($11.8)"
"Yasmany Tomas","","OF","999.0","140","($0.9)","($7.5)","($8.3)","($2.4)","($4.6)","($23.7)","$10.9","($11.8)"
"Dee Gordon","","2B/SS/OF/DH","481.6","203","$0.3","($7.5)","($7.6)","$0.1","($6.0)","($20.7)","$7.9","($11.8)"
"Brian Dozier","","2B/DH","599.0","224","($1.5)","($6.4)","($6.7)","($1.7)","($3.7)","($20.0)","$7.2","($11.8)"
"Josh Palacios","Blue Jays","OF","999.0","154","($0.6)","($7.9)","($8.0)","($1.7)","($5.4)","($23.8)","$10.9","($11.9)"
"Travis Demeritte","Tigers","P/OF/DH","601.0","140","($0.8)","($7.6)","($8.2)","($2.4)","($4.9)","($23.9)","$10.9","($12.0)"
"Lane Thomas","Cardinals","OF","595.5","126","($0.5)","($8.1)","($8.5)","($1.7)","($5.2)","($23.9)","$10.9","($12.1)"
"Leury Garcia","White Sox","2B/SS/OF","570.8","210","($0.1)","($7.4)","($7.0)","($1.4)","($5.2)","($20.9)","$7.9","($12.1)"
"Eli White","Rangers","OF/DH","999.0","175","($1.4)","($7.8)","($8.0)","($1.4)","($5.4)","($24.0)","$10.9","($12.1)"
"Greg Allen","Padres","OF","599.8","147","($0.8)","($8.2)","($8.3)","($1.0)","($5.7)","($24.0)","$10.9","($12.1)"
"Kyle Farmer","Reds","1B/2B/3B/SS/OF","600.9","237","($1.2)","($6.5)","($7.0)","($1.7)","($4.6)","($21.0)","$7.9","($12.1)"
"Johan Camargo","Braves","2B","573.7","210","($0.2)","($6.5)","($7.0)","($2.4)","($4.3)","($20.4)","$7.2","($12.2)"
"Ka'ai Tom","Athletics","OF","999.0","154","($1.1)","($7.8)","($8.0)","($2.1)","($5.2)","($24.1)","$10.9","($12.3)"
"Nick Heath","Royals","OF/DH","999.0","119","($1.1)","($8.6)","($8.8)","$0.1","($5.7)","($24.2)","$10.9","($12.3)"
"Jon Jay","","OF/DH","999.0","168","($0.1)","($7.9)","($8.0)","($2.4)","($5.7)","($24.2)","$10.9","($12.3)"
"Santiago Espinal","Blue Jays","SS","999.0","203","$0.0","($7.2)","($7.3)","($1.4)","($5.4)","($21.3)","$7.9","($12.4)"
"Logan Morrison","","1B/DH","600.2","154","($1.0)","($7.1)","($7.6)","($2.4)","($4.0)","($22.1)","$8.5","($12.6)"
"Jonathan Davis","Blue Jays","OF","999.0","126","($0.7)","($8.2)","($8.5)","($1.7)","($5.4)","($24.5)","$10.9","($12.6)"
"Owen Miller","","2B/SS","999.0","203","$0.1","($7.1)","($7.3)","($2.1)","($5.2)","($21.5)","$7.9","($12.7)"
"Vimael Machin","Athletics","1B/2B/3B/SS/DH","999.0","224","($0.3)","($7.1)","($7.0)","($2.1)","($5.2)","($21.6)","$7.9","($12.7)"
"Josh VanMeter","Diamondbacks","1B/2B/3B/DH","599.4","189","($0.3)","($7.1)","($7.3)","($1.4)","($4.9)","($20.9)","$7.2","($12.7)"
"Pablo Sandoval","","1B/3B/DH","596.7","161","($0.4)","($6.9)","($7.7)","($2.4)","($4.3)","($21.8)","$8.0","($12.8)"
"LaMonte Wade Jr.","Twins","1B/OF","999.0","119","($0.1)","($8.3)","($8.5)","($2.1)","($5.7)","($24.7)","$10.9","($12.8)"
"Mark Payton","Reds","OF/DH","999.0","119","($0.7)","($8.2)","($8.6)","($2.1)","($5.2)","($24.7)","$10.9","($12.8)"
"Guillermo Heredia","Mets","OF","600.8","168","($1.4)","($7.8)","($8.0)","($2.1)","($5.4)","($24.7)","$10.9","($12.8)"
"Steven Duggar","Giants","OF","600.8","147","($0.8)","($8.2)","($8.3)","($1.7)","($5.7)","($24.7)","$10.9","($12.9)"
"Tim Lopes","Brewers","OF","594.0","105","($0.1)","($8.6)","($8.9)","($1.4)","($5.7)","($24.7)","$10.9","($12.9)"
"Ryan McBroom","Royals","1B/OF/DH","598.5","112","($0.3)","($8.2)","($8.8)","($2.4)","($5.2)","($24.8)","$10.9","($12.9)"
"Joe Panik","","2B/3B/SS/DH","999.0","210","($0.2)","($7.2)","($7.2)","($2.1)","($5.2)","($21.8)","$7.9","($13.0)"
"Harold Ramirez","Marlins","OF","599.1","119","($0.1)","($8.3)","($8.8)","($2.4)","($5.4)","($25.1)","$10.9","($13.2)"
"Mark Trumbo","","1B/DH/OF","999.0","105","($0.9)","($8.2)","($8.8)","($2.4)","($4.9)","($25.2)","$10.9","($13.3)"
"Brock Holt","","P/1B/3B/OF/DH","599.0","238","($1.2)","($6.9)","($7.0)","($2.1)","($5.2)","($22.3)","$8.0","($13.3)"
"Royce Lewis","","SS","999.0","168","($0.4)","($7.5)","($7.7)","($1.4)","($5.2)","($22.2)","$7.9","($13.3)"
"Mickey Moniak","Phillies","OF/DH","999.0","133","($0.9)","($8.2)","($8.6)","($2.1)","($5.4)","($25.2)","$10.9","($13.3)"
"Mike Ford","Yankees","1B/DH","594.0","126","($0.3)","($7.5)","($8.0)","($2.4)","($4.6)","($22.9)","$8.5","($13.4)"
"Seth Brown","Athletics","1B/DH","597.7","189","($1.6)","($7.1)","($7.6)","($2.1)","($4.6)","($22.9)","$8.5","($13.4)"
"Edmundo Sosa","Cardinals","2B","999.0","231","($0.8)","($6.8)","($7.2)","($2.1)","($4.9)","($21.7)","$7.2","($13.5)"
"Max Schrock","Cubs","P/2B/3B/DH","999.0","217","($0.4)","($7.2)","($7.3)","($1.4)","($5.4)","($21.8)","$7.2","($13.6)"
"Luis Guillorme","Mets","P/2B/3B/SS","999.0","203","($0.4)","($7.5)","($7.5)","($1.7)","($5.4)","($22.5)","$7.9","($13.7)"
"Ronald Guzman","Rangers","1B","598.1","168","($1.1)","($7.4)","($7.9)","($2.4)","($4.6)","($23.3)","$8.5","($13.8)"
"Mark Mathias","Brewers","1B/2B/OF/DH","999.0","210","($1.1)","($7.1)","($7.3)","($1.4)","($5.2)","($22.0)","$7.2","($13.8)"
"Mike Brosseau","Rays","P/1B/2B/3B/OF","999.0","161","($0.4)","($7.4)","($7.9)","($2.1)","($4.6)","($22.3)","$7.2","($14.1)"
"Jorge Mateo","Padres","2B/OF/DH","577.3","189","($1.6)","($7.4)","($7.7)","($0.6)","($5.2)","($22.5)","$7.2","($14.3)"
"Ramon Urias","Orioles","2B/SS","999.0","154","($0.1)","($7.6)","($8.0)","($2.4)","($5.2)","($23.4)","$7.9","($14.5)"
"Ehire Adrianza","","3B","596.0","189","($0.8)","($7.5)","($7.7)","($2.1)","($5.4)","($23.6)","$8.0","($14.6)"
"Ryan O'Hearn","Royals","1B","591.2","140","($0.9)","($7.6)","($8.2)","($2.8)","($4.6)","($24.1)","$8.5","($14.6)"
"Brandon Snyder","","1B/3B","999.0","119","($0.3)","($8.1)","($8.3)","($2.1)","($5.2)","($23.9)","$8.0","($14.9)"
"Abraham Toro","Astros","1B/2B/3B/DH","599.5","140","($0.5)","($7.6)","($8.0)","($2.1)","($4.9)","($23.1)","$7.2","($14.9)"
"Sheldon Neuse","Athletics","2B","600.5","196","($0.8)","($7.2)","($7.6)","($2.4)","($5.2)","($23.2)","$7.2","($15.0)"
"Matt Duffy","Cubs","3B","601.0","168","($0.3)","($7.9)","($8.0)","($2.1)","($5.7)","($24.0)","$8.0","($15.0)"
"Wyatt Mathisen","Diamondbacks","3B/DH","999.0","140","($0.9)","($7.8)","($8.2)","($2.4)","($4.9)","($24.1)","$8.0","($15.1)"
"Travis Blankenhorn","Twins","2B","999.0","133","($0.1)","($7.8)","($8.3)","($2.1)","($5.2)","($23.4)","$7.2","($15.2)"
"Jasrado Chisholm","Marlins","2B/SS","999.0","147","($1.5)","($7.8)","($8.3)","($1.7)","($4.9)","($24.2)","$7.9","($15.4)"
"Jason Vosler","Giants","3B","999.0","161","($1.4)","($7.6)","($8.2)","($2.4)","($4.9)","($24.5)","$8.0","($15.4)"
"Jeter Downs","","2B/SS","600.2","112","($0.3)","($8.3)","($8.6)","($1.7)","($5.4)","($24.4)","$7.9","($15.5)"
"Miguel Andujar","Yankees","3B/OF/DH","285.6","84","$0.2","($8.3)","($8.9)","($2.4)","($5.2)","($24.6)","$8.0","($15.6)"
"Rylan Bannon","Orioles","2B/3B","999.0","147","($0.4)","($7.9)","($8.2)","($2.1)","($5.2)","($23.8)","$7.2","($15.6)"
"Zach McKinstry","Dodgers","2B/OF/DH","999.0","154","($0.8)","($7.8)","($8.0)","($2.1)","($5.2)","($23.8)","$7.2","($15.6)"
"Austin Listi","","1B/3B/OF","999.0","126","($0.7)","($7.9)","($8.5)","($2.4)","($5.2)","($24.7)","$8.0","($15.7)"
"Bobby Bradley","Indians","1B/DH","999.0","98","($0.7)","($8.1)","($8.8)","($2.8)","($4.9)","($25.2)","$8.5","($15.7)"
"Kyle Holder","Phillies","SS","999.0","182","($1.2)","($7.8)","($8.0)","($2.1)","($5.4)","($24.6)","$7.9","($15.7)"
"Lucas Erceg","Brewers","3B","999.0","140","($1.2)","($7.9)","($8.3)","($2.4)","($4.9)","($24.8)","$8.0","($15.7)"
"Matt Adams","","1B/DH","600.1","98","($0.7)","($8.1)","($8.8)","($2.8)","($4.9)","($25.2)","$8.5","($15.7)"
"Adeiny Hechavarria","","2B/3B/SS/DH","600.6","140","($0.6)","($8.1)","($8.5)","($2.4)","($5.4)","($25.0)","$7.9","($16.1)"
"Franklin Barreto","Angels","2B/3B/SS/OF/DH","577.2","112","($0.8)","($8.2)","($8.8)","($2.1)","($5.2)","($25.0)","$7.9","($16.2)"
"Jose Peraza","","2B","298.0","119","$0.2","($8.3)","($8.8)","($1.7)","($5.7)","($24.4)","$7.2","($16.2)"
"Ildemaro Vargas","Cubs","1B/2B/3B","600.3","126","$0.2","($8.2)","($8.6)","($2.4)","($5.7)","($24.8)","$7.2","($16.6)"
"Logan Forsythe","","P/1B/2B/DH","999.0","175","($1.3)","($7.8)","($7.9)","($2.4)","($5.4)","($24.8)","$7.2","($16.6)"
"Sergio Alcantara","Tigers","2B/3B","999.0","140","($0.3)","($8.3)","($8.5)","($2.1)","($5.7)","($24.9)","$7.2","($16.7)"
"Vidal Brujan","Rays","2B","999.0","91","($0.3)","($8.8)","($9.1)","($1.0)","($6.0)","($25.1)","$7.2","($16.9)"
