"PlayerName","Team","POS","ADP","IP","mW","mSV","mERA","mWHIP","mSO","PTS","aPOS","Dollars"
"Jacob deGrom","Mets","SP","9.3","203","$5.1","($1.3)","$11.6","$13.0","$6.8","$35.1","$6.6","$42.7"
"Shane Bieber","Indians","SP","23.8","205","$5.1","($1.3)","$8.3","$10.5","$6.1","$28.6","$6.6","$36.1"
"Gerrit Cole","Yankees","SP","4.8","204","$5.1","($1.3)","$5.3","$10.1","$6.8","$26.0","$6.6","$33.6"
"Max Scherzer","Nationals","SP","14.4","189","$3.8","($1.3)","$5.4","$8.5","$5.2","$21.6","$6.6","$29.2"
"Yu Darvish","Cubs","SP","52.4","189","$3.8","($1.3)","$3.6","$5.3","$4.8","$16.2","$6.6","$23.7"
"Walker Buehler","Dodgers","SP","16.9","185","$3.8","($1.3)","$3.7","$5.3","$3.9","$15.4","$6.6","$22.9"
"Dinelson Lamet","Padres","SP","129.5","173","$3.2","($1.3)","$4.4","$4.7","$4.4","$15.3","$6.6","$22.9"
"Clayton Kershaw","Dodgers","SP","32.3","178","$3.8","($1.3)","$4.5","$4.8","$2.8","$14.5","$6.6","$22.1"
"Blake Snell","Rays","SP","47.6","166","$3.2","($1.3)","$5.2","$3.3","$3.8","$14.2","$6.6","$21.7"
"Tyler Glasnow","Rays","SP","63.6","169","$3.2","($1.3)","$4.0","$3.8","$4.4","$14.0","$6.6","$21.6"
"Luis Castillo","Reds","SP","39.1","184","$3.2","($1.3)","$3.9","$1.8","$4.0","$11.6","$6.6","$19.1"
"Chris Sale","Red Sox","SP","597.2","112","$1.3","($1.3)","$4.1","$6.2","$1.2","$11.4","$6.6","$19.0"
"Edwin Diaz","Mets","RP","113.7","63","($1.9)","$7.1","$3.5","$3.1","($1.2)","$10.5","$6.6","$18.1"
"Carlos Carrasco","Indians","SP","124.0","174","$3.2","($1.3)","$1.8","$3.4","$3.3","$10.4","$6.6","$18.0"
"Brandon Woodruff","Brewers","SP","80.5","185","$3.2","($1.3)","$2.3","$2.4","$3.8","$10.3","$6.6","$17.9"
"Trevor Bauer","","SP","78.4","206","$3.8","($1.3)","$0.2","$1.8","$5.1","$9.6","$6.6","$17.2"
"Aroldis Chapman","Yankees","RP","84.7","63","($1.9)","$7.1","$3.0","$2.0","($1.3)","$9.0","$6.6","$16.5"
"Charlie Morton","Braves","SP","47.7","168","$3.2","($1.3)","$2.9","$1.6","$2.6","$8.9","$6.6","$16.5"
"Kevin Gausman","Giants","SP","445.3","170","$2.5","($1.3)","$2.4","$2.6","$2.5","$8.7","$6.6","$16.2"
"Framber Valdez","Astros","SP","584.4","171","$3.8","($1.3)","$4.4","($1.3)","$2.5","$8.0","$6.6","$15.6"
"Jesus Luzardo","Athletics","SP","119.9","175","$3.2","($1.3)","$2.0","$1.4","$2.6","$7.9","$6.6","$15.5"
"Aaron Nola","Phillies","SP","62.5","190","$3.2","($1.3)","$1.9","$0.1","$3.9","$7.8","$6.6","$15.4"
"Jack Flaherty","Cardinals","SP","22.4","182","$2.5","($1.3)","$1.2","$1.1","$3.7","$7.2","$6.6","$14.8"
"Lance McCullers Jr.","Astros","SP","153.6","171","$3.2","($1.3)","$2.6","($0.5)","$2.4","$6.3","$6.6","$13.9"
"Ryan Pressly","Astros","RP","286.2","63","($1.9)","$7.1","$1.7","$1.5","($2.1)","$6.2","$6.6","$13.8"
"James Karinchak","Indians","RP","393.9","63","($1.9)","$7.1","$2.1","$0.2","($1.3)","$6.1","$6.6","$13.7"
"Josh Hader","Brewers","RP","42.7","63","($2.5)","$5.4","$2.1","$2.3","($1.2)","$6.1","$6.6","$13.7"
"Lucas Giolito","White Sox","SP","44.4","185","$3.2","($1.3)","($0.9)","$0.8","$4.4","$6.0","$6.6","$13.6"
"Craig Kimbrel","Cubs","RP","132.5","63","($2.5)","$7.3","$1.7","$1.0","($1.4)","$6.0","$6.6","$13.6"
"Andrew Heaney","Angels","SP","194.8","172","$3.2","($1.3)","($0.9)","$2.5","$2.6","$6.0","$6.6","$13.5"
"Nathan Eovaldi","Red Sox","SP","269.2","171","$3.2","($1.3)","($0.2)","$1.1","$2.6","$5.4","$6.6","$12.9"
"Raisel Iglesias","Angels","RP","115.7","63","($2.5)","$6.8","$1.2","$1.5","($2.1)","$4.8","$6.6","$12.4"
"Corey Kluber","Rangers","SP","91.4","148","$1.9","($1.3)","$0.5","$2.3","$1.4","$4.8","$6.6","$12.4"
"Chris Paddack","Padres","SP","50.0","155","$1.9","($1.3)","$0.2","$2.5","$1.5","$4.7","$6.6","$12.3"
"Matt Barnes","Red Sox","RP","500.0","63","($1.9)","$7.3","$1.2","($0.3)","($1.8)","$4.5","$6.6","$12.1"
"Nick Anderson","Rays","RP","122.5","63","($1.9)","$3.0","$2.1","$2.8","($1.5)","$4.5","$6.6","$12.1"
"Taylor Rogers","Twins","RP","84.5","63","($1.9)","$6.2","$1.2","$1.0","($2.2)","$4.3","$6.6","$11.9"
"Hyun-Jin Ryu","Blue Jays","SP","146.0","189","$3.8","($1.3)","($0.6)","$0.0","$2.2","$4.2","$6.6","$11.8"
"Max Fried","Braves","SP","138.6","171","$3.2","($1.3)","$2.6","($2.4)","$1.9","$3.9","$6.6","$11.5"
"Adrian Morejon","Padres","SP","600.7","140","$1.9","($1.3)","$2.1","($0.2)","$1.4","$3.9","$6.6","$11.5"
"Stephen Strasburg","Nationals","SP","27.6","163","$1.9","($1.3)","$0.4","$1.0","$1.8","$3.9","$6.6","$11.4"
"Jose Berrios","Twins","SP","67.3","188","$3.8","($1.3)","($2.2)","($0.1)","$3.2","$3.5","$6.6","$11.0"
"Zac Gallen","Diamondbacks","SP","121.8","178","$2.5","($1.3)","($0.6)","($0.5)","$3.2","$3.3","$6.6","$10.9"
"Lance Lynn","White Sox","SP","107.9","191","$3.2","($1.3)","($2.0)","($0.4)","$3.8","$3.3","$6.6","$10.9"
"Dustin May","Dodgers","SP","248.1","144","$1.9","($1.3)","$1.5","$0.4","$0.5","$3.0","$6.6","$10.6"
"Zack Wheeler","Phillies","SP","154.5","191","$2.5","($1.3)","($1.1)","$0.2","$2.6","$3.0","$6.6","$10.5"
"Patrick Corbin","Nationals","SP","46.8","190","$3.2","($1.3)","$0.1","($1.8)","$2.7","$2.9","$6.6","$10.5"
"Zack Greinke","Astros","SP","60.6","191","$3.2","($1.3)","($2.4)","$1.2","$2.1","$2.7","$6.6","$10.3"
"James Paxton","","SP","102.5","169","$2.5","($1.3)","($1.1)","$0.1","$2.4","$2.6","$6.6","$10.2"
"Masahiro Tanaka","","SP","235.3","176","$2.5","($1.3)","($1.4)","$1.2","$1.7","$2.6","$6.6","$10.2"
"Pablo Lopez","Marlins","SP","461.3","179","$1.9","($1.3)","$0.6","($0.5)","$1.8","$2.5","$6.6","$10.1"
"Drew Pomeranz","Padres","RP","434.6","63","($2.5)","$4.9","$1.7","$0.4","($2.0)","$2.5","$6.6","$10.1"
"Drew Smyly","Braves","SP","559.5","152","$1.9","($1.3)","($1.4)","$0.2","$2.5","$1.9","$6.6","$9.5"
"David Price","Dodgers","SP","567.4","135","$1.9","($1.3)","$0.1","$0.5","$0.7","$1.9","$6.6","$9.5"
"Corbin Burnes","Brewers","SP","290.0","158","$1.9","($1.3)","($0.1)","($1.2)","$2.6","$1.8","$6.6","$9.4"
"German Marquez","Rockies","SP","197.0","192","$3.2","($1.3)","($1.8)","($1.3)","$3.0","$1.7","$6.6","$9.3"
"Liam Hendriks","","RP","75.8","70","($1.9)","($1.3)","$2.7","$3.3","($1.3)","$1.5","$6.6","$9.1"
"Sonny Gray","Reds","SP","91.1","181","$2.5","($1.3)","$0.1","($3.0)","$3.2","$1.5","$6.6","$9.1"
"Rafael Montero","Mariners","RP","564.9","63","($2.5)","$5.4","$0.3","$0.4","($2.2)","$1.4","$6.6","$9.0"
"Chris Martin","Braves","RP","592.6","63","($2.5)","$4.4","$0.7","$1.2","($2.5)","$1.3","$6.6","$8.9"
"Luis Severino","Yankees","SP","194.4","101","$0.0","($1.3)","$0.8","$1.9","($0.3)","$1.2","$6.6","$8.7"
"Aaron Bummer","White Sox","RP","516.9","63","($1.9)","$3.5","$2.1","($0.3)","($2.3)","$1.1","$6.6","$8.7"
"Kenta Maeda","Twins","SP","141.9","181","$3.2","($1.3)","($3.2)","($0.6)","$3.0","$1.1","$6.6","$8.7"
"Jose Leclerc","Rangers","RP","150.3","60","($2.5)","$4.9","$0.6","($0.3)","($1.9)","$0.7","$6.6","$8.3"
"Tanner Rainey","Nationals","RP","598.6","63","($2.5)","$6.2","$0.7","($1.9)","($1.8)","$0.7","$6.6","$8.3"
"Jake Diekman","Athletics","RP","600.5","63","($2.5)","$4.1","$1.7","($0.6)","($1.9)","$0.7","$6.6","$8.2"
"Jordan Romano","Blue Jays","RP","600.1","63","($2.5)","$5.7","($0.2)","($0.1)","($2.3)","$0.6","$6.6","$8.2"
"Kyle Hendricks","Cubs","SP","148.6","190","$2.5","($1.3)","($2.2)","$0.1","$1.5","$0.6","$6.6","$8.2"
"Yusei Kikuchi","Mariners","SP","503.0","167","$1.9","($1.3)","($0.6)","($1.1)","$1.6","$0.5","$6.6","$8.1"
"Sixto Sanchez","Marlins","SP","587.9","147","$1.3","($1.3)","$0.8","($0.7)","$0.5","$0.5","$6.6","$8.1"
"Hector Neris","Phillies","RP","115.0","63","($2.5)","$6.2","($0.6)","($0.6)","($2.2)","$0.3","$6.6","$7.8"
"Dylan Bundy","Angels","SP","212.7","184","$3.2","($1.3)","($3.9)","($0.4)","$2.6","$0.1","$6.6","$7.7"
"Kenley Jansen","Dodgers","RP","86.3","63","($2.5)","$4.9","($0.6)","$0.7","($2.4)","$0.0","$6.6","$7.6"
"Tony Gonsolin","Dodgers","SP","555.4","121","$0.6","($1.3)","($0.5)","$0.8","$0.2","($0.2)","$6.6","$7.4"
"Noah Syndergaard","Mets","SP","598.2","114","$0.0","($1.3)","$0.3","$1.1","($0.4)","($0.3)","$6.6","$7.3"
"Yimi Garcia","Marlins","RP","598.3","63","($2.5)","$5.7","($0.6)","($0.3)","($2.6)","($0.4)","$6.6","$7.2"
"Peter Fairbanks","Rays","RP","600.2","60","($2.5)","$1.1","$1.9","$1.0","($1.9)","($0.4)","$6.6","$7.2"
"Joe Musgrove","Pirates","SP","203.6","182","$1.9","($1.3)","($2.0)","($1.3)","$2.3","($0.5)","$6.6","$7.1"
"Brusdar Graterol","Dodgers","RP","578.0","63","($1.9)","$1.4","$1.7","$0.7","($2.4)","($0.5)","$6.6","$7.0"
"Seth Lugo","Mets","SP","263.0","144","$1.3","($1.3)","($1.2)","($0.4)","$1.0","($0.7)","$6.6","$6.9"
"Frankie Montas","Athletics","SP","91.5","154","$1.9","($1.3)","($1.4)","($1.3)","$1.3","($0.8)","$6.6","$6.8"
"Eduardo Rodriguez","Red Sox","SP","171.6","152","$1.9","($1.3)","($1.4)","($1.9)","$1.8","($0.9)","$6.6","$6.7"
"Daniel Bard","Rockies","RP","999.0","61","($2.5)","$5.4","($0.6)","($1.0)","($2.4)","($1.2)","$6.6","$6.4"
"Richard Rodriguez","Pirates","RP","596.5","63","($2.5)","$4.6","($0.6)","($0.3)","($2.4)","($1.3)","$6.6","$6.3"
"Sean Manaea","Athletics","SP","181.9","158","$1.9","($1.3)","($2.0)","($0.7)","$0.7","($1.4)","$6.6","$6.2"
"Jordan Montgomery","Yankees","SP","293.3","166","$2.5","($1.3)","($3.5)","($1.2)","$2.0","($1.5)","$6.6","$6.1"
"Will Smith","Braves","RP","192.4","63","($2.5)","$0.8","$1.2","$1.0","($2.0)","($1.5)","$6.6","$6.1"
"Matthew Boyd","Tigers","SP","152.0","172","$1.9","($1.3)","($4.6)","($0.2)","$2.5","($1.7)","$6.6","$5.9"
"Trevor May","Mets","RP","563.7","64","($2.5)","($0.2)","$1.4","$1.3","($1.7)","($1.7)","$6.6","$5.9"
"Amir Garrett","Reds","RP","592.7","63","($2.5)","$4.1","($0.2)","($1.1)","($2.1)","($1.8)","$6.6","$5.7"
"Chris Bassitt","Athletics","SP","382.0","176","$2.5","($1.3)","($3.3)","($1.5)","$1.6","($1.9)","$6.6","$5.6"
"Diego Castillo","Rays","RP","344.8","63","($2.5)","$0.6","$1.7","$0.4","($2.2)","($2.0)","$6.6","$5.6"
"Marco Gonzales","Mariners","SP","496.0","180","$1.9","($1.3)","($2.9)","($0.9)","$1.0","($2.3)","$6.6","$5.3"
"Emilio Pagan","Padres","RP","298.9","63","($2.5)","$1.1","$0.3","$1.0","($2.2)","($2.4)","$6.6","$5.2"
"Stefan Crichton","Diamondbacks","RP","999.0","63","($2.5)","$4.9","($0.6)","($1.7)","($2.9)","($2.9)","$6.6","$4.7"
"Alex Reyes","Cardinals","RP","571.4","58","($2.5)","$2.5","$0.6","($1.2)","($2.2)","($3.0)","$6.6","$4.6"
"A.J. Puk","Athletics","SP","279.7","81","($1.3)","($1.3)","$0.8","($0.1)","($1.3)","($3.1)","$6.6","$4.4"
"Jake Odorizzi","","SP","178.0","160","$1.9","($1.3)","($4.3)","($1.6)","$2.1","($3.3)","$6.6","$4.3"
"Lucas Sims","Reds","RP","600.9","63","($2.5)","$1.7","($0.2)","($0.3)","($2.0)","($3.4)","$6.6","$4.2"
"Griffin Canning","Angels","SP","298.4","156","$1.9","($1.3)","($3.3)","($2.2)","$1.5","($3.4)","$6.6","$4.2"
"Marcus Stroman","Mets","SP","233.3","174","$2.5","($1.3)","($0.5)","($5.1)","$0.9","($3.4)","$6.6","$4.1"
"Matt Wisler","Giants","RP","999.0","63","($2.5)","$0.8","$0.3","$0.4","($2.5)","($3.5)","$6.6","$4.1"
"Giovanny Gallegos","Cardinals","RP","209.4","63","($2.5)","$0.6","$0.3","$0.4","($2.2)","($3.5)","$6.6","$4.1"
"Kirby Yates","","RP","60.0","60","($2.5)","($1.3)","$1.0","$1.3","($2.0)","($3.6)","$6.6","$4.0"
"Chad Green","Yankees","RP","564.2","56","($2.5)","($1.3)","$0.7","$1.8","($2.2)","($3.6)","$6.6","$4.0"
"Julio Urias","Dodgers","SP","124.7","153","$1.9","($1.3)","($2.6)","($2.7)","$1.0","($3.7)","$6.6","$3.9"
"Robbie Ray","Blue Jays","SP","152.6","163","$2.5","($1.3)","($3.7)","($4.8)","$3.6","($3.7)","$6.6","$3.9"
"Kwang-hyun Kim","Cardinals","SP","366.6","185","$2.5","($1.3)","($2.3)","($4.0)","$1.4","($3.7)","$6.6","$3.9"
"Jordan Hicks","Cardinals","RP","558.1","50","($2.5)","$0.6","$1.7","($0.8)","($2.7)","($3.8)","$6.6","$3.8"
"Reyes Moronta","Giants","RP","600.9","56","($2.5)","$1.4","$0.7","($0.9)","($2.5)","($3.8)","$6.6","$3.7"
"Devin Williams","Brewers","RP","999.0","63","($2.5)","($0.5)","$1.2","($0.3)","($1.8)","($4.0)","$6.6","$3.6"
"Patrick Sandoval","Angels","SP","591.2","132","$1.3","($1.3)","($1.0)","($3.2)","$0.2","($4.0)","$6.6","$3.6"
"Chris Archer","","SP","511.5","154","$1.3","($1.3)","($3.7)","($2.1)","$1.8","($4.0)","$6.6","$3.5"
"Jonathan Loaisiga","Yankees","SP","563.7","81","($1.3)","($1.3)","($0.1)","($0.1)","($1.3)","($4.1)","$6.6","$3.5"
"Austin Adams","Padres","RP","532.7","55","($2.5)","($1.3)","$1.8","$0.1","($2.2)","($4.2)","$6.6","$3.4"
"Anthony DeSclafani","Giants","SP","252.4","163","$1.3","($1.3)","($3.2)","($1.9)","$1.0","($4.2)","$6.6","$3.4"
"Hunter Harvey","Orioles","RP","333.9","63","($2.5)","$4.6","($2.0)","($1.7)","($2.6)","($4.2)","$6.6","$3.4"
"Tarik Skubal","Tigers","SP","999.0","141","$0.6","($1.3)","($3.2)","($1.7)","$1.4","($4.2)","$6.6","$3.4"
"Jose Alvarado","Rays","RP","516.8","55","($2.5)","($0.8)","$1.8","($0.4)","($2.3)","($4.2)","$6.6","$3.3"
"Jose Urquidy","Astros","SP","274.2","156","$1.9","($1.3)","($4.7)","($1.1)","$0.9","($4.3)","$6.6","$3.3"
"Ian Anderson","Braves","SP","589.7","147","$1.3","($1.3)","($1.5)","($4.4)","$1.5","($4.5)","$6.6","$3.1"
"Freddy Peralta","Brewers","SP","370.3","109","($0.6)","($1.3)","($1.6)","($1.4)","$0.4","($4.6)","$6.6","$3.0"
"Kevin Ginkel","Diamondbacks","RP","552.6","63","($2.5)","$0.8","($0.2)","($0.6)","($2.1)","($4.6)","$6.6","$3.0"
"Trevor Rogers","Marlins","SP","999.0","103","($0.6)","($1.3)","($0.1)","($1.6)","($0.9)","($4.6)","$6.6","$3.0"
"Mike Soroka","Braves","SP","112.1","148","$1.3","($1.3)","($1.3)","($3.3)","$0.0","($4.7)","$6.6","$2.9"
"Tanner Scott","Orioles","RP","999.0","63","($2.5)","($0.2)","$1.2","($1.1)","($2.0)","($4.7)","$6.6","$2.8"
"Josh Staumont","Royals","RP","600.6","63","($2.5)","$1.7","($0.2)","($1.9)","($1.9)","($4.9)","$6.6","$2.6"
"Felix Pena","Angels","RP","600.5","60","($2.5)","($1.0)","$0.6","$0.5","($2.5)","($5.0)","$6.6","$2.5"
"Brad Hand","","RP","95.6","65","($2.5)","($1.3)","$0.2","$0.6","($2.0)","($5.0)","$6.6","$2.5"
"Elieser Hernandez","Marlins","SP","581.2","153","$0.6","($1.3)","($4.4)","($1.3)","$1.3","($5.1)","$6.6","$2.5"
"Tyler Matzek","Braves","RP","999.0","56","($2.5)","($1.3)","$1.1","($0.1)","($2.3)","($5.1)","$6.6","$2.4"
"Emmanuel Clase","Indians","RP","596.4","56","($2.5)","($1.3)","$1.1","$0.2","($2.6)","($5.2)","$6.6","$2.4"
"Jonathan Hernandez","Rangers","RP","598.6","63","($2.5)","$0.3","$0.3","($0.9)","($2.4)","($5.2)","$6.6","$2.4"
"Anthony Misiewicz","Mariners","RP","999.0","60","($2.5)","($0.8)","$0.6","$0.2","($2.7)","($5.3)","$6.6","$2.3"
"Jameson Taillon","Pirates","SP","597.9","143","$0.6","($1.3)","($2.8)","($2.1)","$0.3","($5.3)","$6.6","$2.3"
"Zack Britton","Yankees","RP","298.0","63","($1.9)","($0.2)","$1.7","($2.2)","($2.6)","($5.3)","$6.6","$2.2"
"Michael Pineda","Twins","SP","532.9","159","$1.9","($1.3)","($5.4)","($1.4)","$0.9","($5.3)","$6.6","$2.2"
"Miles Mikolas","Cardinals","SP","275.3","131","$0.6","($1.3)","($2.5)","($1.1)","($1.0)","($5.3)","$6.6","$2.2"
"Daulton Jefferies","Athletics","SP","600.0","113","$0.0","($1.3)","($2.6)","($0.6)","($0.8)","($5.4)","$6.6","$2.2"
"Mike Minor","Royals","SP","168.6","175","$1.9","($1.3)","($4.9)","($2.6)","$1.5","($5.4)","$6.6","$2.2"
"Sam Selman","Giants","RP","999.0","55","($2.5)","($0.8)","$0.9","($0.4)","($2.6)","($5.4)","$6.6","$2.2"
"Julian Merryweather","Blue Jays","SP","999.0","80","($1.3)","($1.3)","($0.3)","($0.9)","($1.6)","($5.4)","$6.6","$2.2"
"Scott Barlow","Royals","RP","596.1","63","($2.5)","($0.5)","$0.3","($0.6)","($2.2)","($5.6)","$6.6","$2.0"
"Triston McKenzie","Indians","SP","600.2","127","$0.6","($1.3)","($3.8)","($1.4)","$0.4","($5.6)","$6.6","$2.0"
"Tyler Rogers","Giants","RP","489.3","63","($2.5)","$2.2","($0.2)","($1.9)","($3.1)","($5.6)","$6.6","$2.0"
"Brent Suter","Brewers","RP","588.1","79","($1.9)","($1.0)","($0.5)","$0.0","($2.2)","($5.6)","$6.6","$2.0"
"MacKenzie Gore","","SP","999.0","120","$0.6","($1.3)","($2.1)","($2.7)","($0.2)","($5.7)","$6.6","$1.9"
"Tyler Duffey","Twins","RP","589.1","63","($2.5)","($0.5)","($0.2)","($0.1)","($2.4)","($5.7)","$6.6","$1.8"
"Steven Matz","Mets","SP","301.2","111","$0.0","($1.3)","($2.1)","($1.8)","($0.5)","($5.8)","$6.6","$1.8"
"Kyle McGowin","Nationals","RP","999.0","55","($2.5)","($1.3)","$0.4","$0.4","($2.8)","($5.9)","$6.6","$1.7"
"Matt Strahm","Padres","RP","588.2","56","($2.5)","($1.3)","$0.2","$0.7","($2.9)","($5.9)","$6.6","$1.7"
"Josh Lindblom","Brewers","SP","340.9","168","$1.3","($1.3)","($5.9)","($1.8)","$1.8","($5.9)","$6.6","$1.6"
"Corey Knebel","Dodgers","RP","339.7","56","($2.5)","($0.8)","$0.2","($0.3)","($2.5)","($6.0)","$6.6","$1.6"
"Zach Plesac","Indians","SP","470.3","174","$1.9","($1.3)","($5.5)","($2.4)","$1.4","($6.0)","$6.6","$1.6"
"Jesse Hahn","Royals","RP","999.0","56","($2.5)","$0.8","($0.3)","($1.1)","($2.9)","($6.0)","$6.6","$1.6"
"Trevor Rosenthal","","RP","533.4","63","($2.5)","($1.3)","$0.7","($1.1)","($1.8)","($6.0)","$6.6","$1.6"
"Brendan McKay","Rays","RP","446.0","40","($2.5)","($1.3)","$0.5","$0.6","($3.3)","($6.1)","$6.6","$1.5"
"Taylor Hearn","Rangers","RP","999.0","56","($2.5)","($1.3)","$0.2","($0.1)","($2.4)","($6.1)","$6.6","$1.5"
"Will Harris","Nationals","RP","548.4","60","($2.5)","($0.8)","$0.6","($0.6)","($2.8)","($6.1)","$6.6","$1.4"
"Keone Kela","Pirates","RP","216.1","48","($2.5)","($1.3)","$0.4","$0.1","($2.8)","($6.1)","$6.6","$1.4"
"Luke Weaver","Diamondbacks","SP","194.6","141","$0.6","($1.3)","($4.1)","($2.0)","$0.6","($6.2)","$6.6","$1.4"
"Ryan Brasier","Red Sox","RP","593.0","60","($2.5)","($0.8)","($0.4)","$0.0","($2.5)","($6.2)","$6.6","$1.4"
"Mike Mayers","Angels","RP","999.0","63","($2.5)","$0.0","($0.6)","($0.6)","($2.4)","($6.2)","$6.6","$1.4"
"A.J. Minter","Braves","RP","999.0","60","($2.5)","($0.5)","$0.1","($0.8)","($2.5)","($6.2)","$6.6","$1.3"
"Logan Webb","Giants","SP","599.1","160","$1.9","($1.3)","($1.6)","($5.8)","$0.6","($6.2)","$6.6","$1.3"
"Rafael Dolis","Blue Jays","RP","600.3","63","($2.5)","$0.8","($0.6)","($1.7)","($2.2)","($6.3)","$6.6","$1.3"
"David Robertson","","RP","594.7","50","($2.5)","($1.3)","$0.3","$0.0","($2.7)","($6.3)","$6.6","$1.3"
"Daniel Norris","Tigers","RP","596.4","72","($1.9)","($1.3)","($0.6)","($0.2)","($2.2)","($6.3)","$6.6","$1.3"
"Drew Rasmussen","Brewers","SP","999.0","82","($1.3)","($1.3)","($0.4)","($2.1)","($1.3)","($6.4)","$6.6","$1.2"
"Tejay Antone","Reds","SP","999.0","114","($0.6)","($1.3)","($1.0)","($2.9)","($0.5)","($6.4)","$6.6","$1.2"
"Joely Rodriguez","Rangers","RP","600.2","63","($2.5)","($0.2)","$0.3","($1.4)","($2.5)","($6.4)","$6.6","$1.2"
"Pierce Johnson","Padres","RP","600.2","60","($2.5)","($0.8)","$0.1","($0.8)","($2.4)","($6.4)","$6.6","$1.2"
"Kendall Graveman","Mariners","RP","600.4","63","($2.5)","$0.0","($0.2)","($0.9)","($2.9)","($6.4)","$6.6","$1.1"
"Michael Kopech","White Sox","SP","529.9","128","$0.6","($1.3)","($3.6)","($3.2)","$1.1","($6.4)","$6.6","$1.1"
"Phil Maton","Indians","RP","999.0","60","($2.5)","($1.3)","$0.1","($0.3)","($2.5)","($6.5)","$6.6","$1.1"
"Tyler Mahle","Reds","SP","559.3","153","$1.3","($1.3)","($4.9)","($3.2)","$1.6","($6.5)","$6.6","$1.0"
"Blake Treinen","","RP","404.6","65","($2.5)","($1.3)","$0.7","($1.0)","($2.4)","($6.5)","$6.6","$1.0"
"Ty Buttrey","Angels","RP","573.1","56","($2.5)","($1.3)","$0.2","($0.1)","($2.8)","($6.6)","$6.6","$1.0"
"J.B. Wendelken","Athletics","RP","999.0","60","($2.5)","($0.2)","($0.4)","($0.8)","($2.6)","($6.6)","$6.6","$1.0"
"Cal Quantrill","Indians","SP","592.5","102","($0.6)","($0.5)","($2.6)","($1.4)","($1.4)","($6.6)","$6.6","$1.0"
"Tim Hill","Padres","RP","999.0","53","($2.5)","($1.3)","$0.9","($0.6)","($3.1)","($6.6)","$6.6","$1.0"
"Evan Marshall","White Sox","RP","999.0","63","($2.5)","$0.0","($0.2)","($1.4)","($2.6)","($6.7)","$6.6","$0.8"
"Aaron Civale","Indians","SP","236.3","150","$1.3","($1.3)","($4.6)","($2.4)","$0.2","($6.7)","$6.6","$0.8"
"Jake McGee","","RP","999.0","54","($2.5)","($1.3)","($0.2)","$0.0","($2.7)","($6.8)","$6.6","$0.8"
"Taylor Widener","Diamondbacks","RP","999.0","56","($2.5)","($1.0)","($0.3)","($0.3)","($2.6)","($6.8)","$6.6","$0.7"
"Dane Dunning","Rangers","SP","999.0","149","$0.6","($1.3)","($3.4)","($3.5)","$0.7","($6.8)","$6.6","$0.7"
"Codi Heuer","White Sox","RP","999.0","60","($2.5)","($0.5)","$0.1","($1.4)","($2.7)","($7.0)","$6.6","$0.6"
"Dellin Betances","Mets","RP","407.3","54","($2.5)","($0.8)","$0.2","($1.3)","($2.6)","($7.0)","$6.6","$0.6"
"Jose Quintana","","SP","552.6","161","$1.9","($1.3)","($4.6)","($3.9)","$0.9","($7.0)","$6.6","$0.6"
"Shohei Ohtani","Angels","SP","130.5","103","$0.0","($1.3)","($2.0)","($3.2)","($0.5)","($7.0)","$6.6","$0.6"
"Brett Martin","Rangers","RP","999.0","53","($2.5)","($1.3)","$0.5","($0.6)","($3.1)","($7.0)","$6.6","$0.6"
"Andrew Chafin","","RP","600.0","56","($2.5)","($1.3)","$0.7","($1.1)","($2.7)","($7.0)","$6.6","$0.6"
"Ross Stripling","Blue Jays","SP","203.6","153","$1.9","($1.3)","($4.9)","($3.5)","$0.7","($7.1)","$6.6","$0.5"
"Joakim Soria","","RP","595.1","60","($2.5)","($1.3)","($0.4)","($0.3)","($2.6)","($7.1)","$6.6","$0.5"
"Lou Trivino","Athletics","RP","599.7","63","($2.5)","$0.8","($1.1)","($1.7)","($2.6)","($7.1)","$6.6","$0.5"
"Joe Kelly","Dodgers","RP","599.5","55","($2.5)","($1.3)","$0.9","($1.2)","($2.9)","($7.1)","$6.6","$0.5"
"Brady Singer","Royals","SP","585.8","146","$1.3","($1.3)","($3.1)","($4.2)","$0.2","($7.2)","$6.6","$0.4"
"Cody Reed","Rays","RP","999.0","42","($3.2)","($1.3)","$0.9","($0.3)","($3.4)","($7.2)","$6.6","$0.4"
"Zach Eflin","Phillies","SP","558.1","168","$1.3","($1.3)","($5.4)","($3.1)","$1.3","($7.3)","$6.6","$0.3"
"Miguel Castro","Mets","RP","999.0","60","($2.5)","($1.3)","$0.6","($1.6)","($2.4)","($7.3)","$6.6","$0.2"
"Connor Brogdon","Phillies","RP","999.0","60","($2.5)","($0.8)","($0.8)","($0.8)","($2.4)","($7.3)","$6.6","$0.2"
"Justin Wilson","","RP","599.5","58","($2.5)","($1.3)","$0.1","($1.2)","($2.4)","($7.4)","$6.6","$0.2"
"Daniel Hudson","Nationals","RP","267.3","63","($2.5)","$0.3","($1.1)","($1.7)","($2.4)","($7.4)","$6.6","$0.2"
"Ryan Yarbrough","Rays","SP","231.2","159","$1.3","($1.3)","($4.5)","($3.0)","$0.2","($7.4)","$6.6","$0.2"
"J.A. Happ","","SP","335.0","144","$1.3","($1.3)","($4.4)","($3.3)","$0.4","($7.4)","$6.6","$0.2"
"Justin Topa","Brewers","RP","999.0","55","($2.5)","($1.3)","$0.0","($0.7)","($2.9)","($7.5)","$6.6","$0.1"
"Joe Smith","Astros","RP","599.8","56","($2.5)","($1.3)","($0.3)","($0.3)","($3.0)","($7.5)","$6.6","$0.1"
"Erik Swanson","Mariners","RP","999.0","49","($3.2)","($1.3)","($0.4)","$0.5","($3.1)","($7.5)","$6.6","$0.1"
"Joseph Palumbo","Rangers","SP","600.5","81","($1.3)","($1.3)","($1.5)","($1.9)","($1.5)","($7.5)","$6.6","$0.1"
"Adam Kolarek","Dodgers","RP","999.0","53","($2.5)","($1.3)","$0.9","($1.1)","($3.5)","($7.5)","$6.6","$0.1"
"Gerardo Reyes","Angels","RP","999.0","50","($2.5)","($1.3)","($0.1)","($0.8)","($2.8)","($7.6)","$6.6","$0.0"
"John Means","Orioles","SP","449.7","170","$1.3","($1.3)","($7.3)","($1.7)","$1.4","($7.6)","$6.6","$0.0"
"Enoli Paredes","Astros","RP","999.0","60","($2.5)","($0.8)","($0.4)","($1.6)","($2.4)","($7.7)","$6.6","($0.1)"
"Brent Honeywell Jr.","Rays","SP","999.0","83","($4.4)","($1.3)","($0.6)","$0.3","($1.7)","($7.7)","$6.6","($0.1)"
"Greg Holland","Royals","RP","599.7","58","($2.5)","$2.5","($1.7)","($3.1)","($2.8)","($7.7)","$6.6","($0.1)"
"Josh Taylor","Red Sox","RP","599.5","53","($2.5)","($1.3)","$0.0","($1.1)","($2.8)","($7.7)","$6.6","($0.1)"
"Ryan Borucki","Blue Jays","RP","599.8","60","($2.5)","($0.8)","($0.4)","($1.4)","($2.7)","($7.7)","$6.6","($0.1)"
"David Phelps","","RP","999.0","60","($2.5)","($1.3)","($0.4)","($1.1)","($2.5)","($7.8)","$6.6","($0.2)"
"Jonathan Brubaker","Pirates","SP","999.0","129","$0.0","($1.3)","($2.5)","($3.6)","($0.3)","($7.8)","$6.6","($0.2)"
"Richard Bleier","Marlins","RP","601.0","63","($2.5)","($0.8)","$0.7","($1.7)","($3.5)","($7.8)","$6.6","($0.2)"
"Gregory Soto","Tigers","RP","999.0","63","($2.5)","$0.6","($0.6)","($2.7)","($2.5)","($7.8)","$6.6","($0.2)"
"Joe Jimenez","Tigers","RP","176.1","55","($2.5)","$0.3","($1.9)","($0.9)","($2.8)","($7.8)","$6.6","($0.2)"
"Duane Underwood Jr.","Cubs","RP","999.0","56","($2.5)","($1.3)","($0.3)","($0.9)","($2.8)","($7.8)","$6.6","($0.2)"
"Cody Stashak","Twins","RP","999.0","60","($2.5)","($0.5)","($1.7)","($0.3)","($2.7)","($7.8)","$6.6","($0.2)"
"Nick Wittgren","Indians","RP","591.9","63","($2.5)","($0.5)","($1.6)","($0.6)","($2.6)","($7.8)","$6.6","($0.2)"
"Matt Shoemaker","","SP","405.6","144","$0.6","($1.3)","($4.4)","($3.3)","$0.6","($7.8)","$6.6","($0.2)"
"Johnny Cueto","Giants","SP","330.8","174","$1.3","($1.3)","($4.2)","($4.8)","$1.2","($7.8)","$6.6","($0.3)"
"Rowan Wick","Cubs","RP","568.8","63","($2.5)","($0.2)","($0.6)","($1.9)","($2.6)","($7.9)","$6.6","($0.3)"
"Aaron Loup","","RP","999.0","50","($2.5)","($1.3)","($0.1)","($0.8)","($3.1)","($7.9)","$6.6","($0.3)"
"Keynan Middleton","Mariners","RP","594.5","55","($2.5)","($1.3)","($0.5)","($0.9)","($2.6)","($7.9)","$6.6","($0.3)"
"Vince Velasquez","Phillies","SP","518.2","150","$1.3","($1.3)","($5.5)","($3.9)","$1.5","($8.0)","$6.6","($0.4)"
"Mychal Givens","Rockies","RP","312.1","65","($2.5)","($0.8)","($1.1)","($1.3)","($2.2)","($8.0)","$6.6","($0.4)"
"Alex Young","Diamondbacks","SP","597.2","73","($1.9)","($1.3)","($0.9)","($1.5)","($2.5)","($8.0)","$6.6","($0.4)"
"Brooks Raley","Astros","RP","999.0","52","($2.5)","($1.3)","($0.6)","($0.4)","($3.1)","($8.0)","$6.6","($0.4)"
"Kyle Gibson","Rangers","SP","448.9","174","$1.9","($1.3)","($3.7)","($6.4)","$1.5","($8.0)","$6.6","($0.4)"
"Paul Fry","Orioles","RP","999.0","56","($2.5)","($1.3)","$0.2","($1.7)","($2.7)","($8.1)","$6.6","($0.5)"
"Cionel Perez","Astros","RP","999.0","40","($3.2)","($1.3)","$0.5","($0.7)","($3.5)","($8.1)","$6.6","($0.6)"
"Kyle Finnegan","Nationals","RP","999.0","53","($2.5)","($1.3)","$0.0","($1.4)","($3.0)","($8.1)","$6.6","($0.6)"
"Jeff Hoffman","Reds","RP","999.0","74","($1.9)","($1.3)","($1.6)","($1.4)","($2.0)","($8.1)","$6.6","($0.6)"
"Alex Wood","","SP","229.0","116","$0.0","($1.3)","($2.9)","($3.0)","($0.9)","($8.2)","$6.6","($0.6)"
"Garrett Richards","","SP","237.8","150","$1.3","($1.3)","($4.1)","($5.0)","$1.0","($8.2)","$6.6","($0.6)"
"Austin Voth","Nationals","SP","372.0","66","($2.5)","($1.3)","($1.4)","($0.4)","($2.6)","($8.2)","$6.6","($0.6)"
"Andrew Miller","Cardinals","RP","560.5","63","($2.5)","($0.5)","($0.6)","($1.9)","($2.6)","($8.2)","$6.6","($0.6)"
"Ryan Thompson","Rays","RP","999.0","56","($2.5)","($0.8)","($0.7)","($1.1)","($3.1)","($8.3)","$6.6","($0.7)"
"Sandy Alcantara","Marlins","SP","277.7","191","$1.9","($1.3)","($4.3)","($6.7)","$2.1","($8.3)","$6.6","($0.7)"
"Genesis Cabrera","Cardinals","RP","999.0","42","($3.2)","($1.3)","$0.0","($0.6)","($3.3)","($8.3)","$6.6","($0.7)"
"Josh Fleming","Rays","SP","999.0","128","$0.6","($1.3)","($2.3)","($4.0)","($1.4)","($8.3)","$6.6","($0.7)"
"Nate Pearson","Blue Jays","SP","253.6","126","$0.6","($1.3)","($4.5)","($3.3)","$0.2","($8.4)","$6.6","($0.8)"
"James Hoyt","Marlins","RP","999.0","60","($2.5)","($0.2)","($0.8)","($1.9)","($2.9)","($8.4)","$6.6","($0.8)"
"Jarlin Garcia","Giants","RP","600.2","60","($2.5)","($0.2)","($0.8)","($1.9)","($3.1)","($8.6)","$6.6","($1.0)"
"Darwinzon Hernandez","Red Sox","RP","597.3","56","($2.5)","($1.3)","$0.2","($2.7)","($2.2)","($8.6)","$6.6","($1.0)"
"Dan Altavilla","Padres","RP","599.9","38","($3.2)","($1.3)","$0.1","($0.9)","($3.4)","($8.7)","$6.6","($1.1)"
"Brad Wieck","Cubs","RP","999.0","42","($3.2)","($1.3)","($0.4)","($0.6)","($3.2)","($8.7)","$6.6","($1.1)"
"David Peterson","Mets","SP","999.0","149","$1.3","($1.3)","($2.5)","($6.4)","$0.2","($8.7)","$6.6","($1.1)"
"Stephen Tarpley","Marlins","RP","999.0","55","($2.5)","($1.3)","$0.4","($2.3)","($3.1)","($8.7)","$6.6","($1.1)"
"Corbin Martin","Diamondbacks","SP","999.0","91","($1.3)","($1.3)","($2.2)","($2.5)","($1.5)","($8.7)","$6.6","($1.2)"
"Chris Stratton","Pirates","RP","999.0","63","($2.5)","($0.5)","($1.1)","($1.9)","($2.7)","($8.8)","$6.6","($1.2)"
"Ian Kennedy","","RP","183.3","42","($3.2)","($1.3)","($0.9)","($0.1)","($3.4)","($8.8)","$6.6","($1.2)"
"Burch Smith","Athletics","RP","999.0","55","($2.5)","($1.3)","($0.9)","($1.2)","($2.9)","($8.9)","$6.6","($1.3)"
"Michael Feliz","Pirates","RP","598.7","60","($2.5)","$0.0","($1.7)","($2.2)","($2.5)","($8.9)","$6.6","($1.3)"
"Ray Black","Brewers","RP","600.6","42","($3.2)","($1.3)","($0.4)","($0.8)","($3.1)","($8.9)","$6.6","($1.3)"
"Adam Ottavino","Yankees","RP","529.4","60","($2.5)","($0.8)","($1.3)","($2.2)","($2.2)","($8.9)","$6.6","($1.4)"
"Tyler Alexander","Tigers","RP","600.6","51","($2.5)","($1.3)","($1.3)","($0.4)","($3.4)","($9.0)","$6.6","($1.4)"
"John Curtiss","Rays","RP","999.0","53","($2.5)","($0.8)","($1.4)","($1.4)","($3.0)","($9.0)","$6.6","($1.4)"
"Bryan Garcia","Tigers","RP","999.0","63","($2.5)","$3.3","($2.9)","($3.8)","($3.0)","($9.0)","$6.6","($1.4)"
"Collin McHugh","","SP","591.3","74","($1.9)","($1.3)","($2.0)","($1.6)","($2.1)","($9.0)","$6.6","($1.4)"
"Riley Smith","Diamondbacks","RP","999.0","55","($2.5)","($1.3)","($0.9)","($0.9)","($3.3)","($9.0)","$6.6","($1.4)"
"Spencer Turnbull","Tigers","SP","445.0","165","$1.3","($1.3)","($4.7)","($5.7)","$1.4","($9.0)","$6.6","($1.4)"
"Domingo German","Yankees","SP","579.0","100","($0.6)","($1.3)","($4.4)","($1.8)","($0.9)","($9.1)","$6.6","($1.5)"
"James Kaprielian","Athletics","RP","599.9","53","($2.5)","($1.3)","($1.4)","($0.8)","($3.1)","($9.1)","$6.6","($1.5)"
"Jason Adam","Cubs","RP","999.0","60","($2.5)","($1.3)","($1.3)","($1.6)","($2.4)","($9.1)","$6.6","($1.6)"
"Jeurys Familia","Mets","RP","598.1","51","($2.5)","($1.3)","$0.1","($2.3)","($3.1)","($9.1)","$6.6","($1.6)"
"Bryse Wilson","Braves","RP","599.5","46","($2.5)","($1.3)","($1.0)","($0.8)","($3.5)","($9.1)","$6.6","($1.6)"
"Darren O'Day","","RP","999.0","56","($2.5)","($1.3)","($1.6)","($0.9)","($2.8)","($9.2)","$6.6","($1.6)"
"Brandon Workman","","RP","133.2","56","($2.5)","($1.3)","($0.7)","($1.9)","($2.6)","($9.2)","$6.6","($1.6)"
"Merrill Kelly","Diamondbacks","SP","552.9","151","$0.6","($1.3)","($5.3)","($3.6)","$0.4","($9.2)","$6.6","($1.6)"
"Jose Cisnero","Tigers","RP","999.0","56","($2.5)","($1.3)","($1.2)","($1.4)","($2.7)","($9.2)","$6.6","($1.6)"
"Austin Gomber","Cardinals","SP","600.5","142","$0.6","($1.3)","($3.5)","($5.3)","$0.3","($9.2)","$6.6","($1.6)"
"Victor Arano","Phillies","RP","601.0","55","($2.5)","($1.3)","($1.4)","($1.2)","($2.8)","($9.2)","$6.6","($1.7)"
"Grant Holmes","Athletics","SP","999.0","89","($1.3)","($1.3)","($2.1)","($2.7)","($1.9)","($9.2)","$6.6","($1.7)"
"Craig Stammen","Padres","RP","599.1","42","($3.2)","($1.3)","($0.4)","($0.6)","($3.8)","($9.3)","$6.6","($1.7)"
"Jeff Brigham","Marlins","RP","999.0","53","($3.2)","($1.3)","($0.9)","($0.8)","($3.1)","($9.3)","$6.6","($1.7)"
"Trevor Gott","Giants","RP","597.4","50","($3.2)","($1.3)","($0.6)","($1.0)","($3.2)","($9.3)","$6.6","($1.7)"
"Austin Brice","Red Sox","RP","999.0","55","($2.5)","($0.8)","($1.4)","($1.7)","($2.9)","($9.4)","$6.6","($1.8)"
"Anthony Bass","","RP","597.6","56","($2.5)","($1.3)","($0.7)","($1.7)","($3.1)","($9.4)","$6.6","($1.8)"
"Dylan Floro","Dodgers","RP","999.0","42","($3.2)","($1.3)","$0.0","($1.1)","($3.8)","($9.4)","$6.6","($1.8)"
"Rick Porcello","","SP","476.0","177","$1.9","($1.3)","($7.7)","($3.5)","$1.2","($9.4)","$6.6","($1.8)"
"Matt Foster","White Sox","RP","999.0","56","($2.5)","($0.8)","($1.6)","($1.7)","($2.8)","($9.4)","$6.6","($1.8)"
"Ian Hamilton","Phillies","RP","999.0","53","($2.5)","($1.3)","($0.9)","($1.6)","($3.1)","($9.4)","$6.6","($1.8)"
"Rich Hill","","SP","179.4","122","$0.0","($1.3)","($4.4)","($3.4)","($0.3)","($9.4)","$6.6","($1.9)"
"Alex Claudio","Angels","RP","999.0","52","($2.5)","($1.3)","($0.2)","($1.7)","($3.7)","($9.5)","$6.6","($1.9)"
"Joey Lucchesi","Padres","SP","273.0","75","($1.3)","($1.3)","($1.8)","($2.6)","($2.4)","($9.5)","$6.6","($1.9)"
"Ranger Suarez","Phillies","RP","999.0","63","($2.5)","($0.5)","($1.1)","($2.2)","($3.1)","($9.5)","$6.6","($1.9)"
"Tommy Hunter","","RP","999.0","52","($2.5)","($1.3)","($1.1)","($1.2)","($3.4)","($9.5)","$6.6","($2.0)"
"Jaime Barria","Angels","SP","601.0","111","$0.0","($1.3)","($4.9)","($2.3)","($1.0)","($9.5)","$6.6","($2.0)"
"Grant Dayton","Braves","RP","999.0","40","($3.2)","($1.3)","($0.8)","($0.7)","($3.5)","($9.6)","$6.6","($2.0)"
"Justus Sheffield","Mariners","SP","470.0","149","$0.6","($1.3)","($2.9)","($6.4)","$0.4","($9.6)","$6.6","($2.0)"
"Taylor Clarke","Diamondbacks","RP","999.0","42","($3.2)","($1.3)","($0.9)","($0.6)","($3.6)","($9.6)","$6.6","($2.0)"
"Caleb Thielbar","Twins","RP","999.0","55","($2.5)","($1.3)","($1.4)","($1.2)","($3.1)","($9.6)","$6.6","($2.0)"
"Sam Howard","Pirates","RP","999.0","44","($3.2)","($1.3)","($0.5)","($1.2)","($3.4)","($9.6)","$6.6","($2.0)"
"Wandy Peralta","Giants","RP","999.0","42","($3.2)","($1.3)","$0.0","($1.4)","($3.8)","($9.6)","$6.6","($2.0)"
"Casey Sadler","Mariners","RP","999.0","56","($2.5)","($1.3)","($1.2)","($1.4)","($3.2)","($9.6)","$6.6","($2.0)"
"Danny Duffy","Royals","SP","561.2","157","$1.3","($1.3)","($6.3)","($4.2)","$0.9","($9.7)","$6.6","($2.1)"
"Adbert Alzolay","Cubs","SP","600.9","134","$0.6","($1.3)","($4.7)","($5.1)","$0.8","($9.7)","$6.6","($2.1)"
"John King","Rangers","RP","999.0","38","($3.2)","($1.3)","($0.3)","($0.9)","($4.0)","($9.7)","$6.6","($2.1)"
"Archie Bradley","","RP","143.2","64","($2.5)","($1.3)","($1.4)","($1.9)","($2.6)","($9.7)","$6.6","($2.1)"
"David Hale","Phillies","RP","999.0","56","($2.5)","($1.3)","($1.2)","($1.4)","($3.3)","($9.8)","$6.6","($2.2)"
"Zach Pop","Marlins","RP","999.0","42","($3.2)","($1.3)","$0.0","($1.6)","($3.7)","($9.8)","$6.6","($2.2)"
"Ryan Helsley","Cardinals","RP","340.1","52","($3.2)","($0.5)","($1.1)","($2.0)","($3.1)","($9.8)","$6.6","($2.2)"
"Mark Melancon","","RP","173.7","63","($2.5)","($1.3)","($0.6)","($2.2)","($3.1)","($9.8)","$6.6","($2.2)"
"Wander Suero","Nationals","RP","597.5","58","($2.5)","($1.3)","($1.2)","($1.8)","($3.0)","($9.8)","$6.6","($2.2)"
"Blake Taylor","Astros","RP","999.0","63","($2.5)","($0.2)","($1.1)","($3.3)","($2.7)","($9.8)","$6.6","($2.3)"
"Alex Colome","","RP","132.5","65","($2.5)","($1.3)","($1.1)","($2.1)","($2.8)","($9.8)","$6.6","($2.3)"
"Oliver Perez","","RP","999.0","42","($3.2)","($1.3)","($0.9)","($0.8)","($3.6)","($9.9)","$6.6","($2.3)"
"Nate Jones","","RP","999.0","43","($3.2)","($1.3)","($0.7)","($1.3)","($3.4)","($9.9)","$6.6","($2.3)"
"Keury Mella","Diamondbacks","RP","999.0","60","($2.5)","($1.0)","($1.3)","($1.9)","($3.1)","($9.9)","$6.6","($2.3)"
"Thomas Hatch","Blue Jays","RP","999.0","56","($2.5)","($1.3)","($1.6)","($1.4)","($3.0)","($9.9)","$6.6","($2.3)"
"Jace Fry","White Sox","RP","999.0","55","($2.5)","($1.3)","($0.5)","($2.8)","($2.8)","($9.9)","$6.6","($2.3)"
"Kyle Nelson","Indians","RP","999.0","42","($3.2)","($1.3)","($0.9)","($1.1)","($3.5)","($9.9)","$6.6","($2.4)"
"Jose De Leon","Reds","RP","600.3","61","($2.5)","($1.3)","($1.5)","($2.3)","($2.2)","($10.0)","$6.6","($2.4)"
"Shane McClanahan","Rays","RP","600.5","56","($2.5)","($1.3)","($1.2)","($1.9)","($3.0)","($10.0)","$6.6","($2.4)"
"Jose Suarez","Angels","SP","999.0","47","($2.5)","($1.3)","($1.2)","($1.5)","($3.4)","($10.0)","$6.6","($2.4)"
"Kris Bubic","Royals","SP","999.0","135","$0.6","($1.3)","($4.0)","($5.3)","$0.0","($10.0)","$6.6","($2.4)"
"Jorge Alcala","Twins","RP","999.0","56","($2.5)","($1.3)","($1.6)","($1.7)","($2.9)","($10.0)","$6.6","($2.5)"
"Jacob Barnes","Mets","RP","999.0","40","($3.2)","($1.3)","($0.4)","($1.5)","($3.6)","($10.0)","$6.6","($2.5)"
"Spencer Howard","Phillies","SP","999.0","122","$0.0","($1.3)","($4.4)","($4.2)","($0.1)","($10.1)","$6.6","($2.5)"
"Adam Cimber","Marlins","RP","999.0","56","($2.5)","($0.8)","($0.7)","($2.5)","($3.6)","($10.1)","$6.6","($2.6)"
"Nik Turley","Pirates","RP","999.0","52","($3.2)","($1.3)","($0.6)","($2.0)","($3.1)","($10.1)","$6.6","($2.6)"
"Lewis Thorpe","Twins","SP","600.8","109","($0.6)","($1.3)","($3.9)","($3.3)","($1.0)","($10.1)","$6.6","($2.6)"
"Conner Menez","Giants","RP","999.0","43","($3.2)","($1.3)","($0.7)","($1.6)","($3.4)","($10.1)","$6.6","($2.6)"
"Luis Patino","Padres","RP","999.0","64","($1.9)","($1.3)","($1.8)","($2.7)","($2.5)","($10.2)","$6.6","($2.6)"
"Ryan Tepera","","RP","999.0","40","($3.2)","($1.3)","($0.8)","($1.3)","($3.6)","($10.2)","$6.6","($2.6)"
"Jimmy Cordero","White Sox","RP","999.0","42","($3.2)","($1.3)","($0.4)","($1.6)","($3.6)","($10.2)","$6.6","($2.6)"
"Heath Hembree","","RP","999.0","36","($3.2)","($1.3)","($1.2)","($0.8)","($3.7)","($10.2)","$6.6","($2.6)"
"Chasen Shreve","","RP","999.0","38","($3.2)","($1.3)","($0.8)","($1.4)","($3.5)","($10.2)","$6.6","($2.7)"
"Roenis Elias","","RP","600.2","38","($3.2)","($1.3)","($0.8)","($1.1)","($3.8)","($10.3)","$6.6","($2.7)"
"Sal Romano","Reds","RP","999.0","56","($2.5)","($1.3)","($1.6)","($1.7)","($3.1)","($10.3)","$6.6","($2.7)"
"Phillips Valdez","Red Sox","RP","999.0","63","($2.5)","($0.8)","($1.6)","($2.5)","($2.9)","($10.3)","$6.6","($2.7)"
"Jakob Junis","Royals","SP","581.1","96","($1.3)","($1.3)","($3.9)","($2.1)","($1.7)","($10.3)","$6.6","($2.7)"
"Colten Brewer","Red Sox","RP","999.0","42","($3.2)","($1.3)","($0.4)","($1.9)","($3.5)","($10.3)","$6.6","($2.7)"
"Nick Margevicius","Mariners","SP","999.0","83","($1.9)","($1.3)","($2.9)","($1.8)","($2.4)","($10.3)","$6.6","($2.7)"
"Adrian Houser","Brewers","SP","229.0","150","$1.3","($1.3)","($4.1)","($6.3)","$0.1","($10.3)","$6.6","($2.8)"
"Robert Stephenson","Rockies","RP","597.0","60","($2.5)","($0.8)","($2.2)","($2.4)","($2.4)","($10.4)","$6.6","($2.8)"
"Mitch Keller","Pirates","SP","233.1","141","$0.6","($1.3)","($4.1)","($6.2)","$0.7","($10.4)","$6.6","($2.8)"
"Ljay Newsome","Mariners","SP","999.0","66","($2.5)","($1.3)","($3.2)","($0.1)","($3.1)","($10.4)","$6.6","($2.8)"
"Carlos Estevez","Rockies","RP","600.5","50","($3.2)","($1.3)","($1.5)","($1.3)","($3.1)","($10.4)","$6.6","($2.8)"
"Logan Allen","Indians","RP","598.5","62","($1.9)","($1.3)","($1.8)","($2.5)","($2.9)","($10.5)","$6.6","($2.9)"
"Richard Lovelady","Royals","RP","600.7","45","($3.2)","($1.3)","($0.7)","($1.7)","($3.6)","($10.5)","$6.6","($2.9)"
"Cristian Javier","Astros","SP","999.0","127","$0.6","($1.3)","($6.1)","($4.3)","$0.7","($10.5)","$6.6","($2.9)"
"Hector Rondon","","RP","600.0","55","($2.5)","($1.3)","($1.9)","($1.7)","($3.1)","($10.5)","$6.6","($2.9)"
"Shane Greene","","RP","571.4","62","($2.5)","($1.3)","($1.8)","($2.0)","($2.9)","($10.5)","$6.6","($2.9)"
"Blake Parker","","RP","589.0","44","($3.2)","($1.3)","($1.4)","($1.2)","($3.4)","($10.5)","$6.6","($2.9)"
"Kyle Cody","Rangers","SP","999.0","122","$0.0","($1.3)","($4.4)","($4.4)","($0.4)","($10.5)","$6.6","($3.0)"
"Shawn Armstrong","Orioles","RP","999.0","53","($3.2)","($0.2)","($2.3)","($1.9)","($3.0)","($10.6)","$6.6","($3.0)"
"Josh Tomlin","Braves","RP","599.0","50","($3.2)","($1.3)","($2.0)","($0.5)","($3.6)","($10.6)","$6.6","($3.0)"
"Sean Hjelle","Giants","SP","999.0","55","($2.5)","($1.3)","($0.9)","($2.3)","($3.5)","($10.6)","$6.6","($3.0)"
"Jose Alvarez","","RP","598.7","38","($3.2)","($1.3)","($0.8)","($1.4)","($3.9)","($10.6)","$6.6","($3.0)"
"Dillon Tate","Orioles","RP","999.0","60","($2.5)","($0.8)","($1.7)","($2.4)","($3.1)","($10.6)","$6.6","($3.0)"
"Dylan Cease","White Sox","SP","268.1","141","$1.3","($1.3)","($5.1)","($6.5)","$0.9","($10.6)","$6.6","($3.1)"
"Ryan Sherriff","Rays","RP","999.0","38","($3.2)","($1.3)","($0.8)","($1.4)","($4.0)","($10.7)","$6.6","($3.1)"
"Mitchell White","Dodgers","SP","999.0","37","($3.2)","($1.3)","($1.0)","($1.2)","($4.0)","($10.7)","$6.6","($3.1)"
"Brandon Brennan","Mariners","RP","600.8","53","($3.2)","($1.3)","($0.9)","($2.1)","($3.2)","($10.7)","$6.6","($3.1)"
"Daniel Ponce de Leon","Cardinals","SP","570.7","90","($1.3)","($1.3)","($3.3)","($3.6)","($1.2)","($10.7)","$6.6","($3.1)"
"Ian Gibaut","Twins","RP","999.0","42","($3.2)","($1.3)","($0.9)","($1.9)","($3.5)","($10.7)","$6.6","($3.2)"
"Noe Ramirez","Reds","RP","600.4","60","($2.5)","($1.0)","($2.2)","($2.2)","($2.8)","($10.8)","$6.6","($3.2)"
"Anthony Kay","Blue Jays","RP","600.8","72","($1.9)","($1.3)","($2.4)","($2.9)","($2.3)","($10.8)","$6.6","($3.2)"
"Jacob Webb","Braves","RP","999.0","55","($2.5)","($1.3)","($1.4)","($2.5)","($3.1)","($10.8)","$6.6","($3.3)"
"Trent Thornton","Blue Jays","SP","591.7","100","($0.6)","($1.3)","($4.4)","($3.2)","($1.3)","($10.8)","$6.6","($3.3)"
"Cesar Valdez","Orioles","RP","999.0","55","($2.5)","($1.3)","($1.9)","($1.5)","($3.7)","($10.9)","$6.6","($3.3)"
"Tyler Webb","Cardinals","RP","600.6","56","($2.5)","($1.3)","($1.6)","($2.2)","($3.2)","($10.9)","$6.6","($3.3)"
"Shun Yamaguchi","Blue Jays","RP","598.3","55","($2.5)","($1.3)","($1.9)","($2.3)","($3.0)","($10.9)","$6.6","($3.4)"
"Brad Boxberger","","RP","599.2","45","($3.2)","($1.3)","($1.2)","($2.0)","($3.3)","($10.9)","$6.6","($3.4)"
"Braxton Garrett","Marlins","SP","999.0","64","($2.5)","($1.3)","($0.9)","($3.2)","($3.0)","($10.9)","$6.6","($3.4)"
"Michael Wacha","Rays","SP","582.2","141","$0.6","($1.3)","($5.5)","($4.9)","$0.1","($11.0)","$6.6","($3.4)"
"Sean Doolittle","","RP","176.4","46","($3.2)","($1.3)","($2.4)","($0.8)","($3.5)","($11.1)","$6.6","($3.5)"
"Tyler Clippard","","RP","600.1","50","($3.2)","($1.3)","($2.4)","($1.0)","($3.1)","($11.1)","$6.6","($3.5)"
"Tyler Beede","Giants","SP","595.6","36","($3.2)","($1.3)","($1.2)","($1.6)","($3.9)","($11.1)","$6.6","($3.5)"
"Huascar Ynoa","Braves","SP","999.0","39","($3.2)","($1.3)","($1.1)","($1.9)","($3.7)","($11.1)","$6.6","($3.6)"
"Michael King","Yankees","SP","598.0","121","$0.0","($1.3)","($5.6)","($3.4)","($0.8)","($11.1)","$6.6","($3.6)"
"Shaun Anderson","Giants","SP","586.2","108","($0.6)","($1.3)","($3.2)","($4.4)","($1.6)","($11.2)","$6.6","($3.6)"
"Buck Farmer","Tigers","RP","596.4","60","($2.5)","($0.8)","($2.2)","($2.7)","($3.0)","($11.2)","$6.6","($3.6)"
"Sergio Romo","","RP","573.2","63","($2.5)","($1.3)","($2.9)","($1.7)","($2.7)","($11.2)","$6.6","($3.6)"
"Forrest Whitley","Astros","SP","999.0","46","($2.5)","($1.3)","($1.9)","($2.1)","($3.3)","($11.2)","$6.6","($3.6)"
"Caleb Smith","Diamondbacks","SP","245.5","141","$0.6","($1.3)","($7.4)","($4.3)","$1.2","($11.2)","$6.6","($3.6)"
"Tyler Phillips","Rangers","SP","999.0","48","($3.2)","($1.3)","($1.5)","($1.5)","($3.8)","($11.2)","$6.6","($3.7)"
"Travis Bergen","Diamondbacks","RP","999.0","53","($3.2)","($1.3)","($1.4)","($2.4)","($3.1)","($11.3)","$6.6","($3.7)"
"Cam Bedrosian","","RP","600.8","48","($3.2)","($1.3)","($1.5)","($2.0)","($3.4)","($11.4)","$6.6","($3.8)"
"Victor Gonzalez","","RP","999.0","60","($4.4)","($1.3)","($1.3)","($1.9)","($2.5)","($11.4)","$6.6","($3.8)"
"A.J. Cole","","RP","999.0","40","($3.2)","($1.3)","($1.8)","($1.5)","($3.6)","($11.4)","$6.6","($3.8)"
"Jake Faria","","RP","999.0","40","($3.2)","($1.3)","($1.8)","($1.5)","($3.7)","($11.5)","$6.6","($3.9)"
"Garrett Crochet","White Sox","RP","999.0","53","($4.4)","($1.3)","($1.4)","($1.6)","($2.8)","($11.5)","$6.6","($3.9)"
"Trevor Cahill","","SP/RP","599.3","69","($1.9)","($1.3)","($2.6)","($3.1)","($2.6)","($11.5)","$6.6","($3.9)"
"Connor Seabold","Red Sox","SP","999.0","83","($1.3)","($1.3)","($3.8)","($2.8)","($2.3)","($11.5)","$6.6","($4.0)"
"Reynaldo Lopez","White Sox","SP","342.2","105","($0.6)","($1.3)","($5.7)","($2.8)","($1.1)","($11.5)","$6.6","($4.0)"
"Nick Neidert","Marlins","RP","999.0","62","($2.5)","($1.3)","($2.2)","($2.3)","($3.2)","($11.5)","$6.6","($4.0)"
"Jhoan Duran","Twins","RP","999.0","38","($3.2)","($1.3)","($1.3)","($1.9)","($3.9)","($11.6)","$6.6","($4.0)"
"Brandon Bielak","Astros","SP/RP","999.0","53","($2.5)","($1.3)","($2.3)","($2.1)","($3.3)","($11.6)","$6.6","($4.0)"
"Paul Blackburn","Athletics","RP","999.0","50","($2.5)","($1.3)","($2.0)","($1.8)","($3.9)","($11.6)","$6.6","($4.0)"
"Brett Anderson","Brewers","SP","591.6","141","$0.6","($1.3)","($4.1)","($5.4)","($1.3)","($11.6)","$6.6","($4.0)"
"Jordan Weems","Athletics","RP","999.0","56","($2.5)","($0.8)","($2.1)","($3.3)","($2.9)","($11.6)","$6.6","($4.0)"
"Kolby Allard","Rangers","SP","600.7","132","$0.0","($1.3)","($4.6)","($5.3)","($0.4)","($11.6)","$6.6","($4.0)"
"Jairo Diaz","Rockies","RP","583.1","40","($3.2)","($1.3)","($1.3)","($2.1)","($3.8)","($11.6)","$6.6","($4.0)"
"Luis Cessa","Yankees","RP","600.8","55","($2.5)","($1.3)","($2.3)","($2.3)","($3.2)","($11.6)","$6.6","($4.0)"
"Kyle Wright","Braves","SP","511.6","93","($1.3)","($1.3)","($3.1)","($4.2)","($1.7)","($11.6)","$6.6","($4.0)"
"Eric Yardley","Brewers","RP","999.0","56","($2.5)","($1.3)","($1.2)","($3.0)","($3.6)","($11.7)","$6.6","($4.1)"
"Clarke Schmidt","Yankees","SP","999.0","71","($1.9)","($1.3)","($3.1)","($2.9)","($2.5)","($11.8)","$6.6","($4.2)"
"Deivi Garcia","Yankees","SP","595.8","152","$1.3","($1.3)","($7.8)","($5.4)","$1.5","($11.8)","$6.6","($4.2)"
"John Schreiber","Tigers","RP","999.0","37","($3.2)","($1.3)","($1.9)","($1.5)","($3.9)","($11.8)","$6.6","($4.2)"
"Carlos Rodon","","SP","579.3","117","$0.0","($1.3)","($5.0)","($4.8)","($0.7)","($11.8)","$6.6","($4.2)"
"Jeremy Jeffress","","RP","599.0","64","($2.5)","($1.3)","($1.8)","($3.2)","($3.0)","($11.8)","$6.6","($4.2)"
"Kyle Zimmer","Royals","RP","999.0","55","($2.5)","($1.3)","($1.9)","($3.1)","($3.1)","($11.8)","$6.6","($4.2)"
"Junior Guerra","","RP","600.9","45","($3.2)","($1.3)","($1.6)","($2.2)","($3.5)","($11.8)","$6.6","($4.3)"
"Tony Watson","","RP","333.9","58","($2.5)","($1.3)","($2.6)","($2.0)","($3.4)","($11.9)","$6.6","($4.3)"
"Alec Bettinger","Brewers","SP","999.0","36","($3.2)","($1.3)","($2.1)","($1.3)","($4.0)","($11.9)","$6.6","($4.3)"
"Chris Flexen","Mariners","SP","999.0","110","($0.6)","($1.3)","($4.6)","($4.3)","($1.1)","($11.9)","$6.6","($4.4)"
"Chris Mazza","Red Sox","SP","999.0","38","($3.2)","($1.3)","($1.7)","($1.7)","($4.1)","($12.0)","$6.6","($4.4)"
"Kyle Ryan","Cubs","RP","999.0","55","($2.5)","($1.3)","($1.4)","($3.3)","($3.4)","($12.0)","$6.6","($4.4)"
"Nick Nelson","Yankees","RP","999.0","61","($2.5)","($1.3)","($2.4)","($3.1)","($2.6)","($12.0)","$6.6","($4.4)"
"Taijuan Walker","","SP","547.4","169","$1.9","($1.3)","($8.0)","($6.0)","$1.3","($12.0)","$6.6","($4.4)"
"Carlos Hernandez","Royals","SP","999.0","48","($2.5)","($1.3)","($2.4)","($2.3)","($3.5)","($12.0)","$6.6","($4.4)"
"Steve Cishek","","RP","589.7","38","($3.2)","($1.3)","($1.7)","($1.9)","($3.9)","($12.0)","$6.6","($4.4)"
"Ramon Rosso","Phillies","RP","999.0","51","($3.2)","($1.3)","($2.2)","($2.0)","($3.3)","($12.0)","$6.6","($4.4)"
"Tyler Wells","Orioles","RP","999.0","42","($3.2)","($1.3)","($2.3)","($1.6)","($3.6)","($12.0)","$6.6","($4.5)"
"Ronald Bolanos","Royals","RP","999.0","49","($3.2)","($1.3)","($1.7)","($2.4)","($3.4)","($12.1)","$6.6","($4.5)"
"Cory Abbott","Cubs","SP","600.8","37","($3.2)","($1.3)","($1.9)","($1.8)","($3.9)","($12.1)","$6.6","($4.5)"
"Kodi Whitley","Cardinals","RP","999.0","38","($3.2)","($1.3)","($1.7)","($1.9)","($4.0)","($12.1)","$6.6","($4.5)"
"Humberto Mejia","Diamondbacks","RP","999.0","48","($3.2)","($1.3)","($2.4)","($1.7)","($3.5)","($12.1)","$6.6","($4.5)"
"Johan Quezada","Phillies","RP","999.0","42","($3.2)","($1.3)","($1.4)","($2.7)","($3.6)","($12.1)","$6.6","($4.5)"
"Andrew Cashner","","SP","999.0","80","($1.9)","($1.3)","($3.1)","($3.3)","($2.5)","($12.1)","$6.6","($4.6)"
"Adam Plutko","Indians","RP","598.1","72","($2.5)","($1.3)","($4.3)","($1.3)","($2.7)","($12.1)","$6.6","($4.6)"
"Travis Lakins","Orioles","RP","999.0","42","($3.2)","($1.3)","($1.8)","($2.2)","($3.7)","($12.1)","$6.6","($4.6)"
"Damon Jones","Phillies","SP","999.0","52","($2.5)","($1.3)","($1.6)","($3.5)","($3.2)","($12.2)","$6.6","($4.6)"
"Dallas Keuchel","White Sox","SP","281.3","181","$2.5","($1.3)","($5.0)","($8.8)","$0.4","($12.2)","$6.6","($4.6)"
"Matt Andriese","Red Sox","SP","598.8","90","($1.3)","($1.3)","($4.2)","($3.6)","($1.9)","($12.3)","$6.6","($4.7)"
"Andre Scrubb","Astros","RP","999.0","50","($3.2)","($1.3)","($1.5)","($3.2)","($3.2)","($12.4)","$6.6","($4.8)"
"Pedro Strop","","RP","596.9","40","($3.2)","($1.3)","($1.8)","($2.3)","($3.9)","($12.4)","$6.6","($4.9)"
"Adam Wainwright","","SP","532.4","150","$0.6","($1.3)","($6.4)","($5.5)","$0.1","($12.5)","$6.6","($4.9)"
"Matt Manning","Tigers","SP","999.0","65","($2.5)","($1.3)","($3.0)","($2.8)","($2.8)","($12.5)","$6.6","($4.9)"
"Pedro Baez","","RP","582.6","58","($2.5)","($1.3)","($3.1)","($2.6)","($3.1)","($12.5)","$6.6","($5.0)"
"Brandon Kintzler","","RP","256.5","60","($2.5)","($1.3)","($2.2)","($3.2)","($3.5)","($12.7)","$6.6","($5.1)"
"Andrew Suarez","Giants","RP","999.0","46","($3.2)","($1.3)","($1.9)","($2.4)","($4.0)","($12.7)","$6.6","($5.2)"
"Yoshihisa Hirano","","RP","550.4","45","($3.2)","($1.3)","($2.1)","($2.5)","($3.7)","($12.8)","$6.6","($5.2)"
"T.J. McFarland","","RP","999.0","40","($3.2)","($1.3)","($1.3)","($2.9)","($4.3)","($13.0)","$6.6","($5.4)"
"Jorge Lopez","Orioles","SP","597.3","56","($2.5)","($1.3)","($3.0)","($2.7)","($3.4)","($13.0)","$6.6","($5.4)"
"Cody Ponce","Pirates","SP","999.0","55","($2.5)","($1.3)","($2.8)","($3.1)","($3.4)","($13.1)","$6.6","($5.5)"
"Jonathan Stiever","White Sox","SP","999.0","55","($2.5)","($1.3)","($3.7)","($2.3)","($3.4)","($13.2)","$6.6","($5.6)"
"Tyler Kinley","Rockies","RP","999.0","53","($3.2)","($1.3)","($2.3)","($3.5)","($3.0)","($13.2)","$6.6","($5.6)"
"Carlos Martinez","Cardinals","SP","161.3","156","$1.3","($1.3)","($5.1)","($8.3)","$0.3","($13.2)","$6.6","($5.6)"
"Jake Newberry","Royals","RP","999.0","53","($3.2)","($1.3)","($2.7)","($2.9)","($3.2)","($13.3)","$6.6","($5.8)"
"Yency Almonte","Rockies","RP","999.0","56","($2.5)","($1.3)","($3.0)","($3.3)","($3.2)","($13.4)","$6.6","($5.8)"
"Tommy Milone","","SP","600.8","75","($1.9)","($1.3)","($5.0)","($2.4)","($2.7)","($13.4)","$6.6","($5.8)"
"Jon Gray","Rockies","SP","281.4","155","$1.3","($1.3)","($7.2)","($6.5)","$0.4","($13.4)","$6.6","($5.8)"
"Wes Benjamin","Rangers","SP","999.0","81","($1.9)","($1.3)","($4.2)","($3.5)","($2.4)","($13.4)","$6.6","($5.8)"
"Dan Winkler","Cubs","RP","999.0","53","($3.2)","($1.3)","($2.3)","($3.5)","($3.2)","($13.5)","$6.6","($5.9)"
"Joe Ross","Nationals","SP","557.0","127","$0.0","($1.3)","($5.7)","($5.7)","($0.8)","($13.5)","$6.6","($5.9)"
"Mike Montgomery","","SP","600.9","71","($1.9)","($1.3)","($3.1)","($4.0)","($3.1)","($13.5)","$6.6","($5.9)"
"Cole Hamels","","SP","441.8","127","$0.0","($1.3)","($6.1)","($5.4)","($0.7)","($13.6)","$6.6","($6.0)"
"Jordan Zimmermann","","SP","600.3","94","($1.3)","($1.3)","($5.7)","($3.1)","($2.3)","($13.6)","$6.6","($6.0)"
"Mike Leake","","SP","598.5","152","$0.6","($1.3)","($7.4)","($4.6)","($1.1)","($13.8)","$6.6","($6.2)"
"Brad Brach","Mets","RP","999.0","50","($3.2)","($1.3)","($2.4)","($3.4)","($3.5)","($13.9)","$6.6","($6.3)"
"Robert Gsellman","Mets","RP","600.7","68","($2.5)","($1.3)","($3.3)","($3.7)","($3.1)","($13.9)","$6.6","($6.3)"
"Tony Santillan","Reds","SP","999.0","37","($3.2)","($1.3)","($2.9)","($2.5)","($4.1)","($14.0)","$6.6","($6.4)"
"Homer Bailey","","SP","514.7","116","($0.6)","($1.3)","($6.1)","($4.6)","($1.3)","($14.1)","$6.6","($6.5)"
"Nick Pivetta","Red Sox","SP","581.1","135","$0.6","($1.3)","($7.2)","($6.1)","($0.1)","($14.1)","$6.6","($6.5)"
"Alec Mills","Cubs","SP","582.1","170","$1.3","($1.3)","($7.7)","($7.0)","$0.6","($14.1)","$6.6","($6.5)"
"Michael Lorenzen","Reds","SP","538.6","154","$0.6","($1.3)","($6.0)","($8.1)","$0.7","($14.2)","$6.6","($6.6)"
"Devin Smeltzer","Twins","SP","600.8","138","$0.6","($1.3)","($7.5)","($5.4)","($0.6)","($14.2)","$6.6","($6.6)"
"Casey Mize","Tigers","SP","480.3","103","($1.3)","($1.3)","($6.1)","($4.0)","($1.6)","($14.2)","$6.6","($6.7)"
"Martin Perez","","SP","571.5","134","$0.6","($1.3)","($5.6)","($7.2)","($0.8)","($14.3)","$6.6","($6.7)"
"Jimmy Herget","Rangers","RP","999.0","55","($3.2)","($1.3)","($3.2)","($3.6)","($3.1)","($14.4)","$6.6","($6.8)"
"Brett de Geus","Rangers","RP","999.0","42","($3.2)","($1.3)","($2.3)","($3.8)","($4.0)","($14.5)","$6.6","($6.9)"
"Eric Lauer","Brewers","SP","590.8","137","$0.0","($1.3)","($6.8)","($6.2)","($0.2)","($14.5)","$6.6","($7.0)"
"Aaron Sanchez","","SP","999.0","90","($1.3)","($1.3)","($4.2)","($5.8)","($2.0)","($14.6)","$6.6","($7.0)"
"Adonis Medina","Phillies","SP","999.0","55","($2.5)","($1.3)","($3.7)","($3.6)","($3.5)","($14.6)","$6.6","($7.0)"
"Randy Dobnak","Twins","SP","590.2","149","$1.3","($1.3)","($6.6)","($6.9)","($1.1)","($14.7)","$6.6","($7.1)"
"Jhoulys Chacin","Braves","SP","599.1","56","($2.5)","($1.3)","($3.9)","($3.5)","($3.4)","($14.7)","$6.6","($7.1)"
"Gio Gonzalez","","SP","569.9","122","$0.0","($1.3)","($5.3)","($7.3)","($0.7)","($14.7)","$6.6","($7.2)"
"Zach Davies","Padres","SP","546.9","182","$1.9","($1.3)","($8.0)","($7.9)","$0.5","($14.8)","$6.6","($7.2)"
"Brandon Waddell","Twins","SP","999.0","78","($1.9)","($1.3)","($4.0)","($5.3)","($2.4)","($14.9)","$6.6","($7.3)"
"Wade Miley","Reds","SP","548.8","150","$1.3","($1.3)","($5.5)","($9.5)","$0.1","($14.9)","$6.6","($7.4)"
"Chad Kuhl","Pirates","SP","596.7","140","$0.0","($1.3)","($6.6)","($7.3)","$0.3","($15.0)","$6.6","($7.4)"
"Kyle Crick","Pirates","RP","447.7","56","($3.2)","($0.5)","($3.5)","($4.6)","($3.3)","($15.0)","$6.6","($7.4)"
"T.J. Zeuch","Blue Jays","RP","999.0","63","($2.5)","($1.3)","($3.4)","($4.3)","($3.5)","($15.1)","$6.6","($7.5)"
"Tyson Miller","Cubs","SP","999.0","73","($1.9)","($1.3)","($5.0)","($4.1)","($2.9)","($15.2)","$6.6","($7.6)"
"Alex Cobb","Orioles","SP","595.9","170","$1.3","($1.3)","($8.2)","($7.2)","$0.3","($15.2)","$6.6","($7.6)"
"Brad Keller","Royals","SP","576.6","180","$1.9","($1.3)","($6.6)","($9.7)","$0.4","($15.3)","$6.6","($7.7)"
"Chase Anderson","","SP","586.9","132","$0.0","($1.3)","($8.8)","($4.8)","($0.4)","($15.3)","$6.6","($7.7)"
"Matt Moore","","SP","999.0","136","$0.0","($1.3)","($7.9)","($5.8)","($0.2)","($15.3)","$6.6","($7.7)"
"Wade LeBlanc","","SP","999.0","66","($2.5)","($1.3)","($4.6)","($3.6)","($3.3)","($15.3)","$6.6","($7.7)"
"Wil Crowe","Pirates","SP","999.0","76","($1.9)","($1.3)","($4.4)","($4.9)","($2.9)","($15.4)","$6.6","($7.8)"
"Zac Lowther","Orioles","SP","999.0","55","($2.5)","($1.3)","($4.2)","($4.1)","($3.3)","($15.4)","$6.6","($7.9)"
"Jorge Guzman","Marlins","RP","999.0","56","($3.2)","($1.3)","($3.5)","($4.6)","($3.1)","($15.6)","$6.6","($8.1)"
"Tanner Roark","Blue Jays","SP","572.6","135","$0.6","($1.3)","($8.6)","($5.9)","($0.5)","($15.7)","$6.6","($8.1)"
"Jon Lester","","SP","524.8","135","$0.0","($1.3)","($7.7)","($6.1)","($0.7)","($15.8)","$6.6","($8.2)"
"Trevor Williams","","SP","591.0","117","($0.6)","($1.3)","($7.3)","($5.3)","($1.2)","($15.8)","$6.6","($8.2)"
"Jose Alberto Rivera","Angels","RP","999.0","42","($3.2)","($1.3)","($3.2)","($4.6)","($3.8)","($16.0)","$6.6","($8.5)"
"Mike Foltynewicz","","SP","217.5","92","($1.3)","($1.3)","($6.6)","($4.8)","($2.1)","($16.1)","$6.6","($8.5)"
"Ivan Nova","Tigers","SP","597.1","99","($1.3)","($1.3)","($6.5)","($4.6)","($2.5)","($16.1)","$6.6","($8.5)"
"Jake Arrieta","","SP","541.1","145","$0.6","($1.3)","($7.4)","($7.5)","($0.7)","($16.3)","$6.6","($8.7)"
"Johan Oviedo","Cardinals","SP","999.0","45","($3.2)","($1.3)","($3.5)","($4.6)","($3.8)","($16.3)","$6.6","($8.8)"
