"Name","Team","W","L","SV","HLD","ERA","GS","G","IP","H","ER","HR","SO","BB","WHIP","K/9","BB/9","FIP","ADP","playerid"
"Liam Hendriks","White Sox","4","3","30","3","2.84","0","64","66.0","50","21","7","91","17","1.02","12.47","2.37","2.60","63.9","3548"
"Edwin Diaz","Mets","3","3","28","4","3.07","0","67","65.0","48","22","7","106","25","1.13","14.75","3.49","2.78","86.2","14710"
"James Karinchak","Indians","3","2","27","6","3.25","0","64","62.0","40","22","6","104","35","1.21","15.02","5.11","2.81","109.7","20151"
"Jacob deGrom","Mets","14","7","0","0","2.85","30","31","194.0","151","61","21","254","50","1.04","11.82","2.34","2.82","6.6","10954"
"Devin Williams","Brewers","4","3","8","23","2.95","0","65","69.0","51","23","6","100","32","1.21","13.03","4.19","2.92","179.0","15816"
"Evan Phillips","","1","2","0","3","5.47","0","34","38.0","39","23","2","46","18","1.48","10.82","4.16","2.97","999.0","17734"
"Shane Bieber","Indians","15","8","0","0","3.21","30","32","200.0","170","71","25","251","46","1.09","11.31","2.09","3.01","9.8","19427"
"Nick Anderson","Rays","5","3","16","14","3.12","0","64","63.0","48","22","8","89","19","1.06","12.68","2.72","3.03","166.5","18337"
"Victor Gonzalez","Dodgers","4","2","1","7","3.00","0","51","58.0","51","19","6","64","16","1.15","9.88","2.39","3.06","999.0","16408"
"Tommy Kahnle","Dodgers","0","0","0","2","2.77","0","7","7.0","6","2","1","10","2","1.08","12.25","2.84","3.14","999.0","11384"
"Roberto Osuna","","2","1","12","1","2.91","0","32","29.0","22","10","2","30","5","0.91","9.03","1.40","3.16","505.0","13764"
"Aroldis Chapman","Yankees","3","2","32","1","3.02","0","59","57.0","39","19","6","87","27","1.14","13.69","4.20","3.24","76.5","10233"
"Peter Fairbanks","Rays","5","4","6","15","3.47","0","66","63.0","51","24","7","86","27","1.24","12.21","3.86","3.25","469.9","17998"
"Jose Castillo","Padres","1","1","0","1","3.50","0","22","21.0","15","8","2","26","8","1.12","11.31","3.37","3.28","999.0","17169"
"Aaron Bummer","White Sox","2","2","3","17","2.99","0","58","60.0","50","20","4","66","24","1.22","9.81","3.61","3.32","486.3","16258"
"Taylor Rogers","Twins","3","3","30","3","3.47","0","63","65.0","60","25","7","75","16","1.18","10.34","2.25","3.32","140.6","13449"
"Tyler Matzek","Braves","4","3","0","4","3.54","0","55","61.0","51","24","6","79","28","1.29","11.58","4.14","3.35","593.8","10058"
"Chris Martin","Braves","3","2","5","15","3.32","0","58","58.0","52","21","7","61","11","1.09","9.41","1.73","3.36","360.0","11847"
"Giovanny Gallegos","Cardinals","4","3","11","7","3.62","0","61","60.0","48","24","8","72","17","1.08","10.76","2.57","3.37","290.0","14986"
"Josh Hader","Brewers","3","2","32","2","3.20","0","65","66.0","41","23","9","105","25","1.00","14.32","3.45","3.38","59.8","14212"
"Chris Sale","Red Sox","6","4","0","0","3.74","15","19","88.0","71","36","11","112","26","1.11","11.50","2.68","3.39","248.0","10603"
"Jake Diekman","Athletics","3","2","13","19","3.34","0","65","61.0","46","23","5","78","33","1.30","11.61","4.86","3.39","304.6","5003"
"Garrett Crochet","White Sox","1","1","0","2","3.26","1","21","26.0","22","9","3","29","9","1.16","10.17","2.96","3.39","999.0","27463"
"Emmanuel Clase","Indians","3","4","7","17","3.55","0","57","59.0","55","23","6","60","19","1.26","9.24","2.85","3.41","480.3","21032"
"Ryan Pressly","Astros","3","3","30","4","3.34","0","63","62.0","52","23","7","76","18","1.15","11.11","2.68","3.41","128.0","7005"
"Gerrit Cole","Yankees","16","7","0","0","3.31","30","31","195.0","152","71","30","257","52","1.05","11.88","2.42","3.45","6.3","13125"
"Austin Adams","Padres","3","2","2","10","3.54","0","53","52.0","41","20","6","73","27","1.30","12.61","4.60","3.46","595.6","13801"
"Brusdar Graterol","Dodgers","4","3","4","14","3.35","0","60","60.0","55","22","5","53","17","1.19","7.93","2.56","3.50","464.2","20367"
"Walker Buehler","Dodgers","12","6","0","0","3.47","29","30","169.0","142","65","23","192","46","1.11","10.24","2.44","3.50","19.6","19374"
"Tyler Glasnow","Rays","13","7","0","0","3.68","28","29","160.0","124","66","22","214","60","1.15","12.01","3.38","3.52","54.6","14374"
"Trevor May","Mets","3","2","3","18","3.58","0","63","62.0","50","25","9","84","24","1.18","12.18","3.42","3.55","514.6","6398"
"Kirby Yates","Blue Jays","3","3","11","5","3.67","0","52","48.0","41","19","6","67","17","1.22","12.67","3.17","3.56","183.9","9073"
"Jeremy Beasley","Diamondbacks","0","0","0","1","4.60","0","11","8.0","9","4","1","10","3","1.49","10.80","3.44","3.58","999.0","20205"
"Blake Snell","Padres","13","8","0","0","3.39","29","30","163.0","134","61","21","200","61","1.20","11.09","3.35","3.58","45.3","13543"
"Raisel Iglesias","Angels","4","4","29","1","3.49","0","63","65.0","53","25","9","79","19","1.12","11.01","2.67","3.58","96.4","17130"
"Luis Castillo","Reds","14","10","0","0","3.45","31","32","188.0","163","72","22","219","67","1.23","10.47","3.23","3.58","27.0","15689"
"Framber Valdez","Astros","11","8","0","0","3.80","27","28","163.0","148","69","17","170","60","1.28","9.40","3.34","3.59","96.9","17295"
"Brandon Woodruff","Brewers","12","9","0","0","3.76","30","32","180.0","161","75","23","201","52","1.18","10.01","2.59","3.59","34.8","16162"
"Jordan Hicks","Cardinals","3","2","14","6","3.31","0","54","55.0","44","20","4","57","26","1.28","9.45","4.31","3.59","260.0","19618"
"Tyler Duffey","Twins","3","3","4","19","3.72","0","62","63.0","55","26","8","72","18","1.16","10.36","2.55","3.60","477.6","13758"
"Diego Castillo","Rays","4","3","14","13","3.24","0","65","64.0","51","23","7","72","25","1.18","10.09","3.49","3.60","334.8","17496"
"Mauricio Llovera","Phillies","0","0","0","1","6.55","1","7","8.0","8","6","1","8","3","1.43","9.13","3.47","3.62","999.0","20080"
"Max Scherzer","Nationals","13","8","0","0","3.60","28","29","176.0","154","70","25","223","49","1.16","11.41","2.51","3.63","29.8","3137"
"Jose Alvarado","Phillies","2","3","6","10","3.82","0","59","58.0","48","25","6","70","29","1.33","10.86","4.47","3.63","571.2","17780"
"Yu Darvish","Padres","13","8","0","0","3.51","30","31","181.0","153","71","24","216","55","1.15","10.74","2.73","3.63","17.5","13074"
"Andres Munoz","Mariners","1","0","0","2","3.44","0","11","11.0","9","4","1","14","6","1.31","11.62","4.63","3.63","588.8","20373"
"Corbin Burnes","Brewers","10","7","0","0","3.85","27","29","154.0","134","66","19","185","61","1.27","10.82","3.56","3.64","62.2","19361"
"A.J. Minter","Braves","4","3","2","11","3.64","0","61","58.0","52","24","6","65","24","1.30","10.07","3.73","3.64","561.8","18655"
"Lance McCullers Jr.","Astros","11","8","0","0","3.75","26","27","151.0","133","63","16","158","55","1.24","9.42","3.27","3.65","123.3","14120"
"Clayton Kershaw","Dodgers","13","7","0","0","3.33","26","27","162.0","146","60","23","168","38","1.13","9.32","2.09","3.65","35.9","2036"
"Zack Britton","Yankees","3","3","5","17","3.12","0","59","59.0","50","21","4","53","28","1.31","8.11","4.19","3.65","379.2","3240"
"Tim Hill","Padres","3","2","1","8","3.78","0","53","49.0","47","21","5","48","17","1.30","8.89","3.07","3.65","999.0","16814"
"Chad Green","Yankees","4","4","1","11","3.72","0","58","62.0","50","26","10","80","18","1.09","11.58","2.59","3.66","564.8","15552"
"Aaron Nola","Phillies","13","10","0","0","3.72","30","32","190.0","165","79","24","218","66","1.22","10.29","3.13","3.66","22.9","16149"
"Rowan Wick","Cubs","3","2","9","17","3.76","0","64","62.0","57","26","6","66","27","1.34","9.52","3.91","3.67","548.1","14646"
"Freddy Peralta","Brewers","7","5","0","10","4.11","10","51","101.0","86","46","14","132","42","1.27","11.85","3.77","3.67","360.2","18679"
"Tyler Rogers","Giants","4","3","10","12","3.99","0","63","62.0","63","28","5","52","21","1.35","7.55","3.06","3.67","552.9","15541"
"Noah Syndergaard","Mets","6","5","0","0","4.06","16","16","93.0","91","42","11","92","26","1.25","8.86","2.55","3.68","303.1","11762"
"Scott Barlow","Royals","3","3","8","16","4.03","0","63","64.0","57","29","8","77","25","1.28","10.72","3.54","3.68","549.3","14993"
"Dinelson Lamet","Padres","10","7","0","0","3.55","25","26","144.0","114","57","19","181","54","1.17","11.31","3.36","3.70","77.8","17186"
"Tanner Scott","Orioles","2","2","4","13","3.53","0","61","59.0","49","23","6","70","30","1.35","10.65","4.64","3.70","580.4","17586"
"Trevor Bauer","","13","10","0","0","3.67","30","31","199.0","164","81","27","239","68","1.16","10.81","3.06","3.74","16.0","12703"
"Kenley Jansen","Dodgers","4","2","29","1","3.94","0","63","60.0","52","26","9","71","17","1.15","10.66","2.60","3.74","144.4","3096"
"Lucas Giolito","White Sox","13","9","0","0","3.84","30","31","184.0","150","79","26","226","66","1.17","11.04","3.25","3.75","19.2","15474"
"A.J. Puk","Athletics","5","4","0","1","3.88","11","24","84.0","73","36","10","92","33","1.26","9.89","3.51","3.76","388.0","19343"
"Will Smith","Braves","4","3","21","11","3.60","0","65","64.0","52","26","10","80","21","1.13","11.22","2.90","3.76","261.2","8048"
"Jordan Romano","Blue Jays","3","3","18","14","3.82","0","60","61.0","51","26","8","75","24","1.24","11.12","3.57","3.76","347.3","16122"
"Matt Barnes","Red Sox","3","3","25","11","3.89","0","63","62.0","51","27","8","84","32","1.33","12.08","4.66","3.78","231.3","12863"
"Pierce Johnson","Padres","3","3","1","5","3.91","0","58","53.0","45","23","7","65","24","1.29","10.94","4.03","3.78","591.4","13435"
"Phil Maton","Indians","3","3","0","10","4.17","0","57","58.0","53","27","8","67","20","1.27","10.35","3.18","3.79","598.7","18064"
"Brad Hand","Nationals","4","3","17","4","3.66","0","63","61.0","51","25","8","76","20","1.17","11.16","3.02","3.79","142.4","9111"
"Trevor Rosenthal","","3","3","13","6","3.97","0","61","58.0","41","25","6","80","33","1.29","12.49","5.17","3.80","190.6","10745"
"Evan Marshall","White Sox","3","3","2","18","3.86","0","57","57.0","55","24","7","57","21","1.33","9.03","3.28","3.80","596.4","12297"
"Jack Flaherty","Cardinals","12","9","0","0","3.70","30","31","176.0","148","73","24","200","59","1.17","10.20","3.03","3.80","31.0","17479"
"Pablo Lopez","Marlins","11","10","0","0","3.90","29","30","164.0","156","71","20","153","48","1.25","8.42","2.65","3.80","130.2","17085"
"Will Harris","Nationals","3","3","4","16","3.68","0","62","59.0","57","24","7","60","19","1.28","9.06","2.93","3.81","599.0","3192"
"David Bednar","Pirates","0","0","0","0","4.40","0","10","11.0","10","5","1","11","4","1.31","9.16","3.43","3.81","999.0","19569"
"Richard Rodriguez","Pirates","4","3","20","7","3.81","0","65","64.0","57","27","9","72","19","1.20","10.15","2.75","3.81","225.9","13549"
"Sixto Sanchez","Marlins","10","9","0","0","3.87","26","26","148.0","145","64","17","130","43","1.27","7.90","2.61","3.82","131.2","19680"
"Josh James","Astros","1","1","0","2","4.07","1","16","20.0","16","9","3","26","10","1.32","11.81","4.71","3.82","598.2","16794"
"Kevin Gausman","Giants","10","9","0","0","3.97","28","29","163.0","156","72","22","177","49","1.25","9.76","2.71","3.82","136.9","14107"
"Stefan Crichton","Diamondbacks","3","3","21","7","3.87","0","65","63.0","62","27","7","57","21","1.31","8.08","3.02","3.83","257.5","16058"
"Zac Gallen","Diamondbacks","10","8","0","0","3.71","29","30","174.0","153","72","23","189","61","1.23","9.80","3.15","3.83","39.4","19291"
"Sam Selman","Giants","2","3","2","11","3.89","0","55","52.0","43","22","6","61","27","1.35","10.60","4.69","3.83","999.0","13397"
"Mike Mayers","Angels","3","2","4","17","3.86","0","60","63.0","56","27","9","71","22","1.25","10.21","3.13","3.84","477.4","15451"
"Zack Wheeler","Phillies","11","9","0","0","3.94","30","31","188.0","185","82","23","171","52","1.26","8.17","2.50","3.84","91.7","10310"
"Sonny Gray","Reds","12","10","0","0","3.84","30","30","172.0","150","73","20","191","70","1.28","10.01","3.66","3.84","63.4","12768"
"Jesus Luzardo","Athletics","10","8","0","0","3.84","27","28","157.0","146","67","21","157","48","1.24","9.04","2.74","3.85","105.7","19959"
"J.B. Wendelken","Athletics","3","3","8","5","3.65","0","69","65.0","56","27","8","72","26","1.26","9.90","3.64","3.86","480.5","14506"
"Wyatt Mills","Mariners","0","1","0","1","4.40","0","9","9.0","9","4","1","9","3","1.31","8.92","3.30","3.86","999.0","sa918372"
"Codi Heuer","White Sox","4","3","1","9","3.77","0","52","57.0","53","24","6","56","23","1.32","8.84","3.55","3.86","999.0","23293"
"Hyun-Jin Ryu","Blue Jays","13","8","0","0","3.69","30","31","178.0","172","73","23","169","44","1.21","8.54","2.20","3.87","76.0","14444"
"Andrew Kittredge","","1","1","0","3","3.77","0","16","17.0","15","7","2","17","5","1.22","8.89","2.80","3.87","999.0","12828"
"Archie Bradley","Phillies","3","3","17","10","3.98","0","63","66.0","62","29","8","69","24","1.31","9.44","3.31","3.88","308.4","12918"
"Mike Soroka","Braves","9","6","0","0","3.88","24","24","136.0","136","59","15","109","40","1.29","7.22","2.63","3.88","173.8","18383"
"Daniel Castano","Marlins","1","1","0","1","4.44","0","14","19.0","21","9","2","14","6","1.41","6.37","2.59","3.89","999.0","19805"
"Darwinzon Hernandez","Red Sox","2","3","0","10","3.95","0","53","57.0","45","25","5","79","42","1.52","12.39","6.54","3.89","588.2","19848"
"Mark Melancon","","3","3","16","7","3.92","0","59","57.0","61","25","6","46","17","1.37","7.20","2.74","3.89","318.2","4264"
"Tony Gonsolin","Dodgers","8","6","0","1","3.79","16","32","117.0","103","49","15","116","37","1.20","8.95","2.86","3.89","209.4","19388"
"Seth Lugo","Mets","6","5","2","7","4.09","13","38","88.0","83","40","14","99","24","1.21","10.10","2.41","3.89","392.6","12447"
"Dustin May","Dodgers","9","5","0","0","3.61","23","38","134.0","127","54","16","117","38","1.23","7.87","2.55","3.90","166.9","19716"
"Jonathan Hernandez","Rangers","4","4","7","16","3.71","0","62","69.0","62","29","9","72","26","1.28","9.33","3.42","3.90","463.5","17464"
"Tanner Rainey","Nationals","3","3","15","17","3.81","0","63","62.0","44","26","9","88","35","1.28","12.71","5.06","3.90","379.3","17610"
"Reyes Moronta","Giants","3","3","10","9","3.78","0","54","54.0","44","23","6","65","28","1.33","10.72","4.70","3.90","446.5","14966"
"Brendan McKay","Rays","4","3","0","1","3.75","8","22","57.0","50","24","8","64","19","1.22","10.25","2.99","3.91","567.7","20186"
"Ian Anderson","Braves","11","8","0","0","3.66","25","26","145.0","123","59","17","157","63","1.29","9.76","3.92","3.91","98.2","19951"
"Max Fried","Braves","13","7","0","0","3.74","29","30","164.0","160","68","18","156","56","1.32","8.57","3.06","3.91","63.4","13743"
"Joe Musgrove","Padres","10","11","0","0","4.12","30","31","172.0","165","79","23","176","48","1.24","9.17","2.52","3.92","136.7","12970"
"Sam Clay","Nationals","0","0","0","1","4.35","0","7","7.0","8","4","1","7","4","1.53","7.98","4.27","3.92","999.0","sa828815"
"Wander Suero","Nationals","4","3","1","11","4.42","0","57","57.0","55","28","7","58","21","1.34","9.21","3.32","3.92","999.0","15855"
"Alex Reyes","Cardinals","3","3","7","7","3.86","0","55","59.0","46","26","7","72","33","1.34","10.82","5.03","3.93","385.5","15015"
"Cody Reed","Rays","2","2","0","4","3.75","0","41","45.0","39","19","5","47","19","1.30","9.38","3.86","3.93","999.0","15232"
"Ty Buttrey","Angels","3","3","3","12","4.11","0","58","59.0","56","27","7","58","20","1.29","8.84","3.11","3.93","597.2","14719"
"Brent Suter","Brewers","5","4","1","7","3.96","4","58","85.0","83","37","12","84","20","1.21","8.86","2.14","3.94","561.2","13942"
"Joakim Soria","","3","3","2","17","4.06","0","61","59.0","54","27","8","63","21","1.26","9.63","3.18","3.94","597.0","6941"
"Carlos Carrasco","Mets","11","9","0","0","3.61","28","30","171.0","153","69","24","197","52","1.19","10.34","2.73","3.95","68.0","6632"
"Cody Stashak","Twins","3","3","1","9","4.46","0","50","55.0","54","27","9","57","14","1.24","9.33","2.31","3.95","600.1","18088"
"Dylan Floro","Dodgers","3","2","0","6","4.03","0","45","43.0","44","19","5","36","13","1.30","7.47","2.60","3.96","597.3","13394"
"Rico Garcia","Giants","1","1","0","2","4.02","1","15","16.0","16","7","2","14","6","1.40","8.26","3.33","3.96","999.0","20023"
"Josh Sborz","Dodgers","1","1","0","1","3.98","0","12","13.0","12","6","2","13","5","1.35","9.40","3.36","3.97","999.0","18323"
"Zack Greinke","Astros","12","9","0","0","4.02","29","30","182.0","177","81","28","167","37","1.18","8.28","1.84","3.97","111.7","1943"
"Dellin Betances","Mets","2","2","2","13","4.23","0","49","46.0","37","22","4","56","23","1.31","11.07","4.58","3.97","600.0","6216"
"Blake Treinen","Dodgers","4","4","6","16","3.69","0","67","64.0","57","26","6","63","24","1.28","8.85","3.45","3.97","448.3","12572"
"Chris Paddack","Padres","11","9","0","0","3.94","27","28","152.0","142","67","24","153","35","1.16","9.06","2.07","3.98","109.1","20099"
"Charlie Morton","Braves","12","8","0","0","3.83","27","27","152.0","140","65","18","164","49","1.24","9.70","2.89","3.98","129.8","4676"
"Joely Rodriguez","Rangers","3","3","3","14","3.81","0","60","62.0","55","26","6","69","26","1.29","9.97","3.76","3.98","594.4","11487"
"Matt Wisler","Giants","2","3","3","8","3.98","1","59","65.0","61","29","9","72","21","1.25","9.88","2.86","3.99","572.9","12804"
"Brett Martin","Rangers","2","3","0","9","4.01","0","53","56.0","55","25","6","51","21","1.34","8.18","3.33","4.00","999.0","17369"
"Emilio Pagan","Padres","3","2","6","15","3.81","0","61","61.0","50","26","10","70","18","1.11","10.24","2.58","4.00","469.1","14771"
"Yimi Garcia","Marlins","3","4","15","11","3.72","0","68","62.0","54","26","9","65","18","1.17","9.46","2.66","4.00","374.8","12095"
"Kyle Hendricks","Cubs","13","10","0","0","3.83","31","31","192.0","190","82","26","157","39","1.20","7.38","1.85","4.00","86.7","12049"
"Stephen Tarpley","Mets","1","0","0","2","4.99","0","11","11.0","10","6","1","11","5","1.42","9.41","4.22","4.00","999.0","15859"
"Sam Delaplane","Mariners","0","1","0","1","3.78","0","9","10.0","9","4","1","11","4","1.31","10.18","4.00","4.01","999.0","sa3004222"
"Craig Stammen","Padres","3","2","0","8","4.19","0","45","45.0","46","21","6","39","11","1.27","7.73","2.28","4.01","600.3","7274"
"Jake McGee","","3","3","1","10","4.11","0","56","51.0","47","23","8","59","16","1.24","10.44","2.81","4.01","999.0","7550"
"Craig Kimbrel","Cubs","2","2","22","6","4.03","0","53","50.0","36","22","7","73","24","1.22","13.15","4.38","4.02","195.3","6655"
"Jeffrey Springs","Red Sox","1","1","0","0","4.71","0","9","10.0","9","5","2","12","4","1.36","10.80","3.56","4.02","999.0","17677"
"Justin Wilson","","4","3","0","14","3.95","0","53","52.0","44","23","6","60","26","1.36","10.42","4.59","4.02","601.0","4301"
"Dillon Maples","Cubs","1","1","0","1","4.31","0","14","12.0","9","6","1","16","10","1.52","12.27","7.10","4.03","999.0","14672"
"Blake Cederlind","Pirates","1","1","0","1","4.62","0","27","26.0","26","13","3","24","12","1.44","8.39","4.12","4.03","999.0","20344"
"Justin Topa","Brewers","2","4","1","3","4.18","0","50","57.0","57","26","8","57","20","1.36","9.01","3.24","4.03","999.0","15145"
"Kevin Ginkel","Diamondbacks","3","3","5","10","4.22","0","62","59.0","52","28","8","70","27","1.33","10.56","4.12","4.04","590.7","19876"
"Joe Kelly","Dodgers","3","3","1","12","3.76","0","56","51.0","46","21","5","52","24","1.36","9.18","4.16","4.04","600.7","9761"
"Jose Leclerc","Rangers","3","3","19","7","3.90","0","66","67.0","51","29","8","91","36","1.31","12.21","4.92","4.04","344.5","14524"
"Luis Severino","Yankees","6","4","0","0","3.88","14","19","83.0","77","36","11","89","24","1.22","9.71","2.63","4.06","411.4","15890"
"Nick Mears","Pirates","0","1","0","1","4.59","0","10","12.0","11","6","1","13","6","1.41","10.15","4.45","4.06","999.0","25376"
"Patrick Corbin","Nationals","11","11","0","0","4.02","30","31","186.0","187","83","26","186","60","1.33","9.02","2.88","4.06","143.6","9323"
"Marcus Stroman","Mets","11","9","0","0","3.94","28","29","165.0","167","72","18","139","56","1.35","7.56","3.05","4.06","206.5","13431"
"Drew Pomeranz","Padres","3","2","18","13","3.66","0","63","63.0","52","26","8","81","29","1.28","11.55","4.12","4.06","239.2","11426"
"Brent Honeywell Jr.","Rays","5","3","0","0","4.29","12","19","69.0","69","33","10","69","20","1.30","9.04","2.66","4.07","999.0","sa828706"
"Jace Fry","White Sox","2","2","0","8","4.26","0","49","48.0","42","23","6","53","25","1.39","9.97","4.66","4.07","999.0","16159"
"Andrew Chafin","","2","2","1","15","4.09","0","54","44.0","40","20","5","50","19","1.34","10.29","3.92","4.07","999.0","12988"
"Jonathan Loaisiga","Yankees","5","3","0","6","4.04","4","51","72.0","66","32","11","78","24","1.26","9.74","3.05","4.07","561.0","19753"
"Lou Trivino","Athletics","3","3","2","12","4.31","0","63","64.0","56","31","8","65","27","1.31","9.21","3.83","4.07","578.9","15043"
"Robert Stock","Cubs","0","1","0","1","4.32","0","8","8.0","8","4","1","9","4","1.42","9.70","4.48","4.07","999.0","6576"
"Michel Baez","Padres","1","1","0","1","4.42","1","15","18.0","17","9","2","19","8","1.42","9.68","4.23","4.07","999.0","20100"
"German Marquez","Rockies","12","10","0","0","4.28","30","31","186.0","187","89","26","180","52","1.28","8.69","2.49","4.07","162.2","15038"
"Cionel Perez","Reds","1","1","0","4","4.09","0","26","29.0","28","13","3","29","13","1.41","9.15","4.01","4.08","999.0","19614"
"Felix Pena","Angels","4","3","1","11","4.15","1","54","65.0","63","30","9","69","22","1.29","9.54","3.01","4.08","600.7","13403"
"Logan Webb","Giants","7","9","0","0","4.44","24","25","132.0","138","65","14","114","51","1.43","7.74","3.47","4.08","564.7","17995"
"Seranthony Dominguez","Phillies","0","0","0","2","3.66","0","8","8.0","6","3","1","9","3","1.21","10.31","3.71","4.08","999.0","19249"
"Josh Taylor","Red Sox","2","2","1","10","4.22","0","48","48.0","45","23","6","52","21","1.37","9.79","3.95","4.09","999.0","17359"
"Josh Staumont","Royals","3","4","7","12","3.95","0","60","62.0","54","27","8","80","38","1.48","11.51","5.50","4.09","454.5","18335"
"Taylor Williams","Padres","1","1","2","2","4.36","0","27","27.0","27","13","3","27","12","1.40","9.07","3.85","4.09","999.0","14899"
"Patrick Murphy","Blue Jays","1","1","0","2","4.21","0","23","27.0","26","13","3","25","11","1.37","8.18","3.59","4.10","999.0","19712"
"Anthony Misiewicz","Mariners","2","3","1","19","4.15","0","55","58.0","56","27","9","58","18","1.29","9.14","2.84","4.10","999.0","18152"
"Jonathan Brubaker","Pirates","6","8","0","0","4.30","20","30","122.0","124","58","16","114","42","1.36","8.40","3.11","4.10","505.0","17578"
"Tyler Zuber","Royals","2","2","0","2","4.71","0","35","34.0","32","18","5","38","15","1.37","10.15","3.97","4.10","999.0","20379"
"Nathan Eovaldi","Red Sox","10","7","0","0","4.24","25","26","144.0","143","68","23","146","41","1.27","9.09","2.54","4.10","238.0","9132"
"Drew Rasmussen","Brewers","3","3","0","2","4.36","6","37","67.0","60","32","9","77","31","1.38","10.37","4.23","4.10","999.0","25385"
"Greg Holland","Royals","3","3","16","8","4.14","0","60","59.0","52","27","7","62","28","1.35","9.46","4.23","4.11","292.5","7196"
"Joe Smith","Astros","3","2","1","5","3.91","0","50","49.0","46","21","7","46","14","1.23","8.51","2.59","4.11","999.0","3281"
"Kyle Finnegan","Nationals","2","2","0","10","4.08","0","53","52.0","50","24","7","55","23","1.38","9.44","3.87","4.11","999.0","15009"
"Kenta Maeda","Twins","12","8","0","0","4.17","29","30","170.0","151","79","26","182","52","1.20","9.63","2.77","4.11","46.5","18498"
"Tejay Antone","Reds","5","7","3","3","4.05","12","47","114.0","109","51","15","114","46","1.36","8.97","3.63","4.11","999.0","16233"
"Caleb Thielbar","Twins","3","2","0","7","4.27","0","50","52.0","53","25","7","50","17","1.35","8.69","2.94","4.11","999.0","10078"
"Trevor Rogers","Marlins","5","7","0","0","4.37","19","20","100.0","97","49","14","105","39","1.36","9.47","3.54","4.11","999.0","22286"
"Adrian Morejon","Padres","5","4","0","1","3.95","16","27","74.0","68","32","12","81","26","1.28","9.90","3.18","4.12","521.1","20039"
"Eduardo Rodriguez","Red Sox","10","7","0","0","4.17","25","25","145.0","139","67","20","152","53","1.33","9.42","3.31","4.12","226.7","13164"
"Genesis Cabrera","Cardinals","3","3","0","6","4.12","1","37","44.0","40","20","6","50","21","1.37","10.15","4.28","4.12","591.4","17490"
"Scott Alexander","Dodgers","2","1","0","5","3.70","0","33","29.0","29","12","3","24","13","1.41","7.19","3.88","4.13","999.0","10591"
"Bernardo Flores Jr.","White Sox","1","1","0","1","4.66","0","14","15.0","16","8","2","13","4","1.34","7.53","2.34","4.13","999.0","19561"
"Jameson Taillon","Yankees","8","9","0","0","4.36","25","26","150.0","152","72","19","130","42","1.30","7.83","2.52","4.13","225.3","11674"
"Dominic Leone","","0","0","0","1","4.31","0","7","6.0","6","3","1","7","3","1.36","10.03","3.86","4.13","999.0","13763"
"Ryan Thompson","Rays","2","3","2","12","4.37","0","55","53.0","54","26","7","47","17","1.33","7.96","2.83","4.14","999.0","16647"
"Sam Howard","Pirates","2","2","0","4","4.38","0","41","42.0","41","20","6","44","18","1.40","9.45","3.90","4.14","999.0","16265"
"Austin Davis","Pirates","0","0","0","1","4.75","0","11","11.0","11","6","1","11","5","1.40","8.81","3.82","4.14","999.0","17117"
"Jeremy Walker","Braves","0","0","0","0","3.86","0","5","7.0","7","3","1","5","2","1.38","7.52","2.81","4.14","999.0","19981"
"Spencer Turnbull","Tigers","8","11","0","0","4.53","28","30","160.0","155","81","19","150","66","1.38","8.41","3.72","4.15","368.3","16207"
"John Brebbia","Giants","0","0","0","1","4.31","0","7","7.0","6","3","1","8","2","1.23","9.80","2.89","4.15","999.0","12777"
"Gregory Soto","Tigers","2","4","5","11","4.44","1","53","59.0","52","29","7","64","32","1.42","9.72","4.83","4.15","526.1","19677"
"Adam Kolarek","Dodgers","3","2","0","9","3.69","0","50","44.0","44","18","4","34","13","1.30","6.89","2.71","4.15","999.0","10843"
"Oliver Drake","","1","1","0","2","4.09","0","25","26.0","23","12","3","26","10","1.31","9.16","3.58","4.15","999.0","8823"
"Ryan Borucki","Blue Jays","2","3","2","12","4.32","0","50","53.0","51","25","7","52","21","1.37","8.90","3.55","4.16","999.0","16350"
"Ryan Yarbrough","Rays","9","9","0","0","4.24","25","28","157.0","157","74","23","129","38","1.24","7.40","2.16","4.17","257.7","16502"
"Nick Wittgren","Indians","3","3","2","18","4.25","0","63","62.0","58","29","10","64","19","1.26","9.31","2.77","4.17","557.7","15594"
"Kent Emanuel","Astros","1","1","0","1","4.12","0","15","15.0","15","7","2","14","5","1.35","8.22","2.95","4.17","999.0","sa549399"
"Duane Underwood Jr.","Cubs","2","2","0","3","4.55","0","50","54.0","52","27","8","59","21","1.36","9.78","3.52","4.17","999.0","14677"
"Chaz Roe","","1","1","7","5","4.32","0","39","33.0","31","16","4","36","15","1.39","9.75","4.04","4.18","999.0","9866"
"Frankie Montas","Athletics","10","9","0","0","4.24","27","27","148.0","138","70","21","146","49","1.26","8.89","2.98","4.18","157.6","14309"
"Nabil Crismatt","Padres","0","0","0","1","4.22","0","6","10.0","10","5","2","10","3","1.28","8.91","2.42","4.18","999.0","17732"
"Dan Altavilla","Padres","2","2","0","3","4.28","0","30","29.0","25","14","4","34","15","1.36","10.64","4.54","4.18","999.0","16507"
"Lance Lynn","White Sox","13","9","0","0","4.08","30","31","191.0","174","87","28","205","63","1.24","9.66","2.99","4.18","50.8","2520"
"Scott Oberg","Rockies","2","2","0","3","4.17","0","32","34.0","33","16","4","32","12","1.33","8.43","3.27","4.19","576.8","13911"
"John Gant","Cardinals","3","2","0","9","4.05","0","37","37.0","34","17","4","35","17","1.37","8.45","4.07","4.19","600.2","13684"
"Jose Alvarez","","2","2","0","5","4.35","0","37","36.0","36","17","5","32","13","1.35","7.96","3.19","4.19","999.0","5358"
"Drew Smith","Mets","0","0","0","1","4.80","0","8","8.0","8","4","1","8","3","1.37","8.39","3.31","4.19","999.0","17755"
"Andrew Heaney","Angels","10","8","0","0","4.30","29","30","167.0","158","80","28","176","49","1.24","9.48","2.65","4.19","212.2","15423"
"Riley Smith","Diamondbacks","3","2","0","3","4.36","1","38","48.0","51","23","6","41","15","1.39","7.74","2.82","4.19","999.0","19826"
"James Paxton","","9","7","0","0","4.32","23","30","126.0","118","61","20","145","42","1.26","10.29","2.98","4.20","262.1","11828"
"David Price","Dodgers","9","6","0","0","4.03","22","23","122.0","116","55","19","125","38","1.26","9.21","2.83","4.20","184.5","3184"
"Enoli Paredes","Astros","4","3","2","13","4.26","0","53","56.0","48","26","7","63","28","1.37","10.17","4.54","4.20","999.0","20447"
"Miles Mikolas","Cardinals","8","8","0","0","4.26","24","24","139.0","147","66","20","105","28","1.26","6.84","1.83","4.20","425.8","9803"
"Adam Ottavino","Red Sox","4","4","3","17","4.07","0","59","56.0","47","25","7","70","29","1.36","11.38","4.66","4.20","523.2","1247"
"Amir Garrett","Reds","3","2","17","14","3.83","0","63","58.0","49","25","9","74","27","1.31","11.46","4.18","4.21","329.5","14375"
"Miguel Castro","Mets","3","3","1","12","4.05","0","53","54.0","50","24","7","60","26","1.40","9.86","4.35","4.22","999.0","15684"
"Anthony Bass","Marlins","3","4","6","11","4.04","0","59","60.0","52","27","8","52","21","1.23","7.81","3.21","4.22","444.8","7982"
"Jorge Alcala","Twins","3","3","4","6","4.35","0","50","58.0","55","28","8","61","24","1.35","9.41","3.65","4.22","598.0","19459"
"Stephen Strasburg","Nationals","12","9","0","0","3.93","28","28","160.0","148","70","22","169","49","1.23","9.52","2.73","4.22","71.6","10131"
"Ryan Hendrix","Reds","2","1","0","4","4.39","0","29","30.0","28","15","3","32","15","1.44","9.62","4.57","4.22","999.0","sa738145"
"Tommy Hunter","","2","3","1","11","4.31","0","53","53.0","53","25","7","47","15","1.28","8.00","2.51","4.22","999.0","1157"
"Alex Claudio","Angels","2","2","1","10","4.15","0","55","53.0","56","24","5","38","17","1.37","6.41","2.80","4.22","999.0","12890"
"Julio Urias","Dodgers","10","6","0","0","3.85","26","29","144.0","132","62","19","137","52","1.28","8.52","3.24","4.23","116.4","14765"
"Julian Merryweather","Blue Jays","3","3","0","8","4.40","5","44","74.0","70","36","11","76","27","1.31","9.29","3.27","4.23","600.5","16703"
"Gerardo Reyes","Angels","2","2","0","2","4.25","0","33","34.0","31","16","5","39","16","1.37","10.08","4.12","4.23","999.0","16306"
"Alex Colome","","4","3","22","5","3.62","0","61","61.0","53","25","7","53","22","1.23","7.77","3.22","4.23","204.7","6661"
"Joel Payamps","Red Sox","1","1","0","2","4.14","2","26","37.0","39","17","5","34","12","1.39","8.22","3.00","4.23","999.0","14332"
"Connor Brogdon","Phillies","4","3","4","5","4.27","0","54","59.0","51","28","10","71","24","1.27","10.85","3.71","4.23","999.0","21205"
"Matt Foster","White Sox","4","3","0","9","4.01","0","48","51.0","45","23","8","52","19","1.27","9.25","3.38","4.23","999.0","19647"
"Drew Smyly","Braves","6","6","0","0","4.44","21","24","120.0","111","59","21","140","45","1.30","10.53","3.38","4.23","219.6","11760"
"Sam McWilliams","Mets","0","1","0","1","4.72","0","11","12.0","13","6","1","10","4","1.47","8.09","3.35","4.24","999.0","sa829124"
"Zach Plesac","Indians","10","9","0","0","4.19","28","28","167.0","160","78","27","156","42","1.21","8.43","2.26","4.24","68.3","19979"
"Sandy Alcantara","Marlins","10","10","0","0","4.10","29","30","180.0","171","82","23","164","70","1.34","8.18","3.51","4.24","138.5","18684"
"Kyle McGowin","Nationals","3","2","1","6","4.52","1","46","55.0","54","27","9","59","19","1.32","9.71","3.05","4.24","999.0","15071"
"Ryan Brasier","Red Sox","3","3","2","11","4.27","1","57","63.0","59","30","10","66","22","1.29","9.52","3.18","4.24","999.0","5615"
"Daniel Bard","Rockies","4","3","18","6","4.23","0","58","60.0","55","28","8","61","26","1.37","9.21","3.96","4.25","331.8","7115"
"Chris Bassitt","Athletics","11","8","0","0","4.04","27","28","162.0","155","73","23","144","53","1.28","8.00","2.92","4.25","178.4","12304"
"Marco Gonzales","Mariners","11","10","0","0","4.26","29","30","182.0","185","86","26","146","44","1.26","7.20","2.18","4.25","163.4","15467"
"Rafael Montero","Mariners","2","3","22","5","3.80","0","61","65.0","54","27","9","72","23","1.20","10.02","3.22","4.25","200.3","12760"
"Rafael Dolis","Blue Jays","4","4","13","14","3.64","0","63","63.0","55","25","8","70","30","1.37","10.04","4.37","4.25","492.0","4185"
"Eric Yardley","Brewers","2","2","0","3","4.06","0","51","52.0","56","24","6","38","17","1.40","6.53","2.90","4.25","999.0","15538"
"Aaron Fletcher","Mariners","0","0","0","2","4.46","0","9","8.0","7","4","1","8","3","1.35","9.71","3.57","4.25","999.0","22052"
"Chris Stratton","Pirates","2","3","2","14","4.50","1","49","60.0","60","30","8","59","22","1.38","8.93","3.39","4.26","595.8","13761"
"David Phelps","","4","4","0","13","4.31","0","56","55.0","50","26","8","63","24","1.34","10.38","3.89","4.26","999.0","6316"
"Isaac Mattson","Orioles","1","1","0","1","4.77","0","10","11.0","10","6","1","11","4","1.38","9.20","3.82","4.27","999.0","sa915667"
"Daniel Norris","Tigers","3","3","0","2","4.33","3","41","62.0","62","30","9","60","19","1.30","8.64","2.79","4.27","588.4","13475"
"Corey Knebel","Dodgers","3","2","3","10","4.03","0","49","46.0","38","21","7","55","20","1.25","10.77","3.95","4.27","550.4","15010"
"Brady Singer","Royals","9","10","0","0","4.33","25","26","146.0","144","70","19","126","50","1.33","7.78","3.09","4.28","248.0","25377"
"Shohei Ohtani","Angels","4","5","0","0","4.33","19","26","68.0","61","33","9","75","33","1.37","9.84","4.34","4.28","229.6","19755"
"Jeurys Familia","Mets","3","2","1","9","4.23","0","52","52.0","49","24","5","51","28","1.47","8.88","4.81","4.28","600.9","5114"
"Sean Hjelle","Giants","2","2","0","0","4.52","6","6","35.0","41","18","4","25","12","1.52","6.48","3.10","4.28","999.0","sa3007989"
"Corey Kluber","Yankees","7","7","0","0","4.13","22","22","122.0","116","56","18","123","32","1.21","9.07","2.35","4.29","208.2","2429"
"Nick Vincent","","0","1","0","3","4.66","0","20","23.0","23","12","4","20","6","1.22","7.97","2.16","4.29","999.0","7555"
"Sean Reid-Foley","Mets","1","1","0","1","4.54","2","22","28.0","26","14","4","31","14","1.41","9.92","4.57","4.29","999.0","17034"
"Jose Berrios","Twins","13","10","0","0","4.02","30","31","185.0","170","83","26","190","59","1.23","9.24","2.86","4.29","85.3","14168"
"Jacob Barnes","Mets","2","1","0","3","4.60","0","38","37.0","37","19","5","38","13","1.36","9.32","3.29","4.30","999.0","12323"
"Geoff Hartlieb","Pirates","1","1","0","6","4.58","0","34","36.0","36","18","4","32","17","1.46","8.10","4.23","4.30","999.0","19558"
"Aaron Civale","Indians","10","10","0","0","4.48","27","27","159.0","166","79","25","136","41","1.30","7.73","2.30","4.30","183.8","19479"
"Jeff Brigham","Marlins","1","2","0","3","4.47","0","34","36.0","33","18","5","34","15","1.32","8.53","3.61","4.30","999.0","16631"
"Luke Jackson","Braves","2","2","1","6","4.35","0","35","36.0","36","18","4","36","15","1.40","8.96","3.68","4.30","999.0","11752"
"Corey Oswalt","Mets","1","0","0","0","4.25","1","9","13.0","14","6","2","12","4","1.36","8.28","2.88","4.31","999.0","13677"
"Edgar Santana","Pirates","0","0","0","0","4.52","0","8","7.0","8","4","1","7","2","1.36","8.17","2.90","4.31","999.0","17355"
"Victor Arano","Braves","1","1","0","2","4.44","0","31","35.0","33","17","5","37","13","1.33","9.49","3.47","4.31","999.0","15915"
"Brad Keller","Royals","10","10","0","0","4.39","28","29","168.0","169","82","18","121","64","1.39","6.47","3.43","4.31","323.2","15734"
"Sean Poppen","Pirates","1","1","0","0","4.60","2","9","18.0","19","9","2","17","8","1.50","8.55","4.00","4.31","999.0","19583"
"Justus Sheffield","Mariners","9","9","0","0","4.20","27","28","151.0","148","70","19","134","64","1.40","7.96","3.79","4.31","291.2","17285"
"Dillon Tate","Orioles","2","2","1","7","4.54","0","48","56.0","56","29","8","48","19","1.33","7.58","3.03","4.31","599.8","17796"
"Keone Kela","Pirates","2","2","8","7","3.62","0","48","45.0","37","18","7","55","19","1.24","11.00","3.72","4.31","568.0","14696"
"Randy Dobnak","Twins","9","9","0","0","4.56","23","26","130.0","142","66","15","85","37","1.38","5.90","2.58","4.31","487.2","23798"
"Kyle Zimmer","Royals","2","2","3","8","4.51","0","52","54.0","49","27","7","57","28","1.43","9.52","4.69","4.31","600.3","14169"
"John Schreiber","Tigers","2","2","0","3","4.96","0","36","37.0","36","21","6","35","13","1.32","8.52","3.18","4.32","999.0","20020"
"Michael Pineda","Twins","10","7","0","0","4.54","24","25","138.0","140","69","22","128","35","1.27","8.35","2.28","4.32","231.3","5372"
"Nick Ramirez","","1","1","0","1","4.49","0","21","28.0","27","14","4","25","11","1.37","8.15","3.45","4.32","999.0","12575"
"Kodi Whitley","Cardinals","1","2","0","3","4.69","0","38","36.0","36","19","5","33","14","1.37","8.11","3.45","4.33","999.0","19731"
"Yusei Kikuchi","Mariners","8","10","0","0","4.47","27","28","154.0","149","76","22","139","54","1.33","8.15","3.18","4.33","346.6","20633"
"Jordan Montgomery","Yankees","9","7","0","0","4.20","26","27","145.0","141","68","22","145","45","1.28","9.01","2.77","4.33","236.9","16511"
"Cal Quantrill","Indians","5","5","0","11","4.46","13","34","100.0","104","49","15","88","30","1.35","7.97","2.68","4.33","436.2","19312"
"Luke Weaver","Diamondbacks","8","10","0","0","4.73","26","27","143.0","148","75","23","142","45","1.35","8.93","2.85","4.33","437.3","16918"
"Matt Strahm","Padres","3","3","0","7","4.10","1","48","55.0","52","25","8","53","15","1.22","8.69","2.51","4.33","599.4","13799"
"David Peterson","Mets","8","7","0","0","4.21","22","25","121.0","119","57","15","104","49","1.39","7.71","3.67","4.34","999.0","20302"
"Garrett Richards","","7","7","0","0","4.45","22","37","121.0","114","60","18","118","47","1.33","8.76","3.52","4.34","432.2","9784"
"Darren O'Day","","4","2","0","5","4.08","0","51","44.0","40","20","6","52","17","1.29","10.49","3.54","4.34","600.0","3321"
"Austin Gomber","Rockies","6","5","0","1","4.00","16","31","98.0","92","43","12","90","42","1.38","8.28","3.88","4.34","510.4","16561"
"Adam Morgan","","1","1","0","3","4.50","0","19","17.0","17","9","3","17","7","1.37","8.89","3.60","4.34","999.0","12580"
"MacKenzie Gore","","5","4","0","0","4.10","16","17","92.0","84","42","13","92","36","1.30","9.00","3.48","4.34","999.0","sa3005068"
"Adrian Houser","Brewers","7","9","0","0","4.55","24","27","136.0","142","69","18","116","49","1.40","7.64","3.24","4.35","478.4","12718"
"Jeremy Jeffress","","5","3","6","8","4.01","0","63","62.0","56","27","7","53","26","1.32","7.72","3.74","4.35","504.5","9490"
"Brad Wieck","Cubs","2","2","0","3","4.66","0","44","42.0","38","22","8","55","19","1.36","11.77","4.09","4.36","999.0","16390"
"Conner Menez","Giants","2","1","0","2","4.26","2","24","30.0","28","14","4","31","14","1.38","9.40","4.14","4.36","999.0","19199"
"Dane Dunning","Rangers","9","8","0","0","4.37","25","26","139.0","134","67","20","129","52","1.34","8.40","3.39","4.37","286.0","19409"
"Matt Peacock","Diamondbacks","1","1","0","1","4.20","0","17","17.0","17","8","2","13","7","1.46","6.91","3.86","4.37","999.0","sa3004019"
"Bryse Wilson","Braves","3","3","0","1","4.48","6","24","52.0","55","26","8","48","19","1.41","8.31","3.23","4.37","572.3","19990"
"Cam Bedrosian","","2","2","0","6","4.34","0","48","50.0","49","24","7","46","20","1.38","8.28","3.63","4.37","999.0","13360"
"Jason Adam","Cubs","4","3","1","6","4.40","0","56","57.0","51","28","9","66","27","1.36","10.49","4.23","4.38","999.0","11861"
"Lucas Sims","Reds","4","3","11","14","3.96","0","59","67.0","56","30","10","84","30","1.28","11.32","3.99","4.38","358.1","13470"
"Griffin Canning","Angels","8","8","0","0","4.41","26","27","146.0","138","71","23","146","53","1.31","9.02","3.25","4.38","302.6","19867"
"Ben Heller","Yankees","1","1","0","1","4.45","0","15","15.0","14","8","2","16","6","1.31","9.67","3.73","4.38","999.0","15100"
"Ian Hamilton","Phillies","1","1","0","1","4.72","0","22","22.0","25","11","3","22","8","1.51","8.92","3.42","4.38","999.0","19261"
"Jimmy Cordero","White Sox","1","2","0","10","4.55","0","39","39.0","40","20","5","34","17","1.46","7.80","3.97","4.38","999.0","15690"
"Wandy Peralta","Giants","2","1","0","4","4.20","0","40","39.0","40","18","4","32","17","1.45","7.38","3.90","4.38","999.0","14295"
"David Robertson","","2","2","1","5","3.83","0","32","32.0","26","14","4","37","14","1.26","10.51","3.89","4.39","999.0","8241"
"Jesse Hahn","Royals","3","3","4","13","3.80","0","54","57.0","51","24","6","57","24","1.33","8.98","3.85","4.39","591.3","13287"
"Yusmeiro Petit","","3","2","0","13","4.02","0","49","43.0","39","19","7","36","9","1.11","7.65","1.88","4.39","592.3","4020"
"Kwang-hyun Kim","Cardinals","10","9","0","0","3.97","28","28","162.0","166","71","22","127","52","1.35","7.09","2.89","4.39","269.0","27458"
"Jacob Waguespack","Blue Jays","1","0","0","1","5.11","1","15","20.0","20","11","3","19","8","1.43","8.57","3.56","4.39","999.0","18318"
"Noe Ramirez","Reds","3","3","0","5","4.48","0","55","57.0","54","28","9","56","21","1.31","8.79","3.31","4.39","999.0","12800"
"Elieser Hernandez","Marlins","7","7","0","0","4.42","24","26","134.0","124","66","24","142","42","1.24","9.51","2.82","4.40","239.3","16933"
"Adam Cimber","Marlins","2","2","2","10","4.45","0","46","43.0","46","21","5","29","13","1.37","6.14","2.74","4.40","999.0","15288"
"Phillips Valdez","Red Sox","2","3","1","5","4.55","0","51","60.0","64","30","8","54","26","1.50","8.11","3.88","4.40","999.0","15605"
"Hector Neris","Phillies","3","3","17","13","4.24","0","65","63.0","56","30","9","76","26","1.30","10.89","3.75","4.41","314.6","11804"
"Brandon Brennan","Mariners","2","3","1","4","4.40","0","51","55.0","52","27","7","52","24","1.40","8.64","4.02","4.41","999.0","13527"
"Dallas Keuchel","White Sox","12","8","0","0","4.15","28","29","165.0","170","76","20","122","55","1.36","6.62","3.00","4.41","197.7","9434"
"Andrew Miller","Cardinals","3","3","4","16","4.18","0","61","54.0","49","25","7","59","23","1.31","9.69","3.75","4.41","570.7","6785"
"Josh Fleming","Rays","10","7","0","0","4.05","24","25","136.0","142","61","19","100","36","1.31","6.64","2.41","4.41","999.0","20418"
"Dennis Santana","Dodgers","2","2","0","0","4.53","2","19","29.0","29","15","4","30","13","1.44","9.19","4.01","4.41","600.5","17878"
"Garrett Whitlock","Red Sox","1","1","0","1","4.47","0","11","12.0","12","6","1","10","5","1.40","7.93","3.61","4.41","999.0","sa3005306"
"Ranger Suarez","Phillies","2","2","0","3","4.66","0","35","41.0","43","21","5","31","14","1.41","6.95","3.11","4.42","999.0","17277"
"Michael Feliz","Pirates","2","3","3","8","4.78","0","57","54.0","50","29","9","62","24","1.38","10.30","4.01","4.42","999.0","11903"
"Touki Toussaint","Braves","1","1","0","1","4.30","1","22","27.0","26","13","4","30","14","1.46","10.02","4.64","4.42","999.0","16929"
"Chris Archer","","5","7","0","0","4.82","20","28","115.0","114","61","19","127","43","1.37","9.96","3.37","4.43","537.3","6345"
"Jose Cisnero","Tigers","3","3","6","14","4.36","0","57","61.0","55","30","9","66","26","1.33","9.68","3.91","4.43","597.6","6399"
"Richard Lovelady","Royals","1","2","0","2","4.65","0","31","31.0","31","16","4","26","11","1.36","7.39","3.12","4.43","999.0","19337"
"Ryne Harper","Nationals","1","1","0","3","4.66","0","31","31.0","32","16","5","29","9","1.34","8.38","2.75","4.43","999.0","12680"
"Tyler Alexander","Tigers","2","3","0","6","4.55","3","37","55.0","58","28","10","48","12","1.28","7.82","2.02","4.43","999.0","17735"
"Masahiro Tanaka","","9","8","0","0","4.25","25","33","139.0","140","66","23","126","31","1.23","8.12","2.03","4.43","416.3","15764"
"Zach Eflin","Phillies","11","10","0","0","4.44","27","28","161.0","165","79","26","153","46","1.32","8.57","2.59","4.43","209.4","13774"
"Dylan Bundy","Angels","12","10","0","0","4.32","30","31","176.0","166","85","29","179","54","1.25","9.11","2.76","4.44","107.5","12917"
"Michael Kopech","White Sox","7","6","0","0","4.50","20","20","111.0","101","55","17","119","48","1.35","9.71","3.90","4.44","280.0","17282"
"Ray Black","Brewers","1","1","0","2","4.48","0","38","38.0","33","19","6","43","20","1.39","10.44","4.70","4.44","999.0","14244"
"Tyler Webb","Cardinals","2","2","1","6","4.35","0","53","51.0","49","25","7","45","19","1.34","7.91","3.45","4.44","999.0","14974"
"Josh Lindblom","Brewers","9","10","0","0","4.56","28","29","162.0","159","82","27","156","50","1.29","8.67","2.77","4.44","356.1","7882"
"Joey Lucchesi","Pirates","4","3","0","0","4.51","10","10","56.0","56","28","8","50","20","1.36","8.07","3.17","4.44","560.8","19320"
"Joe Jimenez","Tigers","3","4","9","10","4.79","0","61","60.0","56","32","11","68","20","1.27","10.31","3.02","4.45","586.3","15761"
"Oliver Perez","","2","2","0","5","4.17","0","40","34.0","31","16","5","33","12","1.26","8.74","3.12","4.45","999.0","1514"
"Brock Burke","Rangers","0","0","0","0","4.94","0","3","7.0","7","4","1","6","2","1.34","7.76","3.16","4.45","999.0","17968"
"Ryan Helsley","Cardinals","2","2","1","9","4.36","0","43","46.0","42","22","6","45","21","1.38","8.78","4.12","4.45","596.6","18138"
"Junior Fernandez","Cardinals","1","1","0","1","5.22","0","13","13.0","12","8","2","13","7","1.41","8.88","4.43","4.45","999.0","18496"
"Silvino Bracho","Giants","0","0","0","1","4.57","0","13","13.0","12","7","2","14","4","1.25","9.44","3.05","4.45","999.0","15051"
"Luis Avilan","Nationals","1","1","0","2","4.35","0","19","19.0","18","9","2","18","8","1.38","8.61","3.68","4.46","999.0","2882"
"Richard Bleier","Marlins","3","2","1","10","3.89","0","55","54.0","58","23","6","33","13","1.32","5.55","2.10","4.46","999.0","7803"
"Caleb Baragar","Giants","3","2","0","3","4.51","0","36","36.0","34","18","5","32","14","1.33","8.14","3.51","4.46","999.0","19231"
"Ryne Stanek","Astros","1","1","0","3","4.41","0","20","19.0","16","9","3","23","8","1.28","10.52","3.92","4.46","999.0","15947"
"Aaron Loup","Mets","3","2","0","8","3.89","0","51","48.0","45","21","6","48","18","1.33","9.02","3.44","4.47","999.0","10343"
"Colten Brewer","Red Sox","2","2","0","3","4.62","1","33","39.0","39","20","5","38","19","1.48","8.74","4.28","4.47","999.0","12997"
"Sam Coonrod","Giants","3","4","2","8","4.66","0","47","44.0","47","23","6","45","23","1.59","9.16","4.67","4.47","999.0","17264"
"Austin Pruitt","Astros","1","1","0","1","4.52","0","20","23.0","24","11","4","19","6","1.32","7.63","2.28","4.47","999.0","15290"
"Carlos Estevez","Rockies","2","2","1","9","4.77","0","47","48.0","48","25","8","50","18","1.39","9.39","3.34","4.47","999.0","14542"
"Blake Parker","","2","2","1","5","4.57","0","43","44.0","41","22","7","48","17","1.32","9.90","3.41","4.48","999.0","5224"
"Keynan Middleton","Mariners","2","2","2","8","4.29","0","47","46.0","42","22","7","48","21","1.37","9.38","4.12","4.48","599.4","15264"
"Blake Taylor","Astros","3","3","2","10","4.17","0","56","52.0","49","24","6","49","27","1.44","8.48","4.61","4.48","600.8","16418"
"Derek Law","","0","0","0","1","4.72","0","8","8.0","8","4","1","8","4","1.41","8.65","3.89","4.48","999.0","13133"
"Shane McClanahan","Rays","4","4","0","1","4.60","11","28","69.0","67","35","10","70","30","1.40","9.11","3.89","4.48","573.6","sa3008547"
"Joseph Palumbo","Rangers","2","4","0","0","4.67","9","14","50.0","47","26","8","57","22","1.38","10.20","3.99","4.48","999.0","17035"
"Joey Gerber","Mariners","1","2","0","6","4.61","0","30","30.0","28","15","4","25","13","1.36","7.62","3.78","4.49","999.0","24591"
"Merrill Kelly","Diamondbacks","9","9","0","0","4.44","20","31","122.0","124","60","20","106","37","1.32","7.82","2.71","4.49","493.7","11156"
"Joe Gatto","Rangers","0","1","0","0","4.73","0","8","9.0","10","5","1","8","5","1.60","7.75","4.62","4.49","999.0","sa828693"
"James Kaprielian","Athletics","2","3","0","2","4.67","0","45","53.0","50","27","9","50","18","1.27","8.51","2.98","4.49","599.7","18331"
"Seth Elledge","Cardinals","2","1","0","2","4.55","0","25","25.0","24","13","3","25","12","1.45","8.97","4.39","4.49","999.0","19766"
"Michael Lorenzen","Reds","7","6","0","5","4.42","17","44","127.0","126","62","16","120","54","1.42","8.52","3.84","4.49","396.7","14843"
"Brad Brach","Mets","2","2","0","5","4.88","0","41","40.0","39","21","5","39","19","1.46","8.80","4.41","4.49","999.0","6627"
"Dan Otero","","0","0","0","0","4.48","0","7","7.0","8","3","1","4","1","1.35","5.78","1.90","4.49","999.0","7385"
"John Curtiss","Rays","4","3","1","5","3.95","0","54","60.0","55","26","9","62","23","1.30","9.32","3.41","4.49","999.0","16128"
"Taylor Widener","Diamondbacks","2","3","0","4","4.51","1","47","57.0","53","29","9","62","25","1.37","9.81","3.99","4.49","999.0","19266"
"Collin McHugh","","4","4","0","5","4.58","6","41","74.0","71","38","11","75","28","1.34","9.09","3.39","4.49","600.0","7531"
"Michael King","Yankees","4","4","0","0","4.96","8","34","67.0","70","37","11","59","20","1.35","7.91","2.66","4.49","999.0","19853"
"Logan Gilbert","Mariners","1","2","0","0","4.55","5","5","26.0","26","13","4","26","9","1.32","8.67","3.19","4.49","999.0","sa3008598"
"Jose Urquidy","Astros","9","8","0","0","4.17","27","27","151.0","146","70","26","131","39","1.22","7.80","2.34","4.49","222.8","18413"
"Paul Campbell","Marlins","0","1","0","1","4.66","0","10","10.0","11","5","1","8","4","1.42","7.51","3.25","4.50","999.0","sa3005052"
"Triston McKenzie","Indians","8","8","0","0","4.41","24","25","137.0","126","67","24","142","47","1.27","9.35","3.07","4.50","187.6","18000"
"Anthony DeSclafani","Giants","8","9","0","0","4.62","25","26","140.0","143","72","22","123","45","1.34","7.88","2.87","4.50","460.6","13050"
"Zach Pop","Marlins","1","2","0","3","4.40","0","32","33.0","32","16","4","30","14","1.42","8.23","3.88","4.50","999.0","sa829370"
"Kevin McCarthy","Red Sox","1","1","1","2","4.78","0","19","19.0","22","10","2","13","6","1.46","5.81","3.00","4.50","999.0","15240"
"Marcus Walden","Red Sox","2","2","1","6","4.78","0","32","33.0","34","18","4","29","14","1.45","7.79","3.89","4.50","999.0","8004"
"Jon Duplantier","Diamondbacks","2","2","1","2","4.36","0","25","41.0","39","20","5","39","21","1.45","8.56","4.54","4.50","999.0","19546"
"Chasen Shreve","","2","2","0","4","4.46","0","35","37.0","34","18","6","41","18","1.39","9.97","4.45","4.50","999.0","10855"
"Edward Cabrera","Marlins","1","1","0","1","4.32","2","16","22.0","21","10","3","21","10","1.43","8.57","4.32","4.51","999.0","sa920423"
"Jacob Webb","Braves","2","2","1","5","4.26","0","47","48.0","46","23","6","46","23","1.45","8.67","4.31","4.51","999.0","19274"
"Mike Minor","Royals","9","10","0","0","4.55","29","30","172.0","165","87","28","159","57","1.29","8.29","2.96","4.51","298.7","10021"
"Mitch Keller","Pirates","7","9","0","0","4.46","25","27","138.0","133","68","19","131","63","1.42","8.53","4.09","4.51","307.6","17594"
"Daniel Ponce de Leon","Cardinals","4","6","0","0","4.54","12","27","89.0","77","45","13","99","46","1.37","9.96","4.61","4.51","484.1","16110"
"Deivi Garcia","Yankees","10","7","0","0","4.68","24","25","143.0","134","74","25","151","51","1.30","9.51","3.22","4.51","317.1","20276"
"Daulton Jefferies","Athletics","4","6","0","1","4.87","18","24","90.0","93","49","16","79","23","1.29","7.92","2.27","4.51","580.0","19345"
"Jesse Biddle","Reds","0","0","0","1","4.78","0","8","7.0","7","4","1","7","4","1.47","9.00","4.61","4.51","999.0","11437"
"Tyler Mahle","Reds","9","8","0","0","4.53","27","28","152.0","146","76","26","161","54","1.31","9.55","3.19","4.52","179.3","16358"
"Grant Holmes","Athletics","4","4","0","1","4.58","8","33","72.0","72","37","10","63","27","1.37","7.87","3.42","4.52","999.0","sa828669"
"Jose De Leon","Reds","3","2","0","2","5.23","3","39","54.0","50","32","8","65","30","1.48","10.80","4.96","4.52","599.5","15463"
"Tarik Skubal","Tigers","7","9","0","0","4.63","24","25","132.0","121","68","23","145","52","1.31","9.85","3.52","4.52","999.0","22267"
"Cy Sneed","","2","3","0","7","5.09","0","28","34.0","36","19","6","34","11","1.35","8.99","2.84","4.52","999.0","16106"
"John King","Rangers","4","4","0","4","4.51","9","27","72.0","74","36","10","59","25","1.39","7.40","3.14","4.52","999.0","22051"
"Nate Jones","","1","2","0","7","4.48","0","36","36.0","34","18","6","37","15","1.37","9.34","3.80","4.52","999.0","4696"
"Erik Swanson","Mariners","1","3","0","4","4.66","1","33","41.0","39","21","8","41","13","1.26","9.16","2.78","4.52","999.0","16587"
"Daniel Hudson","Nationals","4","3","17","6","4.44","0","60","61.0","55","30","10","66","27","1.34","9.80","3.95","4.53","460.5","7146"
"Burch Smith","Athletics","3","3","0","2","4.45","0","42","50.0","46","25","7","51","24","1.40","9.13","4.29","4.53","999.0","12784"
"Brandon Workman","","4","3","6","10","4.18","0","57","56.0","51","26","9","63","28","1.41","10.24","4.47","4.53","582.1","11428"
"Matthew Boyd","Tigers","9","12","0","0","4.87","29","30","166.0","163","90","32","176","53","1.30","9.52","2.87","4.53","322.9","15440"
"Adbert Alzolay","Cubs","8","7","0","0","4.37","23","25","129.0","115","63","20","134","60","1.36","9.35","4.23","4.54","358.6","17859"
"Kris Bubic","Royals","6","8","0","0","4.42","23","24","126.0","126","62","19","118","53","1.42","8.41","3.79","4.54","999.0","21455"
"Luis Patino","Rays","5","5","0","1","4.29","14","30","79.0","73","38","12","82","36","1.39","9.36","4.16","4.54","999.0","22815"
"Jake Odorizzi","","9","9","0","0","4.44","26","34","136.0","126","67","22","143","51","1.30","9.48","3.36","4.55","304.4","6397"
"Tyler Ivey","Astros","1","0","0","0","4.76","2","2","13.0","12","7","2","13","5","1.31","8.83","3.49","4.55","999.0","sa3004574"
"Taylor Hearn","Rangers","2","3","0","4","4.52","2","46","63.0","57","32","10","72","34","1.45","10.35","4.86","4.55","999.0","18325"
"Sean Manaea","Athletics","11","9","0","0","4.18","27","27","152.0","149","70","22","130","39","1.24","7.72","2.34","4.55","239.7","15873"
"Taylor Guilbeau","Diamondbacks","1","1","0","4","4.59","0","26","24.0","25","12","3","18","11","1.46","6.80","3.97","4.55","999.0","18306"
"Clarke Schmidt","Yankees","4","4","0","0","4.75","12","18","73.0","73","39","11","66","28","1.39","8.16","3.50","4.55","999.0","19899"
"Andre Scrubb","Astros","2","1","0","7","4.41","0","38","41.0","39","20","5","42","24","1.56","9.21","5.39","4.55","999.0","20329"
"Clay Holmes","","0","0","0","1","4.59","0","8","11.0","11","5","1","10","6","1.59","8.24","5.02","4.56","999.0","13649"
"Brett Anderson","Brewers","8","9","0","0","4.61","22","30","123.0","138","63","17","77","34","1.40","5.62","2.52","4.56","593.2","8223"
"Grant Dayton","Braves","2","2","0","2","4.44","0","41","43.0","41","21","8","46","14","1.27","9.65","2.95","4.57","999.0","11203"
"Alex Young","Diamondbacks","5","6","0","3","4.64","8","40","90.0","93","46","14","80","31","1.38","8.03","3.13","4.57","600.7","18333"
"JoJo Romero","Phillies","1","2","0","3","4.97","3","17","32.0","34","18","5","28","13","1.46","7.78","3.61","4.58","999.0","19574"
"Cole Irvin","Athletics","0","1","0","1","4.74","0","9","11.0","11","6","2","8","3","1.35","7.25","2.55","4.58","999.0","19244"
"David Hale","Phillies","2","2","1","3","4.46","0","36","44.0","49","22","7","34","14","1.44","7.01","2.95","4.58","999.0","9756"
"Kyle Keller","Angels","1","1","0","1","4.51","0","21","22.0","20","11","3","22","10","1.36","9.08","4.00","4.58","999.0","18890"
"Chris Mazza","Red Sox","3","3","0","0","5.12","9","12","52.0","59","30","7","42","19","1.50","7.16","3.25","4.59","999.0","14151"
"Jhoan Duran","Twins","2","2","0","1","4.76","5","11","33.0","33","18","5","30","14","1.43","8.21","3.79","4.59","999.0","sa873347"
"Bryan Abreu","Astros","1","1","0","1","4.47","1","26","28.0","25","14","4","31","17","1.52","10.03","5.57","4.59","999.0","16609"
"Matt Manning","Tigers","5","4","0","0","4.70","13","14","80.0","76","42","12","73","32","1.35","8.19","3.54","4.59","999.0","sa917924"
"Spencer Howard","Phillies","6","7","0","0","4.72","21","22","114.0","112","60","19","111","43","1.35","8.77","3.38","4.59","999.0","23252"
"Ian Gibaut","Twins","1","1","0","5","4.76","0","29","29.0","27","15","4","32","17","1.53","9.87","5.28","4.59","999.0","17871"
"Jonathan Holder","Cubs","2","2","0","5","4.81","0","35","36.0","37","19","5","32","12","1.35","7.98","3.07","4.60","999.0","16588"
"Shane Greene","","2","2","5","16","4.20","0","64","62.0","59","29","9","58","22","1.30","8.29","3.16","4.60","593.9","10756"
"Sergio Romo","","2","3","6","18","4.72","0","58","53.0","52","28","9","53","18","1.33","9.08","3.07","4.60","600.0","9817"
"Chad Sobotka","Braves","0","0","0","1","4.63","0","12","12.0","11","6","2","12","6","1.46","9.32","4.56","4.61","999.0","17470"
"Trent Thornton","Blue Jays","4","5","0","2","4.95","13","33","87.0","89","48","15","81","31","1.39","8.40","3.20","4.61","999.0","17948"
"J.P. Feyereisen","Brewers","2","1","0","1","4.69","0","28","32.0","28","17","5","34","16","1.39","9.60","4.57","4.61","999.0","16610"
"James Hoyt","Marlins","2","1","1","11","3.97","0","53","46.0","47","20","6","48","21","1.49","9.43","4.13","4.61","599.8","14605"
"Cole Sulser","Orioles","2","3","3","5","4.76","0","36","39.0","37","21","6","40","18","1.41","9.14","4.23","4.62","598.7","15256"
"Shaun Anderson","Giants","3","3","0","2","4.64","7","22","64.0","67","33","9","53","26","1.45","7.49","3.63","4.62","999.0","19453"
"Dany Jimenez","Athletics","1","2","0","3","4.75","0","33","28.0","26","15","4","27","14","1.44","8.58","4.51","4.62","999.0","21170"
"Patrick Sandoval","Angels","5","7","0","0","4.63","20","25","109.0","108","56","18","104","44","1.39","8.58","3.64","4.62","552.1","19447"
"Casey Sadler","Mariners","2","3","0","6","4.41","0","49","55.0","55","27","9","49","21","1.39","7.96","3.38","4.62","999.0","11209"
"Jose Quijada","Angels","1","1","0","3","4.58","0","19","17.0","16","9","3","21","9","1.43","10.97","4.68","4.63","999.0","19200"
"Taylor Clarke","Diamondbacks","2","2","0","2","4.66","1","34","45.0","44","23","7","40","16","1.36","8.05","3.29","4.63","600.4","17611"
"Tyler Phillips","Rangers","1","2","0","1","4.65","3","10","24.0","27","13","4","18","7","1.36","6.71","2.47","4.63","999.0","sa875646"
"Demarcus Evans","Rangers","1","1","1","5","4.36","0","33","34.0","28","17","5","40","21","1.43","10.55","5.50","4.63","999.0","21087"
"Jose Quintana","Angels","9","9","0","0","4.51","26","27","148.0","152","74","22","138","47","1.35","8.41","2.88","4.63","464.1","11423"
"Kyle Ryan","Cubs","2","2","1","13","4.59","0","52","50.0","51","25","6","41","23","1.48","7.49","4.14","4.63","999.0","11753"
"Alex Wood","Giants","6","6","0","0","4.22","17","24","104.0","106","49","15","95","31","1.31","8.17","2.71","4.64","506.1","13781"
"Sean Newcomb","Braves","1","2","0","2","4.20","0","24","27.0","25","13","3","26","12","1.37","8.83","3.88","4.64","999.0","16943"
"Tyler Beede","Giants","2","3","0","0","4.83","8","9","48.0","47","26","7","45","22","1.43","8.34","4.06","4.64","598.4","16981"
"Hector Rondon","","3","3","3","13","4.72","0","57","55.0","54","29","9","53","21","1.37","8.68","3.45","4.64","999.0","2391"
"Keury Mella","Diamondbacks","3","3","2","4","4.66","0","45","50.0","55","26","7","41","20","1.51","7.53","3.59","4.64","999.0","15964"
"Miguel Yajure","Pirates","1","1","0","1","4.70","0","13","15.0","15","8","2","14","6","1.36","8.03","3.43","4.64","999.0","21111"
"Domingo German","Yankees","8","6","0","0","4.57","19","24","105.0","100","53","20","111","35","1.29","9.50","3.04","4.64","318.0","17149"
"Brady Lail","Mariners","2","1","0","2","4.97","0","20","37.0","37","21","6","35","14","1.35","8.38","3.26","4.64","999.0","14707"
"Angel Perdomo","Brewers","0","0","0","0","5.05","0","10","10.0","9","6","1","12","7","1.52","10.90","5.80","4.64","999.0","17759"
"Yoshihisa Hirano","","2","3","4","6","4.88","0","47","45.0","46","24","7","40","19","1.43","7.97","3.74","4.65","999.0","19756"
"Jake Newberry","Royals","2","2","0","2","4.87","0","43","46.0","47","25","7","43","22","1.50","8.51","4.26","4.65","999.0","15136"
"Thomas Hatch","Blue Jays","4","3","0","8","4.50","0","49","59.0","59","30","9","54","25","1.41","8.24","3.73","4.65","999.0","19264"
"Brandon Kintzler","","3","3","16","9","3.98","0","62","61.0","62","27","8","44","21","1.35","6.45","3.04","4.65","390.8","9939"
"Tyler Clippard","","2","2","2","11","4.63","0","45","45.0","42","23","8","46","16","1.28","9.26","3.10","4.65","999.0","5640"
"Ross Stripling","Blue Jays","8","7","0","1","4.79","21","32","130.0","137","69","24","118","38","1.34","8.15","2.66","4.65","473.2","13273"
"Alex Vesia","Marlins","1","2","0","4","4.79","0","24","25.0","23","13","4","26","12","1.39","9.58","4.26","4.66","999.0","25007"
"Kyle Cody","Rangers","5","6","0","0","4.35","16","18","90.0","84","43","12","78","42","1.40","7.84","4.20","4.66","999.0","19686"
"Scott Moss","Indians","1","1","0","1","4.84","0","14","15.0","14","8","2","15","7","1.42","8.98","4.30","4.66","999.0","sa738902"
"James Norwood","Cubs","1","1","0","2","4.94","0","27","24.0","22","13","3","25","13","1.46","9.35","4.92","4.66","999.0","16440"
"Mychal Givens","Rockies","3","4","9","12","4.56","0","62","64.0","56","32","10","72","26","1.29","10.18","3.66","4.67","575.2","10430"
"John Means","Orioles","9","12","0","0","4.46","28","29","160.0","159","80","31","145","39","1.24","8.12","2.19","4.67","208.4","16269"
"Tanner Houck","Red Sox","9","7","0","0","4.64","21","22","123.0","118","63","17","114","60","1.45","8.33","4.41","4.67","999.0","19879"
"Ryan Weber","","2","3","0","1","4.68","7","22","55.0","63","29","8","35","16","1.42","5.70","2.60","4.67","999.0","10160"
"Sean Doolittle","","3","3","5","7","4.66","0","43","39.0","38","20","8","39","12","1.26","8.89","2.72","4.67","597.5","1581"
"Josh Osich","Reds","1","1","0","2","4.68","0","27","28.0","31","14","4","26","11","1.48","8.48","3.42","4.67","999.0","11528"
"Corbin Martin","Diamondbacks","4","5","0","2","4.67","12","14","72.0","71","37","11","66","30","1.41","8.29","3.76","4.67","558.4","19884"
"Trevor Gott","Giants","2","2","2","7","4.62","0","42","41.0","40","21","7","38","16","1.38","8.34","3.61","4.68","999.0","15046"
"Mitchell White","Dodgers","3","2","0","0","4.57","5","6","33.0","34","17","5","28","12","1.38","7.62","3.20","4.68","999.0","19225"
"Nick Nelson","Yankees","3","3","0","6","4.77","2","42","56.0","53","30","8","57","30","1.48","9.22","4.80","4.68","999.0","20153"
"Nate Pearson","Blue Jays","8","6","0","0","4.49","23","25","127.0","120","63","22","123","49","1.33","8.68","3.49","4.68","251.0","20160"
"Luis Garcia","Astros","2","2","0","0","4.74","6","9","32.0","30","17","5","30","16","1.42","8.41","4.36","4.69","999.0","23735"
"Jon Gray","Rockies","9","11","0","0","5.03","27","27","151.0","163","84","24","127","52","1.42","7.59","3.08","4.69","503.5","14916"
"Hunter Harvey","Orioles","2","4","15","10","4.50","0","60","61.0","59","31","11","56","21","1.31","8.19","3.06","4.69","355.3","15507"
"Rick Porcello","","9","10","0","0","4.93","25","35","141.0","150","77","24","118","37","1.33","7.54","2.37","4.69","559.0","2717"
"David Hess","","1","1","0","0","4.72","0","10","11.0","12","6","2","10","4","1.40","8.05","2.94","4.69","999.0","16130"
"Ryan Tepera","","2","2","1","7","4.43","0","45","44.0","40","21","6","48","19","1.35","9.87","4.00","4.70","600.8","10291"
"Travis Bergen","Diamondbacks","2","2","2","6","4.76","0","53","54.0","51","28","8","53","27","1.47","8.91","4.60","4.70","999.0","18581"
"Brad Peacock","","1","1","0","1","4.26","0","13","14.0","13","7","2","16","6","1.30","10.04","3.55","4.70","999.0","5401"
"Steven Matz","Blue Jays","5","7","0","1","4.73","15","21","90.0","91","47","16","90","31","1.36","8.99","3.09","4.71","554.0","13361"
"Eric Lauer","Brewers","6","8","0","0","5.00","19","24","116.0","123","65","19","105","45","1.44","8.15","3.46","4.71","591.2","19316"
"Edubray Ramos","","1","1","2","2","5.04","0","27","25.0","25","14","4","23","9","1.35","8.12","3.39","4.71","999.0","16086"
"Yohan Ramirez","Mariners","2","2","5","5","4.34","0","43","48.0","38","23","6","57","35","1.52","10.66","6.50","4.71","999.0","19444"
"Kyle Gibson","Rangers","9","12","0","0","4.70","29","30","169.0","175","88","26","151","65","1.42","8.01","3.49","4.72","524.7","10123"
"Anthony Kay","Blue Jays","4","4","1","5","4.85","2","41","61.0","59","33","9","58","29","1.45","8.66","4.31","4.72","999.0","20387"
"Vince Velasquez","Phillies","7","8","0","0","4.91","23","26","128.0","128","70","23","143","52","1.40","10.01","3.67","4.72","517.3","11189"
"Steven Brault","Pirates","6","8","0","0","4.59","23","26","130.0","127","66","16","111","64","1.48","7.74","4.43","4.73","488.9","15291"
"Jairo Diaz","Rockies","2","2","1","7","4.89","0","36","36.0","38","20","5","33","16","1.49","8.31","4.05","4.73","999.0","12774"
"Lewis Thorpe","Twins","4","4","0","7","4.96","7","40","79.0","82","43","14","71","28","1.40","8.10","3.25","4.73","999.0","15906"
"Kendall Graveman","Mariners","3","4","2","5","4.46","1","52","64.0","66","32","9","53","20","1.34","7.40","2.85","4.73","596.1","15514"
"Kolby Allard","Rangers","5","8","0","0","5.03","20","25","110.0","114","62","17","93","45","1.44","7.62","3.67","4.73","589.5","18694"
"Austin Brice","Red Sox","3","2","0","6","4.63","0","50","53.0","52","27","9","55","21","1.38","9.39","3.61","4.73","999.0","17237"
"Jordan Holloway","Marlins","0","1","0","5","4.67","0","21","18.0","17","9","2","16","12","1.65","8.13","5.93","4.74","999.0","20631"
"Jimmy Nelson","","1","1","0","0","4.15","1","15","19.0","17","9","3","20","8","1.30","9.18","3.70","4.74","999.0","10547"
"Bud Norris","","1","1","0","1","4.43","0","12","12.0","12","6","2","13","5","1.39","9.57","3.96","4.74","999.0","9492"
"Ronald Bolanos","Royals","2","3","0","1","4.96","3","22","31.0","32","17","5","28","15","1.50","8.08","4.22","4.75","999.0","20041"
"Nick Tropeano","","1","1","0","0","4.76","0","12","15.0","15","8","3","16","6","1.38","9.10","3.55","4.75","999.0","12385"
"Matt Andriese","Red Sox","5","6","1","6","4.83","10","50","80.0","82","43","13","75","29","1.39","8.47","3.26","4.75","600.4","12022"
"Trevor Stephan","Indians","2","2","0","3","4.75","1","35","37.0","37","20","6","37","14","1.37","8.92","3.38","4.75","999.0","sa918441"
"Aaron Slegers","Rays","1","2","1","6","4.71","0","30","36.0","39","19","6","26","10","1.38","6.64","2.47","4.75","999.0","15231"
"Luke Bard","Angels","2","3","0","3","4.88","0","28","30.0","33","17","6","31","12","1.47","9.03","3.48","4.75","999.0","14288"
"J.A. Happ","Twins","8","8","0","0","4.59","24","31","133.0","129","68","24","119","45","1.30","7.99","3.00","4.75","413.4","7410"
"Nick Margevicius","Mariners","5","7","0","1","4.75","16","24","100.0","106","53","17","81","31","1.37","7.29","2.76","4.75","595.7","20395"
"Adam Wainwright","Cardinals","9","8","0","0","4.54","24","32","135.0","139","68","21","113","46","1.37","7.51","3.08","4.75","454.8","2233"
"Kyle Crick","Pirates","2","3","2","8","4.95","0","53","52.0","50","28","7","53","27","1.49","9.15","4.71","4.75","598.5","13182"
"Devin Smeltzer","Twins","7","6","0","5","5.01","15","30","106.0","114","59","18","85","31","1.37","7.25","2.65","4.76","600.7","19487"
"Tommy Doyle","Rockies","0","1","0","1","5.54","0","14","13.0","14","8","2","12","6","1.51","8.50","4.26","4.76","999.0","21281"
"Kyle Wright","Braves","5","6","0","0","4.87","16","26","88.0","88","48","13","76","39","1.45","7.78","3.99","4.76","525.5","19665"
"Jordan Weems","Athletics","2","2","0","7","4.88","0","45","47.0","44","26","7","50","27","1.48","9.54","5.09","4.76","999.0","13190"
"Shun Yamaguchi","Blue Jays","3","3","0","7","4.89","0","52","59.0","57","32","10","59","27","1.43","8.95","4.19","4.76","999.0","27460"
"Josiah Gray","","2","2","0","0","4.79","4","5","27.0","27","14","5","23","9","1.31","7.59","2.86","4.76","599.1","sa3007475"
"Shawn Armstrong","Orioles","2","2","1","9","4.73","0","48","50.0","48","26","8","51","21","1.38","9.21","3.83","4.77","999.0","12857"
"Junior Guerra","Angels","3","3","1","10","4.66","0","46","47.0","45","24","7","44","23","1.43","8.38","4.33","4.77","999.0","5702"
"Travis Lakins","Orioles","2","3","0","3","4.72","0","44","48.0","50","25","7","44","22","1.49","8.14","4.17","4.77","999.0","18600"
"Tony Watson","","3","2","3","14","4.25","0","60","54.0","53","26","8","43","14","1.22","7.18","2.30","4.77","596.2","3132"
"Tyler Kinley","Rockies","2","2","1","8","5.03","0","46","46.0","44","26","7","47","26","1.51","9.25","5.06","4.78","999.0","18297"
"Miguel Romero","Athletics","1","1","0","1","4.70","0","15","15.0","15","8","2","14","7","1.44","8.08","4.24","4.79","999.0","sa3003109"
"Trevor Richards","Rays","5","6","0","1","4.82","13","36","104.0","105","56","18","94","38","1.38","8.18","3.33","4.79","600.3","19309"
"Jarlin Garcia","Giants","3","3","3","11","4.12","0","56","57.0","57","26","8","46","21","1.37","7.33","3.30","4.79","600.0","18282"
"Austin Voth","Nationals","5","6","0","2","4.96","11","48","96.0","100","53","18","89","33","1.38","8.39","3.05","4.79","595.5","15047"
"Cesar Valdez","Orioles","2","3","5","5","4.40","0","46","58.0","58","28","9","45","17","1.32","7.04","2.72","4.79","593.6","9013"
"Jose Ruiz","White Sox","0","1","0","1","4.64","0","11","11.0","10","6","2","11","5","1.43","8.92","4.29","4.80","999.0","14552"
"Steve Cishek","","2","2","2","8","4.76","0","41","41.0","39","21","6","38","18","1.38","8.45","3.90","4.80","999.0","6483"
"Casey Mize","Tigers","5","8","0","0","5.00","21","22","114.0","117","64","20","98","39","1.36","7.70","3.05","4.80","384.7","20492"
"Justin Steele","Cubs","1","1","0","1","4.97","2","9","17.0","17","9","3","16","8","1.50","8.66","4.25","4.80","999.0","sa828960"
"Nick Neidert","Marlins","3","4","0","1","4.94","6","22","58.0","62","32","9","46","23","1.47","7.12","3.58","4.80","999.0","18699"
"Yoan Lopez","Diamondbacks","1","2","1","5","4.73","0","39","38.0","38","20","6","32","15","1.40","7.65","3.59","4.80","999.0","17181"
"T.J. McFarland","","2","2","0","9","4.67","0","39","38.0","42","19","5","22","13","1.47","5.25","3.10","4.81","999.0","3237"
"Ben Bowden","Rockies","0","1","0","1","4.77","0","11","11.0","10","6","2","12","5","1.45","10.17","4.47","4.81","999.0","sa873701"
"Bryan Garcia","Tigers","3","4","8","9","4.67","0","59","55.0","55","28","7","43","27","1.50","7.06","4.39","4.81","440.6","19457"
"Luis Cessa","Yankees","2","2","0","3","4.68","0","47","56.0","56","29","9","49","20","1.36","7.86","3.20","4.81","999.0","13345"
"Connor Seabold","Red Sox","4","4","0","0","4.98","12","12","66.0","70","36","11","56","22","1.39","7.70","2.94","4.82","999.0","sa829464"
"Nik Turley","Athletics","1","2","1","6","4.61","0","34","33.0","31","17","5","32","16","1.44","8.90","4.48","4.82","999.0","5530"
"Danny Duffy","Royals","8","9","0","0","4.83","25","26","140.0","141","75","24","128","53","1.38","8.23","3.38","4.82","496.4","3542"
"Jerry Blevins","Mets","1","1","0","1","4.89","0","10","10.0","9","5","2","10","4","1.41","9.29","4.07","4.83","999.0","7841"
"Jaime Barria","Angels","6","7","0","1","4.97","18","30","114.0","117","63","22","100","34","1.32","7.85","2.71","4.83","580.6","18356"
"Ryan Sherriff","Rays","3","2","2","8","4.17","0","51","52.0","53","24","7","37","18","1.36","6.45","3.06","4.83","999.0","12249"
"Jose Suarez","Angels","2","3","0","0","4.98","8","8","41.0","43","23","7","38","18","1.47","8.37","3.84","4.84","999.0","19911"
"Zach Davies","Cubs","10","9","0","0","4.42","28","29","162.0","170","80","24","124","54","1.38","6.91","2.98","4.84","242.2","13183"
"Aaron Sanchez","","3","4","0","1","4.94","8","16","52.0","53","28","7","43","25","1.51","7.56","4.33","4.84","999.0","11490"
"Kyle Nelson","Indians","2","2","1","5","4.83","0","46","40.0","38","22","7","41","16","1.35","9.17","3.64","4.84","999.0","20515"
"Joe Ross","Nationals","7","8","0","0","4.99","20","22","117.0","129","65","19","94","42","1.46","7.25","3.23","4.84","579.4","12972"
"Jimmy Lambert","White Sox","1","1","0","1","4.73","1","14","15.0","16","8","3","15","7","1.50","9.04","3.94","4.85","999.0","19541"
"Joe Ryan","","1","1","0","0","4.92","3","3","16.0","16","9","3","16","6","1.34","9.04","3.39","4.85","999.0","sa3007584"
"Ashton Goudeau","Orioles","1","1","0","0","5.19","0","13","17.0","18","10","3","14","5","1.40","7.44","2.74","4.85","999.0","15139"
"Brailyn Marquez","Cubs","1","2","0","1","4.80","3","10","23.0","22","12","3","22","13","1.53","8.67","5.00","4.85","999.0","21896"
"Will Vest","Mariners","0","0","0","1","4.75","0","6","6.0","7","3","1","6","3","1.42","7.96","3.76","4.85","999.0","sa3004101"
"Hansel Robles","Twins","2","2","3","7","4.78","0","47","47.0","44","25","8","49","19","1.35","9.39","3.61","4.86","595.6","11801"
"Franklyn Kilome","Mets","1","1","0","1","4.95","0","11","12.0","12","7","2","12","6","1.51","8.84","4.65","4.86","999.0","17861"
"Trevor Cahill","","3","4","0","2","4.80","9","30","66.0","64","35","10","63","29","1.41","8.56","3.90","4.86","599.6","6249"
"Andrew Triggs","","1","1","0","1","4.93","0","9","9.0","9","5","1","9","4","1.40","8.31","3.47","4.86","999.0","13533"
"Ian Krol","Tigers","0","0","0","1","4.90","0","9","9.0","9","5","1","8","4","1.44","8.38","4.07","4.86","999.0","10066"
"Pedro Baez","Astros","2","2","1","8","4.61","0","52","50.0","46","25","8","47","20","1.34","8.43","3.70","4.86","578.4","5420"
"Yency Almonte","Rockies","3","3","0","9","5.01","0","52","56.0","60","31","9","48","25","1.50","7.72","3.95","4.87","999.0","15068"
"Dylan Cease","White Sox","9","9","0","0","4.61","24","25","136.0","130","70","22","130","66","1.44","8.60","4.39","4.87","404.3","18525"
"Matt Magill","Mariners","0","0","0","2","5.23","0","12","12.0","12","7","2","12","5","1.43","9.45","3.73","4.87","999.0","3950"
"Huascar Ynoa","Braves","1","1","0","1","4.83","2","12","23.0","25","12","4","22","11","1.55","8.37","4.34","4.87","999.0","20468"
"Alec Mills","Cubs","9","10","0","0","4.85","27","28","156.0","161","84","26","123","53","1.38","7.11","3.06","4.87","489.3","13834"
"Cristian Javier","Astros","9","7","0","2","4.59","23","24","129.0","112","66","24","140","60","1.33","9.79","4.22","4.87","216.8","17606"
"Mike Kickham","","1","1","0","0","4.47","1","17","22.0","24","11","4","21","10","1.56","8.67","4.03","4.88","999.0","11618"
"Tyler Bashlor","Pirates","0","0","0","0","5.55","0","9","9.0","9","6","1","8","4","1.47","7.77","4.24","4.89","999.0","15203"
"Domingo Tapia","Mariners","0","0","0","1","4.54","0","14","13.0","14","6","2","11","7","1.63","8.11","4.63","4.89","999.0","12178"
"Robinson Leyer","","0","0","0","1","6.75","0","16","12.0","13","9","2","15","8","1.77","10.81","6.23","4.89","999.0","14399"
"Sal Romano","Reds","2","3","0","3","4.79","0","41","41.0","43","22","6","35","15","1.43","7.77","3.32","4.90","999.0","13690"
"Damon Jones","Phillies","2","2","0","0","4.77","4","7","35.0","32","18","5","33","20","1.52","8.59","5.21","4.90","999.0","sa3004862"
"Tucker Davidson","Braves","1","2","0","0","5.15","3","3","15.0","15","8","2","14","8","1.59","8.20","4.96","4.90","999.0","19871"
"Javy Guerra","","1","1","0","4","4.71","0","22","22.0","23","12","4","18","8","1.39","7.32","3.20","4.90","999.0","7407"
"Seth Romero","Nationals","0","1","0","2","4.98","0","11","14.0","14","8","2","14","7","1.51","9.16","4.55","4.90","999.0","21333"
"Joel Kuhnel","","2","0","0","1","4.76","0","16","14.0","13","7","3","13","4","1.27","8.22","2.86","4.90","999.0","19995"
"Arodys Vizcaino","","0","1","0","1","4.45","0","7","7.0","6","3","1","7","3","1.31","9.13","3.55","4.91","999.0","5498"
"Bobby Wahl","Brewers","0","1","0","1","4.63","0","7","7.0","7","4","1","8","3","1.38","10.29","4.16","4.91","999.0","14832"
"Robbie Ray","Blue Jays","9","9","0","0","4.76","27","29","151.0","133","80","27","190","85","1.45","11.34","5.10","4.91","353.8","11486"
"Luke Farrell","","0","0","0","0","4.95","0","5","8.0","7","4","2","10","4","1.45","10.95","4.78","4.91","999.0","15101"
"Taijuan Walker","","9","8","0","0","4.39","26","33","141.0","138","69","22","129","51","1.34","8.20","3.24","4.91","295.4","11836"
"Brett de Geus","Rangers","0","1","0","1","4.99","0","12","13.0","13","7","2","11","7","1.52","7.42","4.72","4.92","999.0","sa3006813"
"Braxton Garrett","Marlins","3","3","0","0","4.60","9","11","47.0","47","24","7","41","22","1.48","8.01","4.26","4.92","999.0","21844"
"Brandon Waddell","Twins","1","3","0","2","5.15","4","20","47.0","48","27","7","40","22","1.50","7.63","4.31","4.92","999.0","18347"
"Dakota Bacus","Nationals","1","1","0","2","5.38","0","13","12.0","13","7","2","10","6","1.57","7.56","4.40","4.92","999.0","14545"
"Mike Leake","","7","9","0","0","5.00","20","28","121.0","142","67","21","77","24","1.37","5.70","1.78","4.92","999.0","10130"
"Buck Farmer","Tigers","3","3","2","10","4.61","0","60","60.0","60","31","9","53","23","1.39","7.91","3.45","4.93","999.0","14814"
"Carlos Martinez","Cardinals","8","8","2","0","4.71","23","24","130.0","135","68","18","114","55","1.46","7.84","3.78","4.93","429.0","11682"
"Logan Allen","Indians","5","5","0","0","4.91","12","19","83.0","87","45","13","70","36","1.48","7.55","3.94","4.93","590.0","18555"
"Michael Wacha","Rays","7","8","0","0","4.72","21","24","123.0","129","64","22","113","44","1.41","8.25","3.22","4.94","512.1","14078"
"Humberto Mejia","Diamondbacks","1","2","0","2","5.14","4","18","30.0","32","17","6","28","11","1.41","8.22","3.34","4.94","999.0","20739"
"Robert Gsellman","Mets","2","2","0","3","5.36","2","27","40.0","42","24","5","32","15","1.43","7.23","3.43","4.94","999.0","13696"
"Dean Kremer","Orioles","7","10","0","0","5.00","25","25","135.0","134","75","24","127","60","1.44","8.46","4.00","4.95","999.0","19350"
"Roenis Elias","Mariners","1","2","0","2","4.61","0","22","23.0","22","12","4","21","9","1.37","8.11","3.71","4.96","999.0","12673"
"Keegan Akin","Orioles","7","9","0","0","4.93","25","26","132.0","130","73","24","134","62","1.45","9.12","4.23","4.96","999.0","19362"
"Brooks Kriske","Yankees","0","1","0","1","5.30","0","9","9.0","9","5","2","11","6","1.55","10.70","5.49","4.96","999.0","21189"
"Pedro Strop","","2","2","2","9","4.80","0","31","28.0","28","15","4","27","14","1.45","8.50","4.28","4.96","999.0","4070"
"Tyler Chatwood","Blue Jays","8","9","0","0","4.87","22","30","118.0","115","64","15","116","69","1.55","8.83","5.21","4.96","583.9","4338"
"Martin Perez","","8","9","0","0","4.91","25","31","138.0","147","75","20","106","56","1.48","6.92","3.68","4.96","569.0","6902"
"Antonio Santos","Rockies","1","1","0","1","5.72","2","9","21.0","25","13","4","16","7","1.50","7.02","2.87","4.96","999.0","20383"
"Johan Quezada","Phillies","0","1","0","1","5.20","0","8","9.0","9","5","1","8","5","1.57","8.18","4.94","4.96","999.0","20643"
"Chris Devenski","","2","2","0","3","4.80","0","34","35.0","33","19","6","36","12","1.31","9.31","3.12","4.97","599.6","12763"
"Garrett Cleavinger","Dodgers","0","0","0","0","4.61","0","10","8.0","7","4","1","9","4","1.43","10.68","5.05","4.97","999.0","17897"
"Paul Blackburn","Athletics","2","3","0","1","5.09","7","17","48.0","53","27","6","32","15","1.40","5.93","2.77","4.97","999.0","14739"
"T.J. Zeuch","Blue Jays","2","2","0","6","4.98","6","16","44.0","50","24","6","28","17","1.51","5.66","3.44","4.97","999.0","19269"
"Dan Winkler","Cubs","2","2","0","5","4.70","0","53","50.0","48","26","7","47","29","1.53","8.41","5.16","4.98","999.0","12237"
"Cole Hamels","","5","6","0","0","4.79","17","23","91.0","92","49","14","82","35","1.39","8.04","3.45","4.99","575.4","4972"
"Ljay Newsome","Mariners","3","4","0","0","4.85","12","16","66.0","72","35","14","50","12","1.27","6.83","1.68","4.99","999.0","19942"
"Caleb Smith","Diamondbacks","8","9","0","0","4.69","26","27","144.0","130","75","28","152","63","1.34","9.48","3.93","4.99","339.9","14875"
"Johnny Cueto","Giants","7","8","0","0","4.78","24","25","140.0","140","74","21","118","52","1.38","7.62","3.38","4.99","520.0","6893"
"Packy Naughton","","1","1","0","0","5.12","4","4","20.0","23","12","3","14","6","1.40","6.20","2.64","4.99","999.0","sa913120"
"Alec Bettinger","Brewers","2","2","0","1","5.02","4","10","31.0","32","17","6","27","10","1.40","7.89","3.06","5.00","999.0","sa873670"
"Heath Hembree","","2","2","0","7","5.08","0","34","33.0","31","18","7","35","13","1.37","9.74","3.69","5.00","999.0","11632"
"Andrew Cashner","","4","5","0","7","4.88","6","42","72.0","76","39","11","56","29","1.45","6.97","3.57","5.01","999.0","8782"
"Jon Lester","Nationals","8","9","0","0","5.02","25","34","137.0","151","77","24","109","44","1.42","7.17","2.92","5.01","533.5","4930"
"Matt Shoemaker","","6","6","0","0","4.57","19","25","106.0","99","54","19","99","36","1.28","8.43","3.06","5.02","536.4","4776"
"Kyle Funkhouser","Tigers","1","1","0","1","5.34","0","15","18.0","19","11","3","16","10","1.62","7.88","5.09","5.02","999.0","19456"
"Antonio Senzatela","Rockies","9","11","0","0","5.09","28","29","160.0","185","90","24","102","56","1.51","5.73","3.16","5.02","531.4","15488"
"Wade Miley","Reds","7","9","0","0","4.59","23","31","124.0","131","63","17","100","51","1.47","7.24","3.68","5.02","586.8","8779"
"Carlos Rodon","White Sox","5","6","0","0","4.96","16","23","90.0","88","50","14","86","38","1.41","8.65","3.84","5.02","591.8","16137"
"Alex Cobb","Angels","8","11","0","0","4.91","27","28","156.0","170","85","28","112","48","1.40","6.50","2.77","5.02","564.2","6562"
"Jeff Hoffman","Reds","3","4","0","2","4.99","3","46","68.0","68","38","11","67","27","1.40","8.96","3.65","5.03","599.2","17432"
"Brandon Bielak","Astros","3","3","0","2","5.11","6","9","44.0","45","25","8","38","19","1.45","7.72","3.89","5.04","999.0","19866"
"Daniel Gossett","","1","1","0","0","5.13","1","2","12.0","13","7","2","10","5","1.44","7.40","3.41","5.04","999.0","16164"
"Ian Kennedy","","2","3","4","5","4.52","0","44","44.0","43","22","9","47","15","1.29","9.57","2.95","5.05","999.0","6986"
"Rich Hill","","5","5","0","0","4.70","15","16","86.0","82","45","14","81","33","1.33","8.43","3.46","5.05","476.5","4806"
"Carlos Hernandez","Royals","3","4","0","1","5.04","9","20","56.0","58","31","9","50","25","1.47","7.96","3.93","5.05","999.0","22713"
"Chance Adams","","0","1","0","0","6.06","0","8","16.0","17","11","3","13","7","1.51","7.15","3.95","5.05","999.0","18135"
"Ty Tice","Blue Jays","0","1","0","1","4.60","0","8","8.0","8","4","1","8","4","1.50","8.89","4.62","5.06","999.0","sa3004015"
"Colin Rea","","2","1","0","0","5.41","3","30","37.0","40","22","6","29","16","1.52","7.13","3.84","5.06","999.0","12317"
"Cody Ponce","Pirates","2","3","0","0","4.87","6","14","42.0","44","22","7","34","16","1.44","7.28","3.39","5.06","999.0","17920"
"Cameron Hill","Indians","4","2","0","5","5.03","0","41","42.0","42","24","8","41","18","1.43","8.77","3.95","5.06","999.0","16840"
"Ross Detwiler","Marlins","1","2","1","2","4.61","1","34","42.0","47","22","7","30","15","1.47","6.44","3.25","5.07","999.0","2859"
"Scott Blewett","Royals","1","1","0","0","5.44","0","11","14.0","16","8","2","11","6","1.56","7.33","3.89","5.07","999.0","16427"
"Cory Abbott","Cubs","3","3","0","0","5.07","8","9","51.0","51","29","9","46","22","1.44","8.20","3.95","5.07","999.0","sa3005305"
"Kyle Freeland","Rockies","8","10","0","0","4.98","28","29","160.0","180","89","25","117","58","1.49","6.54","3.28","5.07","546.1","16256"
"Chad Kuhl","Pirates","6","8","0","0","4.74","18","35","115.0","114","61","18","106","53","1.45","8.28","4.17","5.07","567.0","14975"
"Forrest Whitley","Astros","2","3","0","0","4.99","7","9","46.0","43","26","8","49","27","1.50","9.56","5.15","5.08","999.0","sa917930"
"Brandon Bailey","Reds","1","1","0","0","5.06","0","16","19.0","18","10","3","17","9","1.47","8.16","4.35","5.08","999.0","19582"
"Ramon Rosso","Phillies","1","2","0","1","5.22","3","16","29.0","30","17","5","28","13","1.44","8.49","3.93","5.09","999.0","20368"
"Mike Montgomery","","3","4","0","1","4.82","9","32","72.0","79","39","10","54","27","1.47","6.76","3.38","5.09","999.0","4869"
"Phil Bickford","Brewers","0","0","0","1","6.03","0","14","14.0","14","10","2","14","7","1.49","8.74","4.50","5.09","999.0","18519"
"Jackson Kowar","","1","1","0","0","5.31","2","3","15.0","16","9","3","12","6","1.46","6.95","3.34","5.09","999.0","sa3008273"
"Jose Mujica","Rockies","0","0","0","1","5.95","0","10","10.0","12","7","2","7","3","1.51","6.73","2.93","5.09","999.0","17821"
"Josh Tomlin","Braves","2","2","0","2","4.89","1","42","52.0","58","28","11","41","9","1.29","7.03","1.51","5.10","597.8","9388"
"Rogelio Armenteros","Nationals","1","1","0","0","5.02","3","3","15.0","16","8","3","13","6","1.45","7.78","3.54","5.10","999.0","17679"
"Jakob Junis","Royals","4","5","0","3","4.90","9","39","82.0","86","44","15","71","23","1.34","7.78","2.58","5.11","596.6","13619"
"Eli Morgan","Indians","2","2","0","0","5.24","4","11","29.0","30","17","6","26","10","1.37","7.94","2.94","5.12","999.0","sa915827"
"Jimmy Herget","Rangers","2","2","0","4","4.91","0","40","40.0","38","22","7","37","21","1.49","8.37","4.81","5.12","999.0","17556"
"Gio Gonzalez","","5","5","0","0","4.83","16","18","97.0","99","52","15","87","45","1.49","8.10","4.18","5.12","999.0","7448"
"Zack Godley","","2","3","0","0","5.26","5","11","35.0","37","20","6","31","15","1.48","7.83","3.88","5.12","999.0","14862"
"A.J. Cole","","2","1","0","3","4.82","0","31","32.0","32","17","6","32","12","1.39","9.01","3.52","5.12","999.0","11467"
"Anthony Banda","Giants","2","2","0","1","4.73","2","12","32.0","33","17","5","27","13","1.45","7.54","3.75","5.12","999.0","14706"
"Chris Flexen","Mariners","6","7","0","0","4.76","18","20","107.0","115","57","18","94","42","1.46","7.91","3.53","5.13","564.4","13896"
"Cody Allen","","1","2","0","2","5.15","0","22","22.0","21","13","4","23","10","1.43","9.34","4.22","5.13","999.0","12183"
"Bruce Zimmermann","Orioles","3","4","0","1","5.33","12","19","71.0","76","42","13","59","29","1.49","7.51","3.75","5.14","999.0","20370"
"Kelvin Herrera","","1","1","0","1","4.77","0","13","13.0","13","7","2","12","5","1.36","8.44","3.16","5.14","999.0","6033"
"Thomas Szapucki","Mets","1","1","0","0","5.01","3","3","16.0","17","9","3","14","8","1.53","8.03","4.45","5.15","999.0","sa875054"
"Madison Bumgarner","Diamondbacks","8","10","0","0","5.04","28","28","160.0","170","90","32","130","45","1.34","7.30","2.50","5.15","393.4","5524"
"Adonis Medina","Phillies","2","4","0","0","5.39","8","12","46.0","49","28","8","37","20","1.49","7.22","3.84","5.15","999.0","19903"
"Tyler Anderson","","6","7","0","0","5.22","19","25","108.0","112","62","19","87","41","1.42","7.31","3.39","5.15","591.9","12880"
"J.B. Bukauskas","Diamondbacks","1","2","0","0","5.15","3","5","29.0","29","16","4","26","17","1.62","8.16","5.44","5.16","999.0","sa829263"
"Wes Benjamin","Rangers","3","5","0","1","5.18","7","25","74.0","79","43","14","61","28","1.45","7.39","3.42","5.16","999.0","19243"
"Jesse Chavez","","1","1","1","3","4.81","0","22","25.0","26","13","5","22","8","1.35","7.80","2.75","5.17","999.0","5448"
"Carlos Sanabria","","0","1","0","0","5.60","0","10","10.0","10","6","1","9","6","1.59","8.48","5.75","5.17","999.0","16634"
"Jorge Lopez","Orioles","3","5","0","1","5.30","8","29","79.0","86","47","15","64","28","1.44","7.24","3.23","5.17","999.0","14527"
"Patrick Weigel","Braves","1","1","0","1","4.81","0","12","12.0","12","6","2","10","7","1.55","7.72","5.02","5.18","999.0","17792"
"Paolo Espino","","0","0","0","0","5.42","1","3","7.0","8","4","1","6","2","1.52","8.41","2.60","5.19","999.0","8246"
"Parker Dunshee","Athletics","1","1","0","0","5.17","3","3","19.0","19","11","4","15","6","1.37","7.31","3.06","5.20","999.0","sa873274"
"Reynaldo Lopez","White Sox","4","5","0","1","5.14","11","30","88.0","88","50","17","78","34","1.39","8.05","3.47","5.20","590.4","16400"
"Brad Boxberger","","2","2","3","9","4.67","0","48","45.0","46","23","8","46","25","1.57","9.19","4.96","5.21","999.0","10133"
"Dedniel Nunez","Giants","1","1","0","1","5.16","0","9","10.0","10","6","2","8","5","1.48","7.57","4.31","5.21","999.0","sa3004203"
"Jake Arrieta","","7","9","0","0","5.03","20","27","112.0","120","62","17","85","42","1.45","6.88","3.38","5.21","591.0","4153"
"Michael Fulmer","Tigers","6","9","0","0","5.24","23","28","124.0","133","72","20","94","41","1.40","6.77","2.98","5.21","567.6","13218"
"Keegan Thompson","Cubs","2","2","0","0","5.41","6","6","32.0","35","19","6","25","11","1.45","7.14","3.19","5.22","999.0","sa918851"
"Trevor Williams","","6","8","0","0","5.19","19","25","107.0","115","62","19","87","35","1.41","7.30","2.99","5.22","595.1","16977"
"Beau Burrows","Tigers","1","2","0","1","5.30","0","21","25.0","26","15","5","22","11","1.48","7.72","3.87","5.23","999.0","18873"
"Carson Fulmer","Pirates","1","1","0","1","5.11","0","22","25.0","25","14","4","24","14","1.58","8.84","5.14","5.23","999.0","18311"
"Justin Dunn","Mariners","6","7","0","0","4.95","21","28","113.0","107","62","20","102","55","1.43","8.09","4.36","5.23","538.3","19268"
"Johan Oviedo","Cardinals","2","4","0","0","5.44","9","12","50.0","53","31","8","40","27","1.58","7.19","4.84","5.24","999.0","22487"
"Jake Woodford","Cardinals","2","2","0","1","5.33","4","14","32.0","33","19","5","25","15","1.51","7.04","4.17","5.25","999.0","18674"
"Chi Chi Gonzalez","","2","3","0","0","5.68","7","15","46.0","53","29","8","34","20","1.61","6.60","4.01","5.26","999.0","14663"
"Jake Faria","","2","2","0","1","4.85","3","12","27.0","27","15","5","25","12","1.44","8.44","4.01","5.26","999.0","13699"
"Anibal Sanchez","","7","10","0","0","5.38","23","32","125.0","136","75","24","102","42","1.43","7.33","3.06","5.26","594.7","3284"
"Dario Agrazal","","1","2","0","0","5.03","3","9","22.0","27","12","4","12","4","1.40","4.99","1.67","5.26","999.0","15821"
"Ryan Weathers","Padres","1","1","0","0","5.25","2","4","13.0","15","8","2","10","6","1.57","6.67","3.90","5.27","999.0","sa3008436"
"Nick Pivetta","Red Sox","6","6","0","0","5.25","17","20","102.0","108","60","19","98","40","1.44","8.60","3.49","5.27","535.6","15454"
"Jordan Yamamoto","Mets","2","2","0","0","5.21","6","7","34.0","34","20","6","30","15","1.45","7.96","3.97","5.28","999.0","17585"
"Camilo Doval","Giants","0","1","0","1","5.20","0","14","14.0","13","8","2","13","10","1.68","8.18","6.45","5.28","999.0","sa916835"
"Jonathan Stiever","White Sox","2","3","0","1","5.52","7","13","40.0","43","25","9","35","13","1.40","7.76","2.96","5.31","999.0","24584"
"Justin Lawrence","Rockies","0","1","0","1","5.60","0","8","8.0","9","5","1","7","5","1.69","7.44","5.54","5.31","999.0","sa875567"
"Dillon Peters","Angels","2","2","0","3","4.53","1","33","37.0","38","18","7","32","12","1.37","7.92","2.97","5.32","999.0","18790"
"Angel Rondon","Cardinals","1","1","0","0","5.38","2","2","10.0","11","6","2","8","5","1.54","7.08","4.27","5.32","999.0","sa917908"
"Tanner Roark","Blue Jays","7","8","0","0","5.26","24","25","132.0","143","77","26","112","47","1.44","7.59","3.19","5.33","586.7","8753"
"Tommy Milone","","3","4","0","0","5.38","10","10","55.0","63","33","13","45","14","1.40","7.34","2.31","5.33","999.0","7608"
"Jefry Rodriguez","Nationals","1","2","0","0","5.31","4","4","21.0","23","13","3","16","11","1.57","6.79","4.61","5.33","999.0","17018"
"Adam Plutko","Indians","4","4","0","2","5.27","5","41","74.0","79","43","16","55","21","1.36","6.75","2.53","5.33","599.2","15846"
"Erick Fedde","Nationals","6","8","0","0","4.88","19","27","111.0","122","60","18","71","47","1.53","5.80","3.80","5.34","599.4","17425"
"Ben Braymer","Nationals","3","3","0","3","5.22","7","21","50.0","56","29","9","40","22","1.56","7.28","3.94","5.34","999.0","20175"
"Robert Stephenson","Rockies","3","3","1","6","4.93","0","54","59.0","55","32","12","66","28","1.41","10.20","4.23","5.34","599.3","13594"
"Kohl Stewart","Cubs","1","1","0","1","5.42","2","6","15.0","18","9","2","10","7","1.64","6.19","4.28","5.35","999.0","15502"
"Edgar Garcia","Reds","1","1","0","4","5.27","0","23","22.0","21","13","5","23","11","1.44","9.12","4.41","5.36","999.0","19276"
"Tyson Ross","","3","4","0","0","5.40","10","11","61.0","65","37","10","47","28","1.52","6.87","4.10","5.36","999.0","7872"
"Jordan Lyles","Rangers","6","9","0","0","5.36","22","24","128.0","137","76","25","104","48","1.45","7.28","3.40","5.37","578.2","7593"
"Felix Hernandez","Braves","4","6","0","0","5.38","15","15","82.0","90","49","15","64","30","1.47","7.00","3.35","5.37","999.0","4772"
"Kyle Hart","","1","2","0","0","5.74","5","6","26.0","29","16","5","21","11","1.53","7.25","3.75","5.38","999.0","19646"
"Homer Bailey","","5","6","0","0","5.17","16","16","89.0","98","51","16","71","30","1.45","7.23","3.08","5.38","599.6","8362"
"Tyler Wells","Orioles","2","3","0","2","5.38","3","25","40.0","42","24","8","36","17","1.45","8.17","3.70","5.39","999.0","sa918346"
"Branden Kline","","2","1","0","2","5.19","0","22","30.0","37","18","5","31","19","1.84","9.14","5.67","5.40","999.0","14101"
"Zac Lowther","Orioles","3","4","0","0","5.47","9","9","50.0","51","30","9","43","23","1.50","7.80","4.22","5.42","999.0","sa915645"
"Edinson Volquez","","0","1","0","1","4.80","0","7","6.0","7","3","1","5","3","1.51","7.59","4.47","5.42","999.0","3990"
"Robert Dugger","Mariners","1","1","0","0","5.21","2","4","16.0","16","9","3","12","6","1.41","6.98","3.28","5.43","999.0","19191"
"Phillip Diehl","Rockies","1","1","0","3","5.44","0","33","32.0","34","19","7","29","12","1.45","8.02","3.49","5.44","999.0","20030"
"Chase Anderson","","6","6","0","0","5.25","20","26","111.0","115","65","23","101","40","1.39","8.21","3.22","5.45","599.1","6895"
"Tyson Miller","Cubs","3","4","0","2","5.43","13","20","63.0","67","38","12","48","25","1.46","6.81","3.56","5.46","999.0","19976"
"Jose Urena","Tigers","5","7","0","0","5.27","17","29","107.0","116","62","18","78","39","1.45","6.63","3.26","5.47","582.6","11589"
"Rony Garcia","Tigers","1","1","0","0","6.32","0","10","16.0","17","12","3","13","6","1.43","6.84","3.39","5.49","999.0","20430"
"Zack Burdi","White Sox","0","2","0","3","5.10","0","19","20.0","20","11","4","23","11","1.56","10.28","4.99","5.49","999.0","19159"
"Jordan Zimmermann","","3","4","0","0","5.47","12","17","65.0","75","40","13","50","17","1.42","6.87","2.40","5.51","999.0","4505"
"Matt Moore","Phillies","4","5","0","0","5.30","14","14","77.0","82","45","15","66","29","1.44","7.74","3.37","5.52","588.4","1890"
"Tony Santillan","Reds","2","3","0","0","5.63","5","6","35.0","37","22","7","27","15","1.51","7.08","3.90","5.53","999.0","sa874781"
"Wade LeBlanc","","3","4","0","1","5.58","11","13","63.0","71","39","13","44","19","1.44","6.36","2.78","5.54","999.0","5221"
"Sam Hentges","Indians","1","2","0","0","5.62","4","4","22.0","23","14","4","18","11","1.55","7.24","4.44","5.55","999.0","sa828881"
"Gray Fenter","Cubs","1","1","0","3","5.96","1","22","22.0","23","15","4","21","16","1.73","8.30","6.42","5.55","999.0","sa875233"
"Wil Crowe","Pirates","1","2","0","1","5.58","5","7","25.0","29","16","5","19","12","1.61","6.82","4.23","5.56","999.0","19800"
"Jesus Tinoco","","2","1","0","2","5.22","0","24","33.0","36","19","5","23","19","1.65","6.27","5.11","5.58","999.0","16300"
"Albert Abreu","Yankees","0","1","0","1","5.83","0","10","11.0","11","7","2","10","6","1.57","8.86","4.93","5.59","999.0","17485"
"Michael Baumann","Orioles","3","5","0","0","5.78","11","12","68.0","72","44","13","54","33","1.54","7.18","4.33","5.60","999.0","sa829681"
"Ivan Nova","Phillies","5","6","0","0","5.32","16","20","87.0","102","51","16","55","24","1.45","5.69","2.53","5.62","999.0","1994"
"Jose Alberto Rivera","Angels","1","2","0","3","5.46","0","27","30.0","29","18","5","26","19","1.64","7.78","5.76","5.63","999.0","sa3003090"
"Anthony Castro","","0","0","0","0","5.61","0","7","8.0","7","5","1","7","5","1.56","8.82","5.39","5.65","999.0","19789"
"Mike Foltynewicz","","4","5","0","0","5.32","11","11","63.0","65","37","12","53","24","1.42","7.68","3.44","5.66","591.6","10811"
"Tom Eshelman","Orioles","4","4","0","1","5.12","9","25","68.0","83","39","15","37","18","1.46","4.88","2.31","5.72","999.0","18361"
"Ryan Rolison","","1","2","0","0","5.99","4","4","24.0","27","16","5","17","11","1.60","6.30","4.10","5.73","999.0","sa3008244"
"Mike Fiers","","9","9","0","0","5.29","24","33","134.0","149","79","27","94","42","1.43","6.28","2.81","5.73","566.5","7754"
"Dakota Chalmers","Twins","1","2","0","0","6.08","3","6","26.0","26","18","4","22","16","1.64","7.65","5.64","5.76","999.0","sa875017"
"Steven Wright","","3","4","0","2","5.50","7","24","58.0","65","36","11","44","25","1.54","6.77","3.81","5.77","999.0","8185"
"Rex Brothers","","1","1","0","1","4.92","0","12","12.0","11","7","2","18","10","1.71","12.87","7.44","5.80","999.0","9794"
"Mac Sceroler","Orioles","1","1","0","2","5.67","0","17","17.0","19","11","3","13","9","1.59","6.95","4.52","5.85","999.0","sa915799"
"Jhoulys Chacin","Yankees","3","3","0","0","5.61","7","7","42.0","46","26","8","34","17","1.50","7.24","3.69","5.86","999.0","2608"
"Luis Oviedo","Pirates","0","1","0","1","5.93","0","8","9.0","9","6","1","6","5","1.69","6.65","5.59","5.86","999.0","sa917344"
"Dereck Rodriguez","","3","5","0","0","6.12","9","15","59.0","71","40","13","40","22","1.59","6.20","3.44","5.92","999.0","14509"
"Jordan Sheffield","Rockies","0","0","0","1","5.75","0","7","7.0","7","4","1","6","5","1.74","8.68","6.44","6.03","999.0","sa738245"
"Julio Teheran","","4","7","0","0","5.68","18","23","99.0","101","62","21","81","46","1.48","7.36","4.20","6.04","598.7","6797"
"Jorge Guzman","Marlins","1","2","0","2","5.64","2","19","34.0","32","21","7","28","21","1.55","7.55","5.48","6.11","999.0","17505"
"Derek Holland","","1","2","0","0","5.66","4","8","20.0","20","13","5","21","9","1.45","9.53","4.12","6.15","999.0","4141"
"Jeff Samardzija","","5","7","0","0","5.67","21","21","117.0","128","74","27","82","37","1.41","6.30","2.87","6.17","600.0","3254"
"Ervin Santana","","1","1","0","0","5.90","2","2","11.0","13","7","2","6","4","1.61","5.24","3.51","6.23","600.5","3200"
"Ryan Castellani","Rockies","4","7","0","0","6.39","18","19","98.0","113","70","21","69","55","1.71","6.35","5.00","6.29","999.0","16377"
"Matt Harvey","","0","1","0","0","6.60","2","4","8.0","9","6","3","6","3","1.60","6.85","3.26","7.65","999.0","11713"
