"","Name","Team","position","marginal_total_points","dollar_value","status"
"1","Javier Baez","Cubs","2b, ss",6.16910527199148,24.1831839252471,""
"2","J.D. Martinez","Red Sox","dh, of",5.98699494077874,23.6818448957909,""
"3","Giancarlo Stanton","Yankees","dh, of",5.88098126811157,23.3899954910365,""
"4","Anthony Rizzo","Cubs","1b",5.83627924351064,23.266933446841,""
"5","Jose Altuve","Astros","2b",5.42654006704449,22.1389455963342,""
"6","Blake Snell","Rays","pitcher",9.29,21.56,""
"7","Tommy Pham","Padres","of",5.13710656097324,21.3421521796204,""
"8","Joey Gallo","Rangers","of",4.8116624972137,20.4462238158589,""
"9","Edwin Diaz","Mets","pitcher",8.78,20.16,""
"10","Marcus Semien",NA,"ss",4.5498861513008,19.7255689341692,""
"11","Shohei Ohtani","Angels","dh",4.47509916142067,19.5196847502639,""
"12","Aroldis Chapman","Yankees","pitcher",8.47,19.31,""
"13","Paul Goldschmidt","Cardinals","1b",4.2932558287703,19.0190807521441,""
"14","Josh Donaldson","Twins","3b",4.21869437893861,18.8138174667251,""
"15","Tommy Edman","Cardinals","3b",4.18286524524848,18.7151819692723,""
"16","Jorge Polanco","Twins","ss",4.1409126396309,18.5996889138074,""
"17","Carlos Correa","Astros","ss",4.12780882305827,18.5636148775957,""
"18","Lorenzo Cain","Brewers","of",3.95192780364373,18.0794247770898,""
"19","Myles Straw","Astros","of, ss",3.8837920552754,17.891851069817,""
"20","Kyle Schwarber",NA,"of",3.87010599043017,17.8541741383607,""
"21","Eric Hosmer","Padres","1b",3.85882299613031,17.8231127187587,""
"22","Charlie Morton","Braves","pitcher",7.9,17.74,""
"23","Jean Segura","Phillies","2b, ss",3.82052036340143,17.7176678239521,""
"24","Craig Kimbrel","Cubs","pitcher",7.85,17.62,""
"25","Yoan Moncada","White Sox","2b, 3b",3.77275130760271,17.5861624232827,""
"26","Kris Bryant","Cubs","3b, of",3.69497945162494,17.372061078591,""
"27","Ke'Bryan Hayes","Pirates","3b",3.61986399396042,17.1652726421969,""
"28","Austin Hays","Orioles","of",3.60982595111108,17.1376385007058,""
"29","Rhys Hoskins","Phillies","1b, of",3.55940708771558,16.9988383355935,""
"30","Matt Barnes","Red Sox","pitcher",7.59,16.9,""
"31","Aaron Hicks","Yankees","of",3.5141107718706,16.8741402425614,""
"32","Andrew Benintendi","Red Sox","of",3.50961103656261,16.8617527359488,""
"33","Michael Brantley",NA,"of",3.48346696916002,16.7897796562758,""
"34","Justin Upton","Angels","of",3.43101414018681,16.6453801035731,""
"35","Andrew Heaney","Angels","pitcher",7.42,16.43,""
"36","Nathan Eovaldi","Red Sox","pitcher",7.41,16.4,""
"37","Nelson Cruz",NA,"dh",3.259811215853,16.1740685236423,""
"38","Didi Gregorius",NA,"ss",3.24290726534353,16.1275329422398,""
"39","Joey Votto","Reds","1b",3.19970615180047,16.0086028178977,""
"40","Kyle Seager","Mariners","3b",3.16671130945484,15.9177699577933,""
"41","Jackie Bradley Jr.",NA,"of",3.13828104478179,15.8395031115169,""
"42","Niko Goodrum","Tigers","2b, ss",3.12159533785998,15.7935683418733,""
"43","Kevin Kiermaier","Rays","of",3.09453839461478,15.7190821687042,""
"44","Joc Pederson",NA,"of",3.08790463148412,15.7008198090268,""
"45","Avisail Garcia","Brewers","of",3.07338061000805,15.6608360322574,""
"46","Bobby Dalbec","Red Sox","1b",3.05269007911112,15.6038762177882,""
"47","Raisel Iglesias","Angels","pitcher",7.09,15.52,""
"48","Zack Wheeler","Phillies","pitcher",7.02,15.32,""
"49","Brandon Nimmo","Mets","of",2.9084525911764,15.2067988980621,""
"50","Justin Turner",NA,"3b",2.90614063902163,15.2004342297772,""
"51","Willi Castro","Tigers","ss",2.89571805653174,15.1717414732756,""
"52","Nick Solak","Rangers","of",2.86565426839314,15.0889776329882,""
"53","Zack Greinke","Astros","pitcher",6.9,14.98,""
"54","Harrison Bader","Cardinals","of",2.82366740947995,14.9733902802154,""
"55","Nick Senzel","Reds","of",2.7673169135299,14.8182606795999,""
"56","Evan White","Mariners","1b",2.72800033310064,14.7100244464182,""
"57","Mitch Haniger","Mariners","of",2.71235261718557,14.6669472049579,""
"58","Orlando Arcia","Brewers","ss",2.7011641967212,14.6361461415619,""
"59","Andrelton Simmons",NA,"ss",2.67926048411912,14.575846509222,""
"60","J.P. Crawford","Mariners","ss",2.67463604644817,14.5631157043396,""
"61","Khris Davis","Athletics","dh, of",2.63201914630186,14.4457938851133,""
"62","Hunter Renfroe","Red Sox","of",2.61921731864446,14.4105512066212,""
"63","Mauricio Dubon","Giants","2b, of",2.60110929841831,14.3607008921163,""
"64","Bryan Reynolds","Pirates","of",2.59713706252623,14.3497655603663,""
"65","Hunter Dozier","Royals","1b, 3b",2.59679618697418,14.348827150023,""
"66","Nico Hoerner","Cubs","2b, ss",2.58664488803547,14.32088122118,""
"67","Josh Naylor","Indians","of",2.58410609991652,14.313892086829,""
"68","Isiah Kiner-Falefa","Rangers","3b, catcher",2.56523266754443,14.2619346377105,""
"69","Sam Hilliard","Rockies","of",2.49660389050814,14.0730036515165,""
"70","Chris Sale","Red Sox","pitcher",6.56,14.07,""
"71","Corey Dickerson","Marlins","of",2.48443929960788,14.0395152483323,""
"72","Nick Ahmed","Diamondbacks","ss",2.47664019625811,14.0180447755811,""
"73","Kole Calhoun","Diamondbacks","of",2.44504802765133,13.9310733937695,""
"74","JaCoby Jones","Tigers","of",2.42914474066458,13.8872925801825,""
"75","Kevin Pillar",NA,"of",2.39608889065637,13.7962917695716,""
"76","Scott Kingery","Phillies","of, ss",2.39241523665779,13.7861784162108,""
"77","James Paxton",NA,"pitcher",6.44,13.74,""
"78","Adam Eaton","White Sox","of",2.35457063053772,13.6819944417156,""
"79","Eduardo Escobar","Diamondbacks","3b",2.32568168155903,13.6024648645272,""
"80","Miguel Rojas","Marlins","ss",2.24572003002017,13.3823351414673,""
"81","Anthony Alford","Pirates","of",2.24318168122061,13.3753472165367,""
"82","Jesus Aguilar","Marlins","1b",2.22217814907371,13.3175257280382,""
"83","Yasmani Grandal","White Sox","catcher",2.16957849930931,13.1727219863338,""
"84","Stephen Strasburg","Nationals","pitcher",6.23,13.16,""
"85","Tommy La Stella",NA,"2b, 3b",2.16467686066035,13.1592280634649,""
"86","Willy Adames","Rays","ss",2.15767787858136,13.1399602775063,""
"87","Kolten Wong",NA,"2b",2.15548952627098,13.1339358723224,""
"88","Trey Mancini","Orioles","1b, of",2.11987203777748,13.0358830216462,""
"89","Willie Calhoun","Rangers","of",2.11163557387792,13.0132085210286,""
"90","Maikel Franco",NA,"3b",2.09177559137461,12.9585351574313,""
"91","C.J. Cron","Tigers","1b",2.07897257081092,12.9232891949383,""
"92","Stephen Piscotty","Athletics","of",2.0763584651325,12.9160927157765,""
"93","Roman Quinn","Phillies","of",2.07226250886856,12.9048167891205,""
"94","Luis Arraez","Twins","2b",2.05665165123953,12.8618410163535,""
"95","Gregory Polanco","Pirates","of",2.04766726037197,12.8371075167887,""
"96","Rougned Odor","Rangers","2b",2.03735355797907,12.8087145007894,""
"97","Nate Lowe","Rangers","1b, dh",2.00837374605652,12.7289347832615,""
"98","Brandon Belt","Giants","1b",2.00683152269828,12.7246891330753,""
"99","Ryan McMahon","Rockies","2b",1.98516845081958,12.6650519704915,""
"100","Alejandro Kirk","Blue Jays","catcher",1.9576659139821,12.5893391043742,""
"101","Cesar Hernandez",NA,"2b",1.94269044341924,12.5481125148247,""
"102","Tanner Rainey","Nationals","pitcher",5.97,12.43,""
"103","Jon Berti","Marlins","of, ss",1.89365286973915,12.4131149590466,""
"104","Renato Nunez",NA,"3b, dh",1.89057350902735,12.4046376601459,""
"105","Dexter Fowler","Cardinals","of",1.88840746284483,12.3986746624199,""
"106","Ender Inciarte","Braves","of",1.86269758031977,12.3278968681744,""
"107","Nicky Lopez","Royals","2b",1.85505263061868,12.3068507713502,""
"108","Robbie Grossman",NA,"of",1.85360621249141,12.3028688673293,""
"109","Drew Smyly","Braves","pitcher",5.92,12.29,""
"110","David Peralta","Diamondbacks","of",1.82099634898579,12.2130958313256,""
"111","Daniel Johnson Jr.","Indians","of",1.80075251154682,12.1573657376701,""
"112","Jason Heyward","Cubs","of",1.78112026486807,12.1033193174015,""
"113","Hector Neris","Phillies","pitcher",5.83,12.06,""
"114","Jose Iglesias","Angels","ss",1.76058227163161,12.0467794301388,""
"115","Luis Urias","Brewers","2b, ss",1.678851345734,11.8217789988442,""
"116","Ian Desmond","Rockies","1b, of",1.66742702212035,11.7903285079548,""
"117","Evan Longoria","Giants","3b",1.63818871481416,11.7098371678413,""
"118","Franchy Cordero","Royals","of",1.63649362973737,11.7051706983358,""
"119","Ryan Braun",NA,"of",1.62293428401,11.6678426171569,""
"120","Adrian Morejon","Padres","pitcher",5.64,11.53,""
"121","Matthew Boyd","Tigers","pitcher",5.63,11.5,""
"122","Yusei Kikuchi","Mariners","pitcher",5.61,11.43,""
"123","Alex Dickerson","Giants","of",1.49450476495382,11.3142837058729,""
"124","Rafael Montero","Mariners","pitcher",5.55,11.28,""
"125","Jordan Romano","Blue Jays","pitcher",5.54,11.26,""
"126","Drew Pomeranz","Padres","pitcher",5.51,11.18,""
"127","Matt Carpenter","Cardinals","1b, 3b",1.43581737104675,11.1527207626463,""
"128","Robbie Ray","Blue Jays","pitcher",5.49,11.11,""
"129","Jordan Montgomery","Yankees","pitcher",5.49,11.11,""
"130","Jared Walsh","Angels","1b",1.35628475014592,10.9337721356958,""
"131","Elvis Andrus","Rangers","ss",1.35288037414043,10.9244000888101,""
"132","Chad Pinder","Athletics","of",1.27590799140576,10.7124996469288,""
"133","Andrew Stevenson","Nationals","of",1.27197217179606,10.7016645670621,""
"134","Josh Fuentes","Rockies","1b",1.25144637254281,10.6451582491179,""
"135","Yimi Garcia","Marlins","pitcher",5.29,10.56,""
"136","Rio Ruiz","Orioles","3b",1.20595966489996,10.5199360186658,""
"137","Jordan Luplow","Indians","of",1.1986761656404,10.4998849736453,""
"138","Erik Gonzalez","Pirates","2b, ss",1.12870823594058,10.3072673789423,""
"139","Brandon Crawford","Giants","ss",1.12075352624553,10.2853685310759,""
"140","Nick Anderson","Rays","pitcher",5.19,10.28,""
"141","Richie Martin Jr.","Orioles","ss",1.10916090020905,10.2534547135167,""
"142","Jose Leclerc","Rangers","pitcher",5.17,10.24,""
"143","Kwang-hyun Kim","Cardinals","pitcher",5.15,10.17,""
"144","Yasiel Puig",NA,"of",1.05682598033546,10.1093797576294,""
"145","Eduardo Rodriguez","Red Sox","pitcher",5.1,10.03,""
"146","Brett Gardner",NA,"of",0.985781794543276,9.91379929321325,""
"147","Willson Contreras","Cubs","catcher",0.969877033278476,9.87001442102545,""
"148","Kenley Jansen","Dodgers","pitcher",5.02,9.82,""
"149","Starlin Castro","Nationals","2b",0.934705302589505,9.77318871536405,""
"150","Jonathan Villar",NA,"2b, ss",0.93469160965783,9.77315101952861,""
"151","Donovan Solano","Giants","2b",0.92305531546984,9.74111698611697,""
"152","Daniel Bard","Rockies","pitcher",4.99,9.73,""
"153","David Bote","Cubs","2b, 3b",0.918815451975225,9.72944489132003,""
"154","Jake Bauers","Indians","1b, of",0.912157130665707,9.71111492442089,""
"155","David Price","Dodgers","pitcher",4.97,9.68,""
"156","Oscar Mercado","Indians","of",0.899134235358091,9.67526365969169,""
"157","Amed Rosario","Mets","ss",0.885462325894858,9.63762569716937,""
"158","Tyler Wade","Yankees","2b",0.842244292955355,9.51864899472415,""
"159","Jake Odorizzi",NA,"pitcher",4.9,9.48,""
"160","Bradley Zimmer","Indians","of",0.814330112935383,9.44180289913976,""
"161","Chris Martin","Braves","pitcher",4.84,9.32,""
"162","Sean Murphy","Athletics","catcher",0.767601074204914,9.31316060428176,""
"163","Shogo Akiyama","Reds","of",0.703883681472834,9.13775037017227,""
"164","Sean Manaea","Athletics","pitcher",4.76,9.09,""
"165","Marcus Stroman","Mets","pitcher",4.73,9.02,""
"166","D.J. Stewart","Orioles","of",0.640525948469693,8.9633302581401,""
"167","Ji-Man Choi","Rays","1b, dh",0.621798122277541,8.91177365426994,""
"168","Jake Diekman","Athletics","pitcher",4.68,8.89,""
"169","Isaac Paredes","Tigers","3b",0.566616624831592,8.75986223777168,""
"170","Jose  Garcia","Reds","ss",0.538225439446766,8.68170297447698,""
"171","Griffin Canning","Angels","pitcher",4.6,8.67,""
"172","Carter Kieboom","Nationals","3b",0.52313514441298,8.64016027991338,""
"173","Adam Frazier","Pirates","2b, of",0.50021964704639,8.57707526363359,""
"174","Daniel Vogelbach","Brewers","1b, dh",0.487790556550763,8.5428587086221,""
"175","Seth Lugo","Mets","pitcher",4.55,8.54,""
"176","Mike Minor","Royals","pitcher",4.55,8.52,""
"177","Yandy Diaz","Rays","3b",0.468835029225446,8.49067525692653,""
"178","Sandy Alcantara","Marlins","pitcher",4.46,8.29,""
"179","Richard Rodriguez","Pirates","pitcher",4.46,8.29,""
"180","David Dahl","Rangers","of",0.387402438694984,8.26649612534855,""
"181","Aaron Bummer","White Sox","pitcher",4.45,8.25,""
"182","Joey Wendle","Rays","2b",0.359392917582381,8.18938756134444,""
"183","Kevin Newman","Pirates","ss",0.338032357071872,8.13058319476257,""
"184","Chris Archer",NA,"pitcher",4.4,8.12,""
"185","Gary Sanchez","Yankees","catcher",0.30944699578554,8.05188937663314,""
"186","Nomar Mazara",NA,"of",0.300748449888984,8.02794279145909,""
"187","Jose Urquidy","Astros","pitcher",4.36,8.02,""
"188","Albert Pujols","Angels","1b, dh",0.284647169122815,7.98361691264399,""
"189","Yadier Molina",NA,"catcher",0.212578947313606,7.7852173373104,""
"190","Jake Noll","Nationals","1b",0.203746106962959,7.76090104740392,""
"191","Mitch Moreland",NA,"1b",0.190258803451026,7.72377129420636,""
"192","Anthony DeSclafani","Giants","pitcher",4.25,7.71,""
"193","Tim Locastro","Diamondbacks","of",0.181890329490728,7.70073337765683,""
"194","Josh Lindblom","Brewers","pitcher",4.23,7.64,""
"195","Luis Garcia","Nationals","2b",0.135177689254769,7.5721362268896,""
"196","Josh Reddick",NA,"of",0.120608258929435,7.53202744222927,""
"197","Amir Garrett","Reds","pitcher",4.19,7.53,""
"198","Andrew Knizner","Cardinals","catcher",0.0952702525380418,7.46227340110473,""
"199","Stefan Crichton","Diamondbacks","pitcher",4.1,7.28,""
"200","Adam Haseley","Phillies","of",-0.00680869973842006,7.18125605013188,""
"201","Ty France","Mariners","2b, 3b",-0.0423422356778991,7.08343431589849,""
"202","Christin Stewart","Tigers","of",-0.0540482115862825,7.05120845280953,""
"203","Tony Kemp","Athletics","2b, of",-0.0621072301239234,7.02902244883532,""
"204","Elieser Hernandez","Marlins","pitcher",3.99,6.99,""
"205","John Means","Orioles","pitcher",3.95,6.89,""
"206","Shin-Soo Choo",NA,"dh, of",-0.114053946319534,6.88601619483799,""
"207","Edward Olivares","Royals","of",-0.121331264448553,6.86598216610634,""
"208","Tony Gonsolin","Dodgers","pitcher",3.93,6.83,""
"209","Kyle Gibson","Rangers","pitcher",3.93,6.83,""
"210","Hanser Alberto",NA,"2b, 3b",-0.14746232267266,6.79404489993644,""
"211","Johnny Cueto","Giants","pitcher",3.84,6.58,""
"212","Jose Quintana",NA,"pitcher",3.84,6.57,""
"213","Garrett Cooper","Marlins","1b",-0.230433423469422,6.56563034009595,""
"214","Hunter Harvey","Orioles","pitcher",3.84,6.56,""
"215","Yolmer Sanchez","Orioles","2b, 3b",-0.232982182374943,6.55861375675604,""
"216","Todd Frazier",NA,"3b",-0.265400201201333,6.46936885786928,""
"217","Brad Miller",NA,"2b, ss",-0.289968508571191,6.40173375287461,""
"218","Rick Porcello",NA,"pitcher",3.71,6.22,""
"219","Mitch Garver","Twins","catcher",-0.429501215201995,6.01760841932628,""
"220","Michael A. Taylor","Royals","of",-0.437279890161502,5.99619418473187,""
"221","Logan Webb","Giants","pitcher",3.63,5.98,""
"222","Yu-Cheng Chang","Indians","3b, ss",-0.452132897340421,5.95530472967461,""
"223","Vince Velasquez","Phillies","pitcher",3.56,5.8,""
"224","Buster Posey","Giants","catcher",-0.513851056059495,5.78539826920092,""
"225","Nick Markakis",NA,"of",-0.522404691118551,5.76185061503835,""
"226","Drew Waters",NA,"of",-0.525948016799678,5.75209604786912,""
"227","Jake Lamb",NA,"3b",-0.530173181779144,5.74046441721977,""
"228","Danny Jansen","Blue Jays","catcher",-0.553680006865724,5.67575151051083,""
"229","Ross Stripling","Blue Jays","pitcher",3.51,5.67,""
"230","Ryan Jeffers","Twins","catcher",-0.568205325210694,5.63576416353762,""
"231","Spencer Turnbull","Tigers","pitcher",3.49,5.6,""
"232","Jake Cave","Twins","of",-0.581703392995906,5.59860477692892,""
"233","James McCann","Mets","catcher",-0.600740598844824,5.54619646906249,""
"234","Luis Severino","Yankees","pitcher",3.45,5.5,""
"235","Chas McCormick","Astros","of",-0.640880290727595,5.43569425846756,""
"236","Jose Trevino","Rangers","catcher",-0.653112931406651,5.40201851824522,""
"237","Aaron Civale","Indians","pitcher",3.37,5.28,""
"238","Patrick Sandoval","Angels","pitcher",3.35,5.23,""
"239","Noah Syndergaard","Mets","pitcher",3.35,5.22,""
"240","Jay Bruce",NA,"of",-0.740537641891055,5.16134343291169,""
"241","Wilson Ramos",NA,"catcher",-0.746728800867224,5.14429953643612,""
"242","Elias Diaz","Rockies","catcher",-0.768493784378251,5.0843818171234,""
"243","Enrique Hernandez",NA,"2b, of",-0.770705704425263,5.07829253134692,""
"244","Garrett Richards",NA,"pitcher",3.23,4.9,""
"245","Yoenis Cespedes",NA,"of",-0.845675584133175,4.87190486250397,""
"246","Dane Dunning","Rangers","pitcher",3.2,4.82,""
"247","Luke Weaver","Diamondbacks","pitcher",3.19,4.78,""
"248","Yusniel Diaz","Orioles","of",-0.904005538084227,4.71132593045048,""
"249","J.A. Happ",NA,"pitcher",3.15,4.68,""
"250","Ryan Zimmerman",NA,"1b",-0.927990110657121,4.64529781301452,""
"251","Danny Duffy","Royals","pitcher",3.11,4.56,""
"252","Yan Gomes","Nationals","catcher",-0.993912444488936,4.46381750575987,""
"253","Taijuan Walker",NA,"pitcher",3.06,4.43,""
"254","Tyler O'Neill","Cardinals","of",-1.01531213159622,4.40490542595864,""
"255","Max Stassi","Angels","catcher",-1.03325859069251,4.35549987974063,""
"256","Triston McKenzie","Indians","pitcher",3.03,4.35,""
"257","Asdrubal Cabrera",NA,"2b, 3b, ss",-1.04492406606558,4.32338551224298,""
"258","Marwin Gonzalez",NA,"1b, of",-1.06373219931653,4.27160782776391,""
"259","Carson Kelly","Diamondbacks","catcher",-1.07593515305293,4.23801381394841,""
"260","Brady Singer","Royals","pitcher",2.96,4.15,""
"261","Luis Torrens","Mariners","catcher",-1.20272292789575,3.88897452791053,""
"262","Matt Shoemaker",NA,"pitcher",2.86,3.87,""
"263","Daniel Murphy",NA,"1b, 2b",-1.20967101264901,3.86984685929567,""
"264","Brusdar Graterol","Dodgers","pitcher",2.84,3.83,""
"265","Mike Zunino","Rays","catcher",-1.23077670767585,3.81174412239826,""
"266","Brent Rooker","Twins","dh, of",-1.24225603296254,3.78014221513843,""
"267","Merrill Kelly","Diamondbacks","pitcher",2.74,3.53,""
"268","Martin Maldonado","Astros","catcher",-1.3438611059185,3.50042942605967,""
"269","Peter Fairbanks","Rays","pitcher",2.72,3.5,""
"270","Travis Shaw",NA,"3b",-1.35617356529361,3.46653394966231,""
"271","Tyler Naquin",NA,"of",-1.385061804935,3.38700632523776,""
"272","Miles Mikolas","Cardinals","pitcher",2.68,3.38,""
"273","David Peterson","Mets","pitcher",2.68,3.38,""
"274","Garrett Hampson","Rockies","2b, of",-1.40977178493042,3.3189812038386,""
"275","Tucker Barnhart","Reds","catcher",-1.43317712379229,3.25454768273651,""
"276","Jacob Stallings","Pirates","catcher",-1.44893231635077,3.21117456439906,""
"277","Freddy Peralta","Brewers","pitcher",2.59,3.13,""
"278","Justus Sheffield","Mariners","pitcher",2.54,3.01,""
"279","Jason Kipnis",NA,"2b",-1.52996053263095,2.98810865134538,""
"280","Austin Slater","Giants","of",-1.53430349918355,2.97615271989469,""
"281","Josh Harrison","Nationals","2b",-1.55051987660071,2.9315099867698,""
"282","Lucas Sims","Reds","pitcher",2.49,2.86,""
"283","Freddy Galvis",NA,"ss",-1.59646813811928,2.80501712564811,""
"284","Adrian Houser","Brewers","pitcher",2.46,2.78,""
"285","Dylan Cease","White Sox","pitcher",2.44,2.72,""
"286","Caleb Smith","Diamondbacks","pitcher",2.4,2.62,""
"287","Austin Gomber","Cardinals","pitcher",2.4,2.6,""
"288","Yoshitomo Tsutsugo","Rays","3b, dh, of",-1.68123806722711,2.57165049728066,""
"289","Harold Castro","Tigers","2b, of",-1.68617699413919,2.55805392201682,""
"290","Phillip Ervin","Cubs","of",-1.70367875678063,2.50987259898039,""
"291","Edwin Encarnacion",NA,"1b, dh",-1.70761368733428,2.49903996663268,""
"292","Mitch Keller","Pirates","pitcher",2.35,2.47,""
"293","Adbert Alzolay","Cubs","pitcher",2.34,2.44,""
"294","Daulton Jefferies","Athletics","pitcher",2.3,2.33,""
"295","Emilio Pagan","Padres","pitcher",2.27,2.26,""
"296","Matt Kemp",NA,"of",-1.81663289868229,2.19891649068641,""
"297","Jedd Gyorko",NA,"3b",-1.84334914081434,2.12536824764052,""
"298","Jose Marmolejos","Mariners","dh, of",-1.84972335480683,2.10782041147297,""
"299","Andrew Knapp","Phillies","catcher",-1.86882440050974,2.05523635624378,""
"300","Steven Matz","Mets","pitcher",2.19,2.03,""
"301","Alec Mills","Cubs","pitcher",2.19,2.03,""
"302","Justin Smoak",NA,"1b",-1.88229276708448,2.01815873532038,""
"303","Billy McKinney","Brewers","of",-1.88549145171236,2.00935294469775,""
"304","Shed Long","Mariners","2b",-1.88651406110164,2.00653776120254,""
"305","Jorge Alfaro","Marlins","catcher",-1.89714046081116,1.97728390788457,""
"306","Rusney Castillo",NA,"dh, of",-1.90627525150456,1.95213636644628,""
"307","Jonathan Brubaker","Pirates","pitcher",2.16,1.94,""
"308","Cristian Javier","Astros","pitcher",2.16,1.93,""
"309","Jon Gray","Rockies","pitcher",2.15,1.92,""
"310","Aristides Aquino","Reds","of",-1.93225202585653,1.88062383470086,""
"311","Adam Engel","White Sox","of",-1.93342113099008,1.87740535703909,""
"312","Brian Goodwin",NA,"of",-1.94369334404958,1.8491265587341,""
"313","Brad Keller","Royals","pitcher",2.11,1.82,""
"314","Josh Staumont","Royals","pitcher",2.1,1.79,""
"315","Michael Wacha","Rays","pitcher",2.1,1.77,""
"316","Carlos Martinez","Cardinals","pitcher",2.09,1.75,""
"317","Jake Marisnick",NA,"of",-1.98815493395827,1.72672641710312,""
"318","Kris Bubic","Royals","pitcher",2.07,1.69,""
"319","Diego Castillo","Rays","pitcher",2,1.52,""
"320","Josh Rojas","Diamondbacks","of",-2.08015060868513,1.47346773609034,""
"321","Ronnie Dawson",NA,"of",-2.09585047387743,1.43024693073744,""
"322","Daz Cameron","Tigers","of",-2.09685948629977,1.42746917889239,""
"323","Delino DeShields",NA,"of",-2.10416913573664,1.40734614397208,""
"324","Roberto Perez","Indians","catcher",-2.12024631297262,1.36308662075772,""
"325","Adam Wainwright",NA,"pitcher",1.94,1.35,""
"326","Alex Cobb","Orioles","pitcher",1.94,1.34,""
"327","Bryan Garcia","Tigers","pitcher",1.92,1.3,""
"328","Pat Valaika","Orioles","2b, ss",-2.16321150592581,1.24480597192189,""
"329","Tyler Rogers","Giants","pitcher",1.91,1.24,""
"330","Christian Arroyo","Red Sox","2b, 3b",-2.16868064511116,1.2297497534587,""
"331","Eric Thames",NA,"1b",-2.18204053162842,1.19297077175234,""
"332","Danny Santana",NA,"of",-2.18880988334107,1.17433514468459,""
"333","Pedro Severino","Orioles","catcher",-2.18932156188501,1.17292652375186,""
"334","Josh Fleming","Rays","pitcher",1.88,1.17,""
"335","Victor Caratini","Cubs","1b, catcher",-2.19629741186718,1.15372241909507,""
"336","Cal Quantrill","Indians","pitcher",1.87,1.15,""
"337","Reyes Moronta","Giants","pitcher",1.86,1.13,""
"338","Kurt Suzuki",NA,"catcher",-2.21698267071595,1.09677711826434,""
"339","Thairo Estrada","Yankees","2b",-2.21801703057962,1.09392958640436,""
"340","Trevor May","Mets","pitcher",1.85,1.08,""
"341","Omar Narvaez","Brewers","catcher",-2.22904642112666,1.06356632301603,""
"342","Jarrod Dyson",NA,"of",-2.24122071124914,1.03005121844354,""
"343","Michael Lorenzen","Reds","pitcher",1.82,1.02,""
"344","Rich Hill",NA,"pitcher",1.82,1.01,""
"345","Tejay Antone","Reds","pitcher",1.81,0.99,""
"346","Phillip Evans","Pirates","3b",-2.25709846876431,0.986340685990033,""
"347","Giovanny Gallegos","Cardinals","pitcher",1.81,0.97,""
"348","Matt Wisler","Giants","pitcher",1.8,0.96,""
"349","Dee Gordon",NA,"2b",-2.29767655759193,0.874631594393978,""
"350","Derek Dietrich",NA,"2b, of",-2.32585199043911,0.797066285144107,""
"351","Shohei Ohtani","Angels","pitcher",1.73,0.76,""
"352","Greg Holland","Royals","pitcher",1.73,0.76,""
"353","Spencer Howard","Phillies","pitcher",1.72,0.75,""
"354","Madison Bumgarner","Diamondbacks","pitcher",1.71,0.71,""
"355","Kevin Ginkel","Diamondbacks","pitcher",1.68,0.63,""
"356","Isan Diaz","Marlins","2b",-2.38976797854278,0.621109329658704,""
"357","Alex Wood",NA,"pitcher",1.66,0.57,""
"358","Keegan Akin","Orioles","pitcher",1.64,0.51,""
"359","Taylor Ward","Angels","3b, of",-2.43610339434788,0.493550655559962,""
"360","Chance Sisco","Orioles","catcher",-2.44494436658533,0.469211979047437,""
"361","Matt Beaty","Dodgers","1b, of",-2.45238016604461,0.448741660536024,""
"362","Phil Gosselin",NA,"2b",-2.5006499820662,0.315857696429519,""
"363","Yadiel Hernandez","Nationals","dh",-2.50251105444354,0.310734273649539,""
"364","Wade Miley","Reds","pitcher",1.57,0.31,""
"365","Yonathan Daza","Rockies","of",-2.51551763777885,0.274927914820569,""
"366","A.J. Puk","Athletics","pitcher",1.54,0.24,""
"367","Mike Tauchman","Yankees","of",-2.52838194205595,0.239513241869515,""
"368","Dean Kremer","Orioles","pitcher",1.53,0.22,""
"369","Kyle Higashioka","Yankees","catcher",-2.55167906091447,0.175377644070749,""
"370","Cameron Maybin",NA,"of",-2.55181649483344,0.174999296576189,""
"371","Eric Sogard",NA,"2b",-2.55768288855506,0.158849459742541,""
"372","Cedric Mullins II","Orioles","of",-2.55889967346425,0.155499722463138,""
"373","Matt Joyce",NA,"of",-2.569017535104,0.127645844537226,""
"374","Stephen Vogt","Diamondbacks","catcher",-2.59515356583132,0.0556948893584796,""
"375","Kyle Cody","Rangers","pitcher",1.46,0.0300000000000002,""
"376","Jonathan Loaisiga","Yankees","pitcher",1.46,0.0199999999999996,""
"377","Leury Garcia","White Sox","of",-2.64516891039646,-0.0819944121502599,""
"378","Aledmys Diaz","Astros","ss",-2.66324025627024,-0.131743764320432,""
"379","Brett Anderson","Brewers","pitcher",1.4,-0.14,""
"380","Jose Martinez",NA,"1b, of",-2.69196051535358,-0.210808948149842,""
"381","Albert Almora Jr.",NA,"of",-2.69972297080548,-0.232178531393893,""
"382","Josh VanMeter","Diamondbacks","2b, of",-2.6998435385001,-0.232510447164982,""
"383","Rafael Dolis","Blue Jays","pitcher",1.37,-0.24,""
"384","Kolby Allard","Rangers","pitcher",1.36,-0.25,""
"385","Jaime Barria","Angels","pitcher",1.36,-0.27,""
"386","Johan Camargo","Braves","3b",-2.73125342514998,-0.318980017471706,""
"387","Jarren Duran",NA,"of",-2.76025353043777,-0.398815601440439,""
"388","Kyle Freeland","Rockies","pitcher",1.29,-0.44,""
"389","Nick Pivetta","Red Sox","pitcher",1.28,-0.47,""
"390","Santiago Espinal","Blue Jays","ss",-2.79150379767991,-0.484845748907031,""
"391","Mike Leake",NA,"pitcher",1.27,-0.52,""
"392","Tanner Houck","Red Sox","pitcher",1.26,-0.53,""
"393","Devin Smeltzer","Twins","pitcher",1.24,-0.59,""
"394","Tom Murphy","Mariners","catcher",-2.84680689824096,-0.637091931628053,""
"395","Austin Romine",NA,"catcher",-2.85381858381335,-0.656394689556737,""
"396","Randy Dobnak","Twins","pitcher",1.19,-0.73,""
"397","Chad Kuhl","Pirates","pitcher",1.17,-0.78,""
"398","Michael King","Yankees","pitcher",1.17,-0.79,""
"399","Ben Gamel",NA,"of",-2.90519600485324,-0.797833707478333,""
"400","Pavin Smith","Diamondbacks","1b, of",-2.91587888831287,-0.827243057237787,""
"401","Owen Miller",NA,"ss",-2.91753268209828,-0.831795854247012,""
"402","Dom Nunez","Rockies","catcher",-2.93192701187175,-0.871422597388102,""
"403","Brian Dozier",NA,"2b",-2.93661005840966,-0.884314749033645,""
"404","Max Schrock","Cubs","2b",-2.93664526585282,-0.884411673053637,""
"405","Kyle Farmer","Reds","2b, 3b",-2.94907704761667,-0.918635636968227,""
"406","Vimael Machin","Athletics","3b",-2.94987636992193,-0.920836124255652,""
"407","Michael Perez","Pirates","catcher",-2.95127690950093,-0.924691727331964,""
"408","Edmundo Sosa","Cardinals","2b",-2.95904218379704,-0.946069070688311,""
"409","Jonathan Hernandez","Rangers","pitcher",1.1,-0.98,""
"410","Tyler Chatwood",NA,"pitcher",1.08,-1.02,""
"411","Carlos Rodon",NA,"pitcher",1.08,-1.03,""
"412","Lou Trivino","Athletics","pitcher",1.08,-1.03,""
"413","Lewis Thorpe","Twins","pitcher",1.07,-1.07,""
"414","Matt Moore",NA,"pitcher",1.02,-1.19,""
"415","Francisco Mejia","Padres","catcher",-3.04789813757261,-1.19068428461165,""
"416","Joe Panik",NA,"2b",-3.04988009433326,-1.19614049498802,""
"417","Darin Ruf","Giants","1b, of",-3.05084788388623,-1.19880476269857,""
"418","Jesse Hahn","Royals","pitcher",1,-1.24,""
"419","Tanner Scott","Orioles","pitcher",1,-1.24,""
"420","Drew Rasmussen","Brewers","pitcher",1,-1.26,""
"421","Steven Brault","Pirates","pitcher",0.99,-1.28,""
"422","Grayson Greiner","Tigers","catcher",-3.08160191086246,-1.28346878990371,""
"423","Julian Merryweather","Blue Jays","pitcher",0.99,-1.29,""
"424","Jason Castro",NA,"catcher",-3.08759664223118,-1.29997193273054,""
"425","Eric Lauer","Brewers","pitcher",0.94,-1.4,""
"426","Joe Ross","Nationals","pitcher",0.92,-1.46,""
"427","Mark Mathias","Brewers","of",-3.15502163018482,-1.48558895839114,""
"428","Pablo Sandoval",NA,"1b, 3b",-3.16378154455897,-1.50970448737409,""
"429","Lewis Brinson","Marlins","of",-3.16481052505662,-1.51253721015587,""
"430","Martin Perez",NA,"pitcher",0.9,-1.52,""
"431","Magneuris Sierra","Marlins","of",-3.1777113068543,-1.54805230357535,""
"432","Tyler Heineman",NA,"catcher",-3.19793208438635,-1.6037189146636,""
"433","Michael Fulmer","Tigers","pitcher",0.86,-1.62,""
"434","Jorge Mateo","Padres","2b, of",-3.20543229978325,-1.62436656646212,""
"435","Mike Mayers","Angels","pitcher",0.85,-1.65,""
"436","Cole Hamels",NA,"pitcher",0.85,-1.66,""
"437","Curt Casali",NA,"catcher",-3.23061706542028,-1.69369874480407,""
"438","Zack Britton","Yankees","pitcher",0.84,-1.7,""
"439","Mike Brosseau","Rays","2b, 3b",-3.24155778189428,-1.72381789368541,""
"440","Cole Tucker","Pirates","of, ss",-3.24157586681701,-1.72386768041388,""
"441","Tanner Roark","Blue Jays","pitcher",0.82,-1.74,""
"442","Brock Holt",NA,"2b, of",-3.25459751842677,-1.75971552131605,""
"443","Austin Hedges","Indians","catcher",-3.28680037043567,-1.84836807861114,""
"444","Brent Suter","Brewers","pitcher",0.78,-1.85,""
"445","Daniel Hudson","Nationals","pitcher",0.78,-1.85,""
"446","Chad Wallach","Marlins","catcher",-3.288741065267,-1.85371069732327,""
"447","Steven Souza Jr.",NA,"of",-3.29250790829914,-1.86408059461175,""
"448","Justin Dunn","Mariners","pitcher",0.77,-1.87,""
"449","Trevor Larnach",NA,"of",-3.31114886121221,-1.91539804145479,""
"450","Billy Hamilton",NA,"of",-3.31173726212114,-1.91701787454525,""
"451","Tyler Stephenson","Reds","catcher, dh",-3.32188321803991,-1.9449490943687,""
"452","Gregory Soto","Tigers","pitcher",0.73,-1.98,""
"453","Jared Oliva","Pirates","of",-3.338563761985,-1.99086965064106,""
"454","Chase Anderson",NA,"pitcher",0.72,-2.01,""
"455","Garrett Stubbs","Astros","catcher, of",-3.35508250825696,-2.03634478743682,""
"456","Jake Arrieta",NA,"pitcher",0.71,-2.04,""
"457","Austin Dean","Cardinals","of",-3.36220526236999,-2.05595331052443,""
"458","Luis Guillorme","Mets","2b, 3b",-3.36734362570468,-2.07009892252817,""
"459","Joey Bart","Giants","catcher",-3.37583750651845,-2.09348207676844,""
"460","Joseph Palumbo","Rangers","pitcher",0.69,-2.1,""
"461","Robinson Chirinos",NA,"catcher",-3.38019794198053,-2.10548609909934,""
"462","Austin Barnes","Dodgers","catcher",-3.41018784688144,-2.1880465431795,""
"463","Kevin Plawecki","Red Sox","catcher",-3.43376302695394,-2.25294762714379,""
"464","Chris Flexen","Mariners","pitcher",0.63,-2.27,""
"465","Jon Lester",NA,"pitcher",0.62,-2.28,""
"466","Scott Barlow","Royals","pitcher",0.62,-2.28,""
"467","Logan Morrison",NA,"1b",-3.44360613089715,-2.28004511329334,""
"468","Kirby Yates",NA,"pitcher",0.62,-2.3,""
"469","Reynaldo Lopez","White Sox","pitcher",0.61,-2.31,""
"470","Shaun Anderson","Giants","pitcher",0.61,-2.33,""
"471","Trent Thornton","Blue Jays","pitcher",0.61,-2.33,""
"472","Tyler Duffey","Twins","pitcher",0.6,-2.35,""
"473","Alex Avila",NA,"catcher",-3.47338521923268,-2.36202519176997,""
"474","Derek Fisher","Blue Jays","of",-3.47570767427197,-2.36841877387812,""
"475","Joely Rodriguez","Rangers","pitcher",0.59,-2.37,""
"476","Corbin Martin","Diamondbacks","pitcher",0.58,-2.4,""
"477","Matt Duffy","Cubs","3b",-3.48794862100105,-2.40211738016761,""
"478","Kendall Graveman","Mariners","pitcher",0.57,-2.42,""
"479","Chad Green","Yankees","pitcher",0.56,-2.46,""
"480","Travis Blankenhorn","Twins","2b",-3.52712976480833,-2.50998076429588,""
"481","Evan Marshall","White Sox","pitcher",0.54,-2.51,""
"482","Jose Peraza",NA,"2b, ss",-3.53019723232837,-2.51842532193927,""
"483","Mike Ford","Yankees","1b, dh",-3.53163353896748,-2.52237938962811,""
"484","Ramon Urias","Orioles","2b, ss",-3.54069251169897,-2.54731820867717,""
"485","Sheldon Neuse","Athletics","2b",-3.54369366778214,-2.55558021483553,""
"486","Josh Palacios","Blue Jays","of",-3.55219500747689,-2.57898390293639,""
"487","Manny Pina","Brewers","catcher",-3.55524371169808,-2.58737680632176,""
"488","Jose Alvarado","Rays","pitcher",0.49,-2.64,""
"489","J.B. Wendelken","Athletics","pitcher",0.48,-2.67,""
"490","Jordan Lyles","Rangers","pitcher",0.47,-2.7,""
"491","Gio Gonzalez",NA,"pitcher",0.47,-2.7,""
"492","Erick Fedde","Nationals","pitcher",0.46,-2.74,""
"493","Joe Jimenez","Tigers","pitcher",0.46,-2.75,""
"494","Rafael Marchan","Phillies","catcher",-3.62035309841179,-2.7666191179807,""
"495","Tyrone Taylor","Brewers","of",-3.6223403888052,-2.7720900115343,""
"496","Ildemaro Vargas","Cubs","2b",-3.6454872585522,-2.83581198236724,""
"497","Anibal Sanchez",NA,"pitcher",0.42,-2.84,""
"498","Jacob Nottingham","Brewers","catcher",-3.65420600967039,-2.8598141913279,""
"499","Ehire Adrianza",NA,"3b, ss",-3.66281623278329,-2.88351762907401,""
"500","Anthony Misiewicz","Mariners","pitcher",0.4,-2.89,""
"501","Tyler Flowers",NA,"catcher",-3.67208709836514,-2.90903977667579,""
"502","Grant Holmes","Athletics","pitcher",0.39,-2.92,""
"503","Jakob Junis","Royals","pitcher",0.39,-2.92,""
"504","Abraham Almonte","Braves","of",-3.67739246571853,-2.92364514091926,""
"505","A.J. Minter","Braves","pitcher",0.39,-2.93,""
"506","Daniel Norris","Tigers","pitcher",0.39,-2.93,""
"507","Zach McKinstry","Dodgers","2b, dh, of",-3.68563781409809,-2.94634409998769,""
"508","Alex Jackson","Braves","catcher",-3.68813505468951,-2.95321885643937,""
"509","Seth Brown","Athletics","of",-3.71020225045876,-3.01396854832177,""
"510","Austin Adams","Padres","pitcher",0.34,-3.06,""
"511","Tim Lopes","Brewers","of",-3.72898641333281,-3.06568024376327,""
"512","Nick Heath","Royals","dh, of",-3.73613057376689,-3.08534769719357,""
"513","Jonah Heim","Athletics","catcher",-3.74699802302561,-3.11526514574111,""
"514","Anthony Bemboom","Angels","catcher",-3.75434703968412,-3.13549655630687,""
"515","Greg Allen","Padres","of",-3.75448538069369,-3.13587740096852,""
"516","Jon Jay",NA,"of",-3.76297581396616,-3.15925106433037,""
"517","Felix Pena","Angels","pitcher",0.3,-3.17,""
"518","Abraham Toro","Astros","3b",-3.7683050245481,-3.17392206757947,""
"519","Tony Wolters",NA,"catcher",-3.77168243144045,-3.18321987008313,""
"520","Daniel Ponce de Leon","Cardinals","pitcher",0.28,-3.24,""
"521","Ronald Guzman","Rangers","1b",-3.79674394257674,-3.2522127360348,""
"522","Brian O'Grady","Padres","of",-3.80469682655341,-3.27410655780585,""
"523","Homer Bailey",NA,"pitcher",0.26,-3.28,""
"524","Lane Thomas","Cardinals","of",-3.81404092362031,-3.29983030737827,""
"525","Eli White","Rangers","of",-3.82792706474434,-3.33805803706089,""
"526","Sam Selman","Giants","pitcher",0.24,-3.35,""
"527","Pierce Johnson","Padres","pitcher",0.23,-3.36,""
"528","Rowan Wick","Cubs","pitcher",0.23,-3.36,""
"529","Corey Knebel","Dodgers","pitcher",0.22,-3.39,""
"530","Ryan Brasier","Red Sox","pitcher",0.2,-3.44,""
"531","Ernie Clement","Indians","ss",-3.87049716104829,-3.45525100806235,""
"532","Kyle Holder","Phillies","ss",-3.87911165181826,-3.47896619441734,""
"533","Travis Demeritte","Tigers","of",-3.88198058042834,-3.48686418612038,""
"534","Tres Barrera","Nationals","catcher",-3.88790926950058,-3.50318551838984,""
"535","Michael Feliz","Pirates","pitcher",0.18,-3.52,""
"536","LaMonte Wade Jr.","Twins","of",-3.90127882081106,-3.5399911067034,""
"537","Jeff Hoffman","Reds","pitcher",0.16,-3.56,""
"538","Tyler Matzek","Braves","pitcher",0.15,-3.59,""
"539","Harold Ramirez","Marlins","of",-3.92892581307578,-3.61610165011452,""
"540","Nick Wittgren","Indians","pitcher",0.13,-3.64,""
"541","Ka'ai Tom","Athletics","of",-3.93844856351541,-3.64231722191302,""
"542","Jonathan Davis","Blue Jays","of",-3.94260626371043,-3.6537631259793,""
"543","Guillermo Heredia","Mets","of",-3.94276247224144,-3.65419315887643,""
"544","Codi Heuer","White Sox","pitcher",0.12,-3.66,""
"545","Miguel Andujar","Yankees","3b",-3.94505424478161,-3.66050227386938,""
"546","Yasmany Tomas",NA,"of",-3.94558929608236,-3.66197523862675,""
"547","Sergio Alcantara","Tigers","2b, 3b",-3.95320203489802,-3.68293266077807,""
"548","Will Harris","Nationals","pitcher",0.11,-3.71,""
"549","Cody Stashak","Twins","pitcher",0.11,-3.71,""
"550","Yairo Munoz",NA,"of, ss",-3.97152066505061,-3.73336277202167,""
"551","Tomas Nido","Mets","catcher",-3.98400286713111,-3.76772554010213,""
"552","Jasrado Chisholm","Marlins","2b, ss",-3.98853803268354,-3.78021058409352,""
"553","Cam Gallagher","Royals","catcher",-3.99446799167327,-3.79653541237111,""
"554","Trevor Williams",NA,"pitcher",0.07,-3.81,""
"555","Jake Rogers","Tigers","catcher",-4.00180415587258,-3.81673144087275,""
"556","Connor Brogdon","Phillies","pitcher",0.07,-3.82,""
"557","Steven Duggar","Giants","of",-4.00640801720164,-3.82940560029628,""
"558","Mychal Givens","Rockies","pitcher",0.06,-3.84,""
"559","Emmanuel Clase","Indians","pitcher",0.04,-3.88,""
"560","Austin Listi",NA,"of",-4.03484744686062,-3.90769767723983,""
"561","Adeiny Hechavarria",NA,"ss",-4.03964941452812,-3.92091721175978,""
"562","Enoli Paredes","Astros","pitcher",0.01,-3.97,""
"563","Matt Wieters",NA,"catcher",-4.08119273088903,-4.03528351797686,""
"564","Reese McGuire","Blue Jays","catcher",-4.08485122460204,-4.04535513596327,""
"565","Andrew Miller","Cardinals","pitcher",-0.02,-4.06,""
"566","Brent Honeywell Jr.","Rays","pitcher",-0.03,-4.09,""
"567","Kyle Wright","Braves","pitcher",-0.04,-4.11,""
"568","Ryan McBroom","Royals","1b, of",-4.10965431480879,-4.11363658429715,""
"569","James Hoyt","Marlins","pitcher",-0.05,-4.14,""
"570","Blake Treinen",NA,"pitcher",-0.05,-4.14,""
"571","C.J. Chatham","Red Sox","ss",-4.13258039568455,-4.17675073635511,""
"572","Ryan O'Hearn","Royals","1b",-4.13493111634368,-4.18322213205203,""
"573","Tyler Anderson",NA,"pitcher",-0.08,-4.21,""
"574","Mark Payton","Reds","of",-4.1472385176657,-4.21710368392676,""
"575","Chris Stratton","Pirates","pitcher",-0.08,-4.22,""
"576","Taylor Hearn","Rangers","pitcher",-0.08,-4.23,""
"577","Jarlin Garcia","Giants","pitcher",-0.09,-4.25,""
"578","Mike Fiers",NA,"pitcher",-0.1,-4.26,""
"579","Joey Lucchesi","Padres","pitcher",-0.1,-4.26,""
"580","Wyatt Mathisen","Diamondbacks","3b",-4.17494920749243,-4.29338958297918,""
"581","Colin Rea","Cubs","pitcher",-0.11,-4.3,""
"582","Alex Young","Diamondbacks","pitcher",-0.11,-4.31,""
"583","Phil Maton","Indians","pitcher",-0.12,-4.34,""
"584","Taylor Widener","Diamondbacks","pitcher",-0.14,-4.38,""
"585","Collin McHugh",NA,"pitcher",-0.14,-4.38,""
"586","Logan Forsythe",NA,"2b",-4.22301930151647,-4.42572372417475,""
"587","Mickey Moniak","Phillies","of",-4.23017988225632,-4.44543638174093,""
"588","Ryan Borucki","Blue Jays","pitcher",-0.16,-4.45,""
"589","Dellin Betances","Mets","pitcher",-0.17,-4.46,""
"590","Khalil Lee","Royals","of",-4.2465219628347,-4.49042516827437,""
"591","Blake Taylor","Astros","pitcher",-0.19,-4.53,""
"592","Adam Ottavino","Yankees","pitcher",-0.2,-4.54,""
"593","Ronald Torreyes",NA,"2b, 3b, ss",-4.27420770825959,-4.56664239685583,""
"594","Franklin Barreto","Angels","2b, ss",-4.28210668669239,-4.58838781983552,""
"595","Kyle McGowin","Nationals","pitcher",-0.21,-4.59,""
"596","Nick Gordon","Twins","ss",-4.28462826754893,-4.5953295836053,""
"597","Jordy Mercer","Yankees","ss",-4.28926288948042,-4.60808842515787,""
"598","Willians Astudillo","Twins","catcher",-4.30646968654813,-4.65545772532075,""
"599","Matt Andriese","Red Sox","pitcher",-0.24,-4.66,""
"600","Connor Seabold","Red Sox","pitcher",-0.27,-4.73,""
"601","Ty Buttrey","Angels","pitcher",-0.27,-4.74,""
"602","Aramis Garcia","Rangers","1b, catcher",-4.33720893800012,-4.74008107637682,""
"603","Matt Strahm","Padres","pitcher",-0.28,-4.77,""
"604","Nate Orf","Athletics","2b, ss",-4.34845238755432,-4.77103363162014,""
"605","Justin Williams","Cardinals","of",-4.35986176207444,-4.80244296853434,""
"606","Austin Voth","Nationals","pitcher",-0.3,-4.82,""
"607","Nick Margevicius","Mariners","pitcher",-0.3,-4.82,""
"608","Antonio Senzatela","Rockies","pitcher",-0.3,-4.82,""
"609","Joakim Soria",NA,"pitcher",-0.3,-4.82,""
"610","Luis Campusano","Padres","dh",-4.37047688476959,-4.83166577689511,""
"611","Neil Walker",NA,"1b, 2b",-4.38197734600253,-4.86332587017168,""
"612","Jake McGee",NA,"pitcher",-0.32,-4.89,""
"613","Zack Collins","White Sox","catcher, dh",-4.40920661116863,-4.93828643545247,""
"614","David Robertson",NA,"pitcher",-0.34,-4.94,""
"615","Miguel Castro","Mets","pitcher",-0.35,-4.95,""
"616","Bobby Bradley","Indians","1b, dh",-4.4147455282332,-4.95353474831258,""
"617","Keone Kela","Pirates","pitcher",-0.35,-4.97,""
"618","Jaylin Davis","Giants","of",-4.42940122038866,-4.99388100671703,""
